order_id,order_date,customer_id,country,brand,model,price,quantity,discount,payment_method,rating,returned
ORD-102299,2024-01-14,CUST-35686,USA,Google,Pixel 8 Pro,1143.62,2.0,0.295,Credit Card,4.1,True
ORD-103771,06-12-2024,CUST-71869,USA,XIAOMI,Xiaomi 14,321.57,1.0,0.085,COD,5.0,False
ORD-100033,,CUST-66700,Brazil,google,Pixel 8,1343.59,4.0,0.037,UPI,,False
ORD-101244,2024-06-20,CUST-88663,India,Google,Pixel 7a,0.0,2.0,0.005,COD,3.6,1
ORD-103050,07/02/2022,CUST-49643,U.S.A,Google,Pixel 8,1234.47,2.0,0.374,UPI,2.3,True
ORD-102240,12/18/2023,CUST-85246,USA,Sony,Xperia 5 V,1091.61,2.0,0.011,PayPal,,yes
ORD-104137,21-07-2023,CUST-99721,Canada,oneplus,OnePlus 11,1097.97,2.0,0.372,Debit Card,3.9,yes
ORD-104078,13-08-2022,CUST-47786,Japan,OnePlus,OnePlus 11,244.38,1.0,0.342,Bank Transfer,2.3,True
ORD-102440,2022-04-01,CUST-23400,india ,APPLE,iPhone 14,695.75,2.0,0.372,PayPal,4.3,True
ORD-101912,27-07-2022,CUST-74296,Brazil,Apple,iPhone 15,,1.0,0.304,PayPal,3.0,1
ORD-104292,10-05-2022,CUST-53106,Germany,Apple,iPhone 15 Pro,513.89,1.0,0.382,Debit Card,1.4,True
ORD-103978,2023-11-23,CUST-51163,Canada,Xiaomi,Redmi Note 13,429.25,5.0,0.034,UPI,5.5,True
ORD-100497,03-06-2023,CUST-85524,Canada,XIAOMI,Redmi Note 13,521.42,1.0,0.322,PayPal,4.4,True
ORD-102699,01/30/2022,CUST-24608,Brazil,ONEPLUS,OnePlus Nord 3,1366.19,5.0,0.263,PayPal,4.9,yes
ORD-104989,2022-04-04,CUST-95935,India,Samsung,Galaxy Z Fold 5,305.85,4.0,0.221,Bank Transfer,4.2,
ORD-104517,07/10/2022,CUST-88664,UK,oneplus,OnePlus 11,218.43,1.0,0.238,UPI,4.6,True
ORD-101451,11/06/2023,CUST-27110,Australia,Xiaomi,Redmi 12,1115.73,3.0,0.001,UPI,3.8,no
ORD-102990,05/25/2022,CUST-40902,India,Google,Pixel 7a,538.12,4.0,0.117,Debit Card,2.2,True
ORD-102943,24-12-2022,CUST-35499,USA,Apple,iPhone SE,1338.15,1.0,,Bank Transfer,3.1,False
ORD-100927,04/17/2024,CUST-11020,Australia,Apple,iPhone 14,1046.63,5.0,0.033,COD,2.7,False
ORD-101323,2023-10-17,CUST-23718,UK,samsung,Galaxy S24,691.42,4.0,0.07,UPI,4.8,False
ORD-104894,2022-05-29,CUST-66976,Singapore,,iPhone SE,1036.57,5.0,0.236,UPI,3.7,False
ORD-102099,23-09-2023,CUST-22851,Singapore,Motorola,Moto G53,599.54,4.0,0.131,COD,3.5,0
ORD-100731,2023-11-08,CUST-25775,U.K.,Samsung,Galaxy A54,,999.0,0.359,UPI,4.3,False
ORD-100838,2024-08-13,CUST-93445,india ,,Galaxy Z Fold 5,480.07,3.0,0.245,Credit Card,2.3,1
ORD-102846,27-08-2022,CUST-20972,Singapore,Sony,Xperia 1 V,767.4,4.0,0.084,UPI,1.8,False
ORD-101992,18-11-2022,CUST-48112,U.K.,OnePlus,OnePlus Nord 3,1465.35,1.0,0.047,Debit Card,3.8,1
ORD-102900,19-07-2023,CUST-19763,Australia,SAMSUNG,Galaxy S24,957.82,5.0,0.095,PayPal,2.9,False
ORD-100626,,CUST-62011,France,xiaomi,POCO F5,754.95,5.0,0.113,Credit Card,4.2,
ORD-101541,2023-02-09,CUST-53681,france,Apple,iPhone 15 Pro,1223.37,1.0,0.382,PayPal,1.4,1
ORD-102509,2024-08-07,CUST-70103,Singapore,Sony,Xperia 1 V,1104.55,5.0,0.024,Bank Transfer,3.4,1
ORD-100538,21-05-2023,CUST-17341,USA,Apple,iPhone SE,265.92,4.0,,UPI,1.5,False
ORD-103690,30-07-2022,CUST-74628,Singapore,GOOGLE,Pixel 8,1147.3,5.0,0.07,COD,,False
ORD-102944,2022-08-27,CUST-22746,Australia,Samsung,Galaxy S24,1374.44,2.0,0.075,Debit Card,4.6,False
ORD-103817,05/14/2024,CUST-14069,Australia,OnePlus,OnePlus 11,1069.93,4.0,0.002,COD,3.4,False
ORD-103861,2024-11-09,CUST-11575,Canada,Google,Pixel 8,609.75,3.0,0.141,,2.4,False
ORD-103399,02/09/2023,CUST-50359,India,OnePlus,OnePlus 12,237.63,5.0,0.134,COD,1.7,False
ORD-102880,23-02-2024,CUST-39349,france,Samsung,Galaxy S24,891.61,3.0,0.043,PayPal,3.2,True
ORD-102436,26-02-2024,CUST-10983,France,APPLE,iPhone SE,842.81,1.0,0.117,Debit Card,,False
ORD-101769,05/14/2023,CUST-78285,Brazil,OnePlus,OnePlus 11,506.56,2.0,0.324,Credit Card,2.7,1
ORD-100023,19-06-2022,CUST-87180,Australia,GOOGLE,Pixel 8 Pro,662.27,2.0,0.38,PayPal,2.9,1
ORD-102394,15-04-2022,CUST-50363,Canada,Motorola,Moto G84,1182.93,2.0,0.069,UPI,1.0,True
ORD-101200,14-07-2024,CUST-27946,France,OnePlus,OnePlus 11,477.08,5.0,0.073,Bank Transfer,4.9,False
ORD-100812,09-11-2023,CUST-16214,Brazil,Sony,Xperia 10 V,449.2,3.0,0.358,PayPal,3.9,False
ORD-101173,02/04/2022,CUST-41448,Australia,Sony,Xperia 10 V,700.98,4.0,0.039,UPI,1.2,False
ORD-100501,05/02/2024,CUST-45271,Canada,samsung,Galaxy Z Fold 5,668.58,3.0,0.262,Credit Card,2.8,False
ORD-102634,2023-08-06,CUST-46223,Japan,Samsung,Galaxy Z Fold 5,1365.89,4.0,0.281,PayPal,,False
ORD-104794,10/29/2022,CUST-65646,,OnePlus,,1239.08,4.0,0.037,COD,2.5,False
ORD-103142,03/17/2024,CUST-55189,France,Sony,Xperia 1 V,181.48,,0.298,UPI,1.7,False
ORD-100465,16-11-2023,CUST-45058,Australia,Google,Pixel 8,327.75,4.0,0.258,Credit Card,4.9,False
ORD-101840,2024-10-23,CUST-50908,India,Motorola,Moto G84,267.51,2.0,0.151,Debit Card,4.1,False
ORD-103295,2022-02-26,CUST-84870,Brazil,Google,Pixel 8 Pro,1364.54,4.0,0.059,Debit Card,3.7,1
ORD-103931,2023-10-09,CUST-85897,,Motorola,Edge 40 Pro,526.94,4.0,0.091,Debit Card,1.2,False
ORD-103647,01/08/2023,CUST-38397,Japan,XIAOMI,Redmi 12,1204.77,1.0,0.078,UPI,1.9,False
ORD-103571,06/05/2022,CUST-70650,GERMANY,Apple,iPhone 15 Pro,620.66,2.0,0.179,UPI,1.7,no
ORD-100879,2024-05-24,CUST-14370,UK,GOOGLE,Pixel 8,806.78,5.0,0.319,Debit Card,1.7,yes
ORD-101383,2023-05-26,CUST-39407,USA,Sony,Xperia 5 V,513.16,3.0,0.219,PayPal,4.6,False
ORD-103664,2022-05-15,CUST-11565,UK,APPLE,iPhone 15,853.92,3.0,0.186,PayPal,3.8,yes
ORD-100106,10/07/2024,CUST-35438,,Xiaomi,Redmi Note 13,469.08,2.0,0.078,UPI,4.6,0
ORD-101397,02/08/2023,CUST-40509,FRANCE,OnePlus,OnePlus 12,1217.07,4.0,0.166,UPI,4.6,0
ORD-102746,20-01-2023,CUST-27449,U.K.,Samsung,Galaxy A54,1259.66,5.0,0.28,PayPal,1.5,False
ORD-102145,04/04/2022,CUST-64811,UK,Xiaomi,POCO F5,299.45,3.0,0.324,Debit Card,4.3,False
ORD-101344,2024-05-24,CUST-27097,Singapore,google,Pixel 8,191.79,4.0,0.339,COD,2.2,False
ORD-102186,01/20/2024,CUST-75438,germany,Samsung,Galaxy Z Fold 5,1299.49,1.0,0.339,COD,4.5,False
ORD-104328,28-02-2023,CUST-50703,Germany,OnePlus,OnePlus 11,1024.24,5.0,0.072,PayPal,1.0,True
ORD-103336,03/19/2024,CUST-19324,Australia,Motorola,Edge 40 Pro,1131.45,4.0,0.063,Debit Card,2.8,1
ORD-101652,10-08-2024,CUST-19778,Germany,,iPhone 15,706.17,2.0,0.175,PayPal,4.6,False
ORD-101961,21-11-2022,CUST-76672,India,Google,Pixel 7a,1181.71,4.0,0.159,Bank Transfer,1.7,False
ORD-100733,07-11-2024,CUST-73768,USA,OnePlus,OnePlus 11,707.37,2.0,0.082,COD,3.4,True
ORD-102138,05/01/2023,CUST-29663,USA,Sony,Xperia 1 V,924.9,3.0,0.319,PayPal,3.9,True
ORD-101057,13-05-2022,CUST-77025,Australia,Motorola,Moto G53,724.77,5.0,0.146,Debit Card,3.2,1
ORD-104635,22-07-2023,CUST-52957,uk,OnePlus,OnePlus 11,1057.89,5.0,0.042,UPI,2.3,0
ORD-100711,05-01-2022,CUST-57522,germany,Samsung,Galaxy S24,1128.03,,0.38,UPI,4.1,yes
ORD-103702,30-01-2023,CUST-55527,United States,Apple,iPhone 14,763.44,3.0,0.1,Credit Card,3.1,False
ORD-100239,12/08/2023,CUST-53515,Singapore,Samsung,Galaxy A54,909.99,2.0,0.046,COD,2.4,False
ORD-100065,08/18/2022,CUST-74737,France,SAMSUNG,Galaxy Z Fold 5,682.03,5.0,0.274,Debit Card,4.8,True
ORD-100776,2024-10-27,CUST-83087,India,Xiaomi,Redmi 12,1191.13,4.0,0.247,UPI,4.0,True
ORD-100410,19-09-2024,CUST-14906,Canada,apple,iPhone 15 Pro,236.86,4.0,0.352,Credit Card,2.3,False
ORD-100530,06/01/2023,CUST-54164,India,,,1026.79,1.0,0.389,Debit Card,2.3,False
ORD-102146,2024-02-25,CUST-58325,India,Sony,Xperia 10 V,841.86,2.0,0.325,Debit Card,,False
ORD-100589,,CUST-19432,FRANCE,xiaomi,POCO F5,1009.93,3.0,0.006,UPI,4.6,False
ORD-102692,02/18/2024,CUST-79418,USA,OnePlus,OnePlus Nord 3,340.8,,0.158,UPI,3.1,True
ORD-103135,08/04/2023,CUST-55014,UK,Samsung,Galaxy S23,985.06,4.0,,,1.7,True
ORD-103638,03/01/2022,CUST-82599,Brazil,Sony,Xperia 5 V,904.69,2.0,0.14,Debit Card,4.9,1
ORD-103905,08/18/2024,CUST-17566,Australia,samsung,Galaxy S23,822.7,4.0,0.314,Debit Card,3.9,1
ORD-102759,10/12/2022,CUST-70872,France,Xiaomi,POCO F5,948.91,3.0,0.004,Credit Card,3.3,yes
ORD-101615,2022-12-21,CUST-23315,UK,OnePlus,OnePlus Nord 3,919.39,4.0,0.391,COD,5.0,1
ORD-102414,20-12-2024,CUST-44921,India,Motorola,Edge 40 Pro,945.54,-1.0,0.151,Debit Card,3.3,False
ORD-104879,20-11-2023,CUST-99920,Canada,Motorola,Moto G84,772.77,1.0,0.078,Credit Card,3.9,False
ORD-104127,01/24/2023,CUST-48307,France,Sony,,1281.93,4.0,0.001,Credit Card,4.8,True
ORD-100561,23-12-2023,CUST-33268,Germany,Xiaomi,Redmi Note 13,1258.6,4.0,0.355,UPI,3.8,0
ORD-100084,2023-03-02,CUST-26004,Germany,Sony,Xperia 1 V,1273.35,5.0,0.3,PayPal,3.0,False
ORD-104629,2022-01-14,CUST-85296,Canada,ONEPLUS,OnePlus Nord 3,1243.52,5.0,0.393,UPI,1.4,yes
ORD-103105,2023-12-18,CUST-18945,USA,xiaomi,Redmi Note 13,1431.11,3.0,0.057,Debit Card,4.1,False
ORD-102534,2022-08-11,CUST-72407,uk,samsung,Galaxy S23,244.6,5.0,0.335,Bank Transfer,4.6,0
ORD-102144,2022-05-11,CUST-26080,USA,Sony,Xperia 1 V,828.78,3.0,0.275,Bank Transfer,1.1,False
ORD-101526,2024-01-30,CUST-74614,Japan,XIAOMI,Xiaomi 14,1377.05,4.0,,Bank Transfer,3.1,False
ORD-103247,04/10/2024,CUST-20754,France,Samsung,Galaxy S24,783.64,1.0,0.026,Bank Transfer,2.0,False
ORD-100734,20-09-2024,CUST-23916,,Apple,iPhone 15 Pro,251.51,3.0,0.351,Credit Card,2.1,False
ORD-101362,16-03-2022,CUST-61745,Japan,Apple,iPhone 15 Pro,288.28,2.0,0.154,Credit Card,1.4,False
ORD-103534,17-05-2023,CUST-89438,Canada,OnePlus,OnePlus Nord 3,1491.58,5.0,0.051,PayPal,1.6,False
ORD-100486,19-04-2023,CUST-90883,Canada,OnePlus,OnePlus Nord 3,1172.77,1.0,0.241,PayPal,1.7,yes
ORD-101504,13-08-2022,CUST-50428,france,Sony,Xperia 10 V,835.08,5.0,0.153,Debit Card,4.6,False
ORD-103298,2022-08-06,CUST-71620,France,Apple,iPhone 15,1305.02,4.0,0.112,PayPal,4.9,False
ORD-103450,2024-07-10,CUST-39701,Singapore,google,Pixel 8,669.37,5.0,0.166,Credit Card,2.7,no
ORD-104451,07-07-2022,CUST-93560,UK,Samsung,Galaxy S24,320.12,4.0,0.132,COD,3.7,yes
ORD-103164,06/22/2022,CUST-68232,Brazil,OnePlus,OnePlus 12,1463.57,,0.053,Bank Transfer,4.8,True
ORD-102972,2024-07-04,CUST-54386,india,Samsung,Galaxy S23,800.25,1.0,0.086,COD,4.2,no
ORD-101438,11/05/2022,CUST-91820,Australia,APPLE,iPhone 15,902.71,1.0,0.397,Bank Transfer,1.2,False
ORD-100179,02/05/2024,CUST-31302,INDIA,Samsung,Galaxy S24,1002.69,5.0,0.287,UPI,2.3,False
ORD-101128,09/04/2023,CUST-37074,,Apple,iPhone 14,474.74,1.0,0.074,Debit Card,1.7,False
ORD-100079,11/29/2024,CUST-66292,UK,Sony,Xperia 5 V,584.98,4.0,0.253,UPI,2.0,False
ORD-102584,06/26/2022,CUST-98502,USA,Samsung,Galaxy S24,686.91,5.0,0.121,PayPal,4.9,False
ORD-101909,11/24/2022,CUST-42075,Germany,Samsung,Galaxy S23,911.86,0.0,0.018,COD,4.2,False
ORD-102771,07/26/2022,CUST-53944,Germany,apple,iPhone 15,719.57,4.0,0.108,Credit Card,4.5,True
ORD-104872,18-04-2022,CUST-23395,UK,,Galaxy A54,905.26,3.0,0.184,Bank Transfer,3.4,1
ORD-103103,04/19/2024,CUST-25994,Brazil,Sony,Xperia 5 V,180.99,5.0,0.269,Debit Card,1.1,False
ORD-102945,14-07-2024,CUST-12701,USA,Samsung,Galaxy A54,1488.42,3.0,0.349,COD,0.0,False
ORD-100199,2022-12-16,CUST-31490,Singapore,xiaomi,Redmi 12,680.95,,0.213,Credit Card,4.2,False
ORD-102135,2022-05-29,CUST-50572,Brazil,apple,iPhone SE,862.12,2.0,0.357,Credit Card,4.9,True
ORD-100279,01/26/2023,CUST-94587,france,Samsung,Galaxy S24,1409.51,4.0,0.371,Bank Transfer,1.5,1
ORD-100907,2023-03-13,CUST-73359,Japan,xiaomi,Redmi 12,212.81,4.0,0.07,Debit Card,1.6,False
ORD-103408,10/29/2024,CUST-89579,India,google,Pixel 8,766.09,4.0,0.369,Debit Card,4.9,
ORD-101144,02-04-2024,CUST-27478,uk,GOOGLE,Pixel 8,393.24,3.0,0.357,UPI,3.1,False
ORD-100426,05/29/2024,CUST-40957,Canada,google,Pixel 8,982.0,5.0,0.35,UPI,3.1,True
ORD-101204,22-08-2024,CUST-95862,Canada,Samsung,Galaxy Z Fold 5,567.38,4.0,0.185,Credit Card,1.2,no
ORD-101454,08/05/2024,CUST-86890,FRANCE,Sony,Xperia 1 V,1347.83,5.0,0.124,Debit Card,2.2,
ORD-102678,2022-04-29,CUST-25866,India,Google,Pixel 7a,1475.77,5.0,0.32,Bank Transfer,4.2,
ORD-102927,03/06/2023,CUST-71688,Canada,oneplus,OnePlus 11,1212.16,1.0,0.076,UPI,3.9,False
ORD-102213,2024-07-24,CUST-60506,France,SAMSUNG,Galaxy S23,,2.0,0.168,Bank Transfer,3.9,False
ORD-100157,05/31/2023,CUST-19742,FRANCE,ONEPLUS,OnePlus 12,422.84,2.0,0.371,COD,3.1,False
ORD-102492,2022-11-17,CUST-65121,Inda,Sony,Xperia 5 V,1162.06,4.0,0.188,Credit Card,4.1,yes
ORD-104176,12-01-2022,CUST-55301,Japan,Samsung,Galaxy Z Fold 5,416.4,5.0,0.3,PayPal,2.8,no
ORD-104576,01/09/2022,CUST-73573,Germany,Sony,Xperia 10 V,515.03,5.0,0.032,Credit Card,3.7,1
ORD-104150,06/15/2024,CUST-88408,germany,APPLE,iPhone SE,945.89,,,COD,3.6,no
ORD-100228,07/10/2024,CUST-83735,France,OnePlus,OnePlus 11,1390.76,1.0,0.386,Bank Transfer,1.2,True
ORD-103200,2023-02-11,CUST-34083,USA,Samsung,Galaxy A54,1045.58,2.0,0.18,PayPal,2.0,False
ORD-100926,2023-11-17,CUST-97565,India,Apple,iPhone 15,355.93,3.0,0.065,COD,3.2,False
ORD-104295,02/23/2022,CUST-47835,india,Google,Pixel 8,1049.4,5.0,0.308,Bank Transfer,,0
ORD-101620,25-12-2024,CUST-89687,India,,Xperia 5 V,1383.63,2.0,0.191,PayPal,1.1,0
ORD-100029,02-08-2023,CUST-98795,Japan,Apple,iPhone 14,548.72,4.0,0.121,COD,4.1,False
ORD-104013,2022-07-08,CUST-42381,Germany,ONEPLUS,OnePlus 11,461.21,1.0,0.098,PayPal,2.7,False
ORD-101055,23-03-2023,CUST-95502,Germany,OnePlus,OnePlus 11,1290.31,1.0,0.366,Bank Transfer,4.5,True
ORD-104002,18-04-2024,CUST-31373,Germany,apple,iPhone SE,965.76,4.0,0.362,Bank Transfer,1.1,True
ORD-100468,14-06-2022,CUST-16158,Japan,Samsung,Galaxy S23,1157.46,2.0,0.06,UPI,4.5,False
ORD-102157,2024-07-05,CUST-13250,,,Galaxy S24,1397.05,3.0,0.283,PayPal,1.3,yes
ORD-100670,29-07-2024,CUST-92905,Canada,xiaomi,Redmi 12,964.22,2.0,0.139,COD,2.3,1
ORD-104343,2023-10-30,CUST-70742,India,oneplus,OnePlus 11,1260.36,5.0,0.025,COD,3.3,False
ORD-104154,31-02-2023,CUST-28306,Brazil,apple,iPhone 14,256.77,1.0,0.259,Credit Card,3.1,True
ORD-101482,15-08-2024,CUST-71525,India,ONEPLUS,OnePlus 12,,2.0,0.043,Debit Card,3.4,False
ORD-101427,08/08/2023,CUST-86888,Canada,samsung,Galaxy Z Fold 5,890.32,1.0,0.288,PayPal,4.5,
ORD-103024,2023-09-25,CUST-72426,Japan,Motorola,Moto G84,1010.77,4.0,0.048,Debit Card,2.4,0
ORD-102610,09-02-2022,CUST-36321,India,OnePlus,OnePlus 12,294.43,5.0,0.025,Bank Transfer,4.8,no
ORD-100151,23-12-2024,CUST-12004,UK,xiaomi,Redmi Note 13,603.98,1.0,0.181,Bank Transfer,,False
ORD-100655,2024-04-10,CUST-23494,Singapore,Apple,,954.54,2.0,0.036,PayPal,2.6,1
ORD-102803,28-05-2022,CUST-31330,India,APPLE,iPhone SE,644.41,1.0,0.28,Bank Transfer,4.7,yes
ORD-102517,02-04-2022,CUST-12399,Canada,APPLE,iPhone 14,499.6,5.0,0.369,COD,2.3,True
ORD-100240,28-02-2023,CUST-37159,France,Xiaomi,POCO F5,200.36,1.0,0.226,Bank Transfer,1.3,True
ORD-100624,03/06/2024,CUST-46789,Japan,oneplus,OnePlus 11,707.21,4.0,0.272,Bank Transfer,4.2,True
ORD-104053,28-02-2022,CUST-14301,Brazil,OnePlus,,1189.07,5.0,0.187,Debit Card,3.9,True
ORD-104100,02-01-2022,CUST-68444,UK,Motorola,Moto G53,1399.32,5.0,0.3,UPI,4.8,True
ORD-100333,2024-05-27,CUST-79349,UK,Motorola,Moto G53,846.23,1.0,0.046,COD,2.7,False
ORD-104047,03/26/2022,CUST-60261,Brazil,Motorola,Moto G84,1470.08,5.0,0.384,Debit Card,2.4,yes
ORD-104463,10/06/2022,CUST-46443,Germany,APPLE,iPhone 14,816.59,1.0,0.154,Credit Card,1.3,1
ORD-103257,19-05-2024,CUST-23845,Japan,oneplus,OnePlus 11,402.58,3.0,0.232,PayPal,4.4,False
ORD-100168,2024-07-27,CUST-63174,Brazil,samsung,Galaxy A54,1311.46,3.0,,Debit Card,1.8,False
ORD-103116,05-03-2024,CUST-12027,Singapore,google,Pixel 8,1195.94,5.0,0.368,UPI,3.8,False
ORD-104528,10/23/2024,CUST-24625,Japan,oneplus,OnePlus 12,842.7,5.0,0.248,Credit Card,2.4,1
ORD-104552,01/07/2024,CUST-24658,,OnePlus,OnePlus 11,911.93,2.0,0.265,PayPal,3.3,False
ORD-100599,03/23/2024,CUST-99119,Singapore,Motorola,Moto G53,185.26,1.0,,UPI,2.2,False
ORD-100296,05-10-2023,CUST-15924,Canada,APPLE,iPhone 15,382.69,3.0,0.219,Credit Card,2.8,0
ORD-102291,10/05/2023,CUST-58385,germany,xiaomi,POCO F5,651.21,,0.349,UPI,2.2,yes
ORD-101714,10/24/2022,CUST-73816,Brazil,Google,Pixel 8,839.62,1.0,0.14,Credit Card,4.3,yes
ORD-104648,2022-09-05,CUST-91344,France,Sony,Xperia 5 V,1202.05,4.0,0.318,Debit Card,2.1,False
ORD-104974,19-11-2023,CUST-52830,INDIA,Sony,Xperia 10 V,792.85,1.0,0.03,,1.5,False
ORD-104481,05-09-2022,CUST-58615,Singapore,Apple,iPhone SE,99999.0,3.0,0.241,Credit Card,2.2,False
ORD-103360,2024-11-30,CUST-28204,Japan,SAMSUNG,Galaxy A54,598.96,5.0,0.394,Credit Card,1.0,yes
ORD-101174,06/29/2022,CUST-42119,USA,Apple,iPhone 15 Pro,1033.1,5.0,0.313,PayPal,2.7,False
ORD-104917,2024-04-03,CUST-23147,India,apple,iPhone 15 Pro,1114.26,2.0,0.219,COD,2.2,True
ORD-103864,06/17/2022,CUST-46225,France,Sony,Xperia 10 V,306.08,2.0,0.326,COD,2.6,True
ORD-100810,01/29/2024,CUST-56832,Japan,Samsung,Galaxy A54,814.03,2.0,0.385,Bank Transfer,3.1,1
ORD-101351,09/24/2023,CUST-37687,Brazil,Xiaomi,Xiaomi 14,253.84,2.0,0.153,Debit Card,2.2,0
ORD-101972,,CUST-50636,UK,OnePlus,OnePlus Nord 3,1447.45,1.0,0.128,Bank Transfer,2.4,True
ORD-103372,11-09-2023,CUST-28108,France,ONEPLUS,OnePlus 12,645.86,2.0,0.069,UPI,1.1,0
ORD-101553,05-05-2024,CUST-30477,Germany,Samsung,Galaxy S24,502.54,4.0,0.311,UPI,4.0,no
ORD-100553,16-11-2023,CUST-41812,,Samsung,Galaxy S23,546.34,3.0,0.008,Debit Card,1.1,False
ORD-101519,24-06-2024,CUST-10374,USA,Google,Pixel 8,187.78,3.0,0.354,Credit Card,1.4,0
ORD-101876,2023-11-20,CUST-20008,Japan,Apple,iPhone 15,386.26,4.0,0.375,Bank Transfer,2.5,False
ORD-101420,03/23/2023,CUST-99694,Germany,Sony,Xperia 10 V,556.82,4.0,0.001,UPI,2.2,False
ORD-104240,01-11-2024,CUST-84309,Germany,Xiaomi,Xiaomi 14,1149.11,3.0,0.137,Bank Transfer,4.3,
ORD-100763,2022-06-28,CUST-61519,Singapore,Apple,iPhone 15 Pro,-999.0,5.0,0.077,Bank Transfer,4.6,False
ORD-102520,05-05-2024,CUST-93160,france,xiaomi,Xiaomi 14,227.69,3.0,0.331,PayPal,3.0,1
ORD-100721,02/07/2023,CUST-61857,France,apple,iPhone 15 Pro,965.36,5.0,0.21,COD,2.0,True
ORD-101375,10-04-2023,CUST-99618,Japan,samsung,Galaxy S23,246.06,2.0,0.059,UPI,4.7,False
ORD-100681,01-09-2022,CUST-50224,Australia,samsung,Galaxy A54,158.58,5.0,0.397,Debit Card,1.6,no
ORD-102232,2022-11-22,CUST-57551,India,Xiaomi,Redmi 12,1078.76,4.0,0.332,Bank Transfer,1.5,no
ORD-104326,08-05-2023,CUST-16161,UK,Samsung,,762.21,1.0,0.046,PayPal,4.2,
ORD-102915,31-01-2023,CUST-17065,Australia,Motorola,Edge 40 Pro,617.06,5.0,0.032,Credit Card,0.0,yes
ORD-103901,04/07/2024,CUST-50551,Brazil,ONEPLUS,OnePlus 12,359.24,4.0,0.202,UPI,4.6,yes
ORD-101538,2024-02-16,CUST-40442,USA,XIAOMI,Redmi Note 13,629.84,2.0,0.127,Credit Card,5.0,0
ORD-102045,03-06-2024,CUST-98165,Australia,,Pixel 7a,1076.35,4.0,0.383,PayPal,2.3,1
ORD-102067,03/12/2023,CUST-24625,Germany,ONEPLUS,OnePlus Nord 3,463.8,2.0,0.279,Bank Transfer,3.2,True
ORD-101593,14-06-2024,CUST-85817,Japan,apple,iPhone 14,203.8,2.0,0.008,Credit Card,1.8,False
ORD-102700,07/20/2023,CUST-60668,,Xiaomi,Redmi 12,1316.75,1.0,0.212,COD,2.7,False
ORD-100227,03-12-2023,CUST-43652,UK,Xiaomi,Redmi Note 13,605.6,5.0,0.107,Credit Card,1.5,False
ORD-103954,03/03/2022,CUST-14288,Singapore,xiaomi,POCO F5,1132.43,1.0,0.288,PayPal,4.2,0
ORD-100544,09-01-2022,CUST-34009,Japan,Samsung,Galaxy Z Fold 5,1361.09,3.0,0.068,Debit Card,4.7,no
ORD-104008,06-08-2022,CUST-50106,India,oneplus,OnePlus 12,1296.37,3.0,0.103,Debit Card,4.9,1
ORD-103729,15-03-2022,CUST-99840,Australia,OnePlus,OnePlus Nord 3,1330.1,5.0,0.269,UPI,4.1,True
ORD-103226,06-10-2022,CUST-66731,Australia,apple,iPhone SE,1350.71,1.0,0.343,UPI,4.0,0
ORD-103248,29-04-2022,CUST-50919,Australia,Xiaomi,Xiaomi 14,,3.0,0.265,PayPal,3.0,True
ORD-102164,01/02/2024,CUST-58889,USA,Google,Pixel 8 Pro,1278.89,5.0,0.318,Bank Transfer,1.2,False
ORD-102748,2024-03-15,CUST-19989,UK,Xiaomi,Redmi Note 13,797.9,,0.198,Credit Card,2.3,0
ORD-100764,08/01/2023,CUST-72723,USA,Google,Pixel 7a,1404.88,2.0,0.39,Credit Card,4.8,False
ORD-102276,08-01-2024,CUST-97132,Canada,oneplus,OnePlus 12,1391.52,3.0,0.084,,1.3,no
ORD-102240,12/18/2023,CUST-85246,USA,Sony,Xperia 5 V,1091.61,2.0,0.011,PayPal,,yes
ORD-100248,2023-07-22,CUST-94142,Singapore,XIAOMI,POCO F5,939.94,1.0,0.278,Debit Card,1.5,False
ORD-104827,02-10-2024,CUST-69445,Australia,SAMSUNG,,1264.54,2.0,0.311,Debit Card,4.4,no
ORD-101242,14-01-2023,CUST-63412,USA,Apple,,902.65,1.0,0.181,Debit Card,1.8,False
ORD-100811,12/26/2023,CUST-29635,Canada,Sony,,1382.34,4.0,0.112,Debit Card,1.9,1
ORD-104141,30-09-2022,CUST-93655,Singapore,Sony,Xperia 10 V,509.34,5.0,0.101,Bank Transfer,1.4,1
ORD-102311,27-06-2024,CUST-19499,Australia,Sony,Xperia 1 V,1465.78,3.0,0.14,UPI,5.0,True
ORD-103892,01/16/2023,CUST-62380,FRANCE,GOOGLE,Pixel 8,572.58,5.0,0.011,COD,4.7,True
ORD-100996,,CUST-27743,Germany,google,Pixel 8 Pro,1028.64,4.0,0.178,Debit Card,2.8,False
ORD-102775,05/08/2024,CUST-34200,Brazil,samsung,Galaxy S24,1447.89,1.0,0.277,COD,3.1,True
ORD-104386,2024-08-09,CUST-45221,UK,Google,Pixel 7a,447.87,5.0,0.299,Credit Card,4.5,0
ORD-103215,29-06-2024,CUST-23182,France,OnePlus,OnePlus 11,240.61,1.0,0.158,Bank Transfer,4.2,True
ORD-101158,12/02/2022,CUST-83811,Canada,Samsung,Galaxy A54,1067.83,2.0,0.362,UPI,1.7,1
ORD-104325,,CUST-50347,USA,oneplus,OnePlus 12,646.97,3.0,0.165,UPI,1.2,False
ORD-102663,2023-03-02,CUST-49966,Canada,SAMSUNG,Galaxy S23,1446.24,1.0,0.068,Credit Card,1.4,False
ORD-101117,08-08-2022,CUST-81586,U.K.,OnePlus,OnePlus 11,1029.79,2.0,0.186,UPI,1.8,False
ORD-101049,2024-11-13,CUST-30458,Singapore,GOOGLE,Pixel 8 Pro,591.27,3.0,0.334,PayPal,4.2,False
ORD-104198,08/16/2024,CUST-87425,France,Apple,iPhone 15 Pro,715.79,5.0,0.078,COD,1.7,no
ORD-101231,04-09-2022,CUST-98266,Canada,google,Pixel 8 Pro,1277.87,4.0,0.314,UPI,3.0,False
ORD-100677,11/23/2022,CUST-43097,Brazil,Samsung,Galaxy S23,589.24,3.0,0.231,Credit Card,2.6,False
ORD-102992,07/03/2022,CUST-71822,USA,Apple,iPhone SE,246.03,2.0,0.066,Bank Transfer,4.3,yes
ORD-100080,31-12-2024,CUST-38443,Australia,Google,Pixel 8,798.81,4.0,0.116,Credit Card,3.3,yes
ORD-103221,2022-02-12,CUST-88445,U.K.,APPLE,iPhone 15 Pro,1209.67,4.0,0.393,UPI,3.7,yes
ORD-102447,2022-08-29,CUST-14514,UK,Motorola,Moto G53,1329.84,5.0,0.264,Debit Card,4.3,yes
ORD-100800,11-09-2022,CUST-20840,U.S.A,GOOGLE,Pixel 8,730.54,1.0,0.211,Bank Transfer,2.7,True
ORD-101609,12/30/2024,CUST-81384,GERMANY,Sony,Xperia 1 V,1380.73,3.0,0.189,PayPal,2.3,yes
ORD-104444,13-05-2023,CUST-50849,India,oneplus,OnePlus 12,1280.0,5.0,0.366,UPI,2.3,1
ORD-100555,12/21/2023,CUST-12164,Japan,Apple,iPhone 15 Pro,885.98,5.0,0.287,Credit Card,4.5,True
ORD-104399,18-06-2023,CUST-26928,USA,Apple,iPhone 15 Pro,838.79,2.0,0.259,Credit Card,,0
ORD-104966,2022-09-05,CUST-11266,usa,Samsung,Galaxy A54,1059.63,5.0,0.119,COD,3.0,False
ORD-103975,09-04-2024,CUST-66272,Germany,XIAOMI,Redmi Note 13,483.93,3.0,0.328,Bank Transfer,2.2,False
ORD-103340,04/04/2024,CUST-76374,UK,Motorola,Edge 40 Pro,1331.29,5.0,0.22,Debit Card,3.6,False
ORD-103615,2023-07-02,CUST-91639,Germany,Motorola,Moto G84,1170.19,1.0,0.265,PayPal,3.4,False
ORD-104414,10/31/2022,CUST-34976,Singapore,oneplus,OnePlus Nord 3,1063.91,3.0,0.339,,4.2,no
ORD-101391,2024-10-08,CUST-43348,Singapore,Sony,Xperia 5 V,1171.91,1.0,0.229,PayPal,3.9,0
ORD-100088,28-03-2023,CUST-92608,Germany,oneplus,OnePlus 12,448.07,5.0,0.227,Bank Transfer,4.3,True
ORD-104968,09/21/2023,CUST-24327,Canada,oneplus,OnePlus 12,1423.58,2.0,0.136,PayPal,2.5,False
ORD-102209,2022-06-10,CUST-25315,FRANCE,Xiaomi,POCO F5,968.65,4.0,0.291,Bank Transfer,1.2,False
ORD-100008,06/28/2022,CUST-17132,USA,APPLE,iPhone SE,931.94,3.0,0.288,Credit Card,3.5,0
ORD-103707,2023-07-15,CUST-68854,United States,Google,Pixel 7a,1359.1,2.0,0.354,Bank Transfer,1.3,False
ORD-101756,03-04-2022,CUST-18808,India,Samsung,Galaxy A54,791.73,1.0,0.133,PayPal,2.3,False
ORD-102458,02/04/2024,CUST-58285,India,SAMSUNG,Galaxy S24,1395.79,2.0,0.071,PayPal,4.9,yes
ORD-102998,2023-01-26,CUST-17514,USA,Samsung,Galaxy A54,1393.91,2.0,0.399,Bank Transfer,3.4,False
ORD-101221,2024-03-25,CUST-85728,UK,oneplus,OnePlus 11,582.05,3.0,0.245,Credit Card,3.2,1
ORD-101744,26-09-2022,CUST-80384,U.S.A,SAMSUNG,Galaxy S23,827.65,4.0,1.609,COD,1.8,
ORD-104916,07/23/2023,CUST-77521,Singapore,XIAOMI,POCO F5,810.27,5.0,0.237,COD,4.1,False
ORD-100144,2024-07-30,CUST-37325,,Apple,iPhone 14,1372.96,1.0,0.34,UPI,3.5,1
ORD-103755,2022-08-20,CUST-50693,Singapore,GOOGLE,Pixel 8 Pro,470.59,2.0,0.111,COD,4.9,False
ORD-103071,02/24/2024,CUST-46361,Japan,Xiaomi,Xiaomi 14,1283.18,3.0,0.264,COD,2.6,False
ORD-101477,2023-01-30,CUST-72480,Brazil,Apple,iPhone 14,1372.14,4.0,0.144,PayPal,2.3,no
ORD-101468,26-09-2023,CUST-78571,USA,Sony,Xperia 10 V,1008.36,1.0,0.073,UPI,3.9,False
ORD-102607,2024-05-26,CUST-61782,Canada,Xiaomi,,,5.0,0.2,PayPal,1.4,False
ORD-102201,12/18/2024,CUST-65058,germany,Sony,Xperia 5 V,1281.52,5.0,0.103,Bank Transfer,4.4,True
ORD-100798,2024-12-17,CUST-35087,Singapore,Motorola,Edge 40 Pro,397.34,2.0,0.041,PayPal,,1
ORD-104788,09/17/2024,CUST-32537,France,apple,iPhone SE,1326.15,4.0,0.299,COD,2.0,1
ORD-101892,06/12/2024,CUST-31667,Canada,OnePlus,OnePlus 12,1426.14,4.0,0.193,Debit Card,3.2,True
ORD-102787,26-01-2024,CUST-40511,France,ONEPLUS,OnePlus 11,1120.55,3.0,0.162,PayPal,1.8,0
ORD-100746,2022-03-16,CUST-74966,india ,apple,iPhone SE,1005.87,2.0,0.388,PayPal,1.9,False
ORD-104393,05/14/2022,CUST-47637,Singapore,XIAOMI,POCO F5,931.28,4.0,0.078,COD,3.6,False
ORD-104319,04/25/2024,CUST-62140,USA,Sony,Xperia 5 V,1490.46,1.0,0.319,Debit Card,1.5,False
ORD-102389,11/19/2023,CUST-52892,Singapore,google,Pixel 7a,288.98,1.0,0.104,PayPal,1.6,True
ORD-100100,01/01/2024,CUST-75744,USA,Sony,Xperia 5 V,370.57,1.0,0.016,UPI,3.1,False
ORD-103919,,CUST-25670,Germany,GOOGLE,Pixel 7a,262.08,-1.0,0.33,COD,3.7,1
ORD-101813,2023-02-06,CUST-70895,France,Samsung,Galaxy S23,1346.04,5.0,,PayPal,,False
ORD-103386,2023-06-08,CUST-20728,Brazil,Apple,iPhone 15,595.52,,0.169,PayPal,1.3,yes
ORD-100705,2022-06-03,CUST-55806,Canada,APPLE,iPhone 15 Pro,1105.09,5.0,0.382,UPI,3.1,yes
ORD-104919,09-10-2022,CUST-58612,Australia,Xiaomi,Redmi 12,197.67,4.0,0.278,PayPal,,False
ORD-104834,04/08/2024,CUST-57738,Canada,apple,iPhone 15,1149.44,4.0,0.286,COD,1.1,False
ORD-101934,01/01/2022,CUST-79408,France,oneplus,OnePlus 11,694.4,4.0,0.4,,1.9,False
ORD-102836,25-01-2024,CUST-67467,Australia,Google,Pixel 7a,1193.2,4.0,0.174,Credit Card,3.3,False
ORD-100505,,CUST-13006,UK,Sony,Xperia 5 V,369.13,,0.393,Bank Transfer,3.8,0
ORD-102753,2022-12-29,CUST-42426,Singapore,XIAOMI,POCO F5,953.61,5.0,0.027,PayPal,2.6,1
ORD-102110,06-06-2024,CUST-67677,Australia,SAMSUNG,,738.91,1.0,0.219,Credit Card,1.8,1
ORD-100416,02-01-2024,CUST-65600,UK,,Redmi 12,717.98,5.0,0.105,UPI,1.2,True
ORD-102154,28-08-2022,CUST-61521,UK,apple,iPhone SE,1332.61,1.0,0.352,UPI,2.6,False
ORD-104277,16-06-2024,CUST-47589,Singapore,google,Pixel 8 Pro,280.94,2.0,0.246,UPI,3.2,False
ORD-103413,15-11-2022,CUST-97167,Australia,Sony,Xperia 10 V,860.23,2.0,0.025,UPI,,False
ORD-102473,12-05-2024,CUST-64896,Brazil,,OnePlus 11,312.26,5.0,0.263,Debit Card,2.1,False
ORD-104539,07-05-2024,CUST-60303,Canada,Google,Pixel 8,217.59,2.0,0.073,Debit Card,,yes
ORD-101183,06/28/2023,CUST-62103,Singapore,Samsung,Galaxy S24,754.07,3.0,,Bank Transfer,1.4,False
ORD-100889,11-04-2024,CUST-15438,INDIA,Xiaomi,Xiaomi 14,978.12,,0.138,PayPal,1.8,False
ORD-104166,22-01-2022,CUST-80310,India,apple,iPhone 15 Pro,1486.05,2.0,0.202,COD,3.3,False
ORD-103379,10/18/2024,CUST-68607,Canada,samsung,Galaxy Z Fold 5,795.33,3.0,0.316,Debit Card,3.1,True
ORD-102925,17-11-2024,CUST-82645,Singapore,XIAOMI,Redmi 12,1203.62,0.0,0.345,PayPal,2.3,False
ORD-104936,07/14/2023,CUST-11796,Germany,oneplus,OnePlus Nord 3,527.51,,0.157,PayPal,3.3,False
ORD-102742,2024-02-25,CUST-80536,India,Google,Pixel 8 Pro,1005.05,4.0,,Credit Card,2.4,0
ORD-102354,04/03/2022,CUST-66254,Japan,Apple,iPhone 15,887.31,1.0,0.214,COD,1.3,False
ORD-104899,03-09-2024,CUST-46824,Canada,Apple,iPhone 15 Pro,1262.59,2.0,0.18,Bank Transfer,1.8,0
ORD-104445,2024-04-18,CUST-52739,Germany,OnePlus,OnePlus 11,,1.0,0.143,Bank Transfer,2.8,1
ORD-103838,07/24/2024,CUST-25127,France,Apple,iPhone 15 Pro,260.98,3.0,0.035,UPI,0.0,yes
ORD-100691,01-08-2024,CUST-59342,Japan,Xiaomi,Redmi 12,180.69,3.0,0.139,PayPal,3.7,
ORD-100297,2024-03-31,CUST-13870,Australia,Apple,iPhone 14,1428.29,1.0,0.192,Debit Card,,0
ORD-100683,05/07/2023,CUST-45127,Singapore,google,Pixel 8,816.4,4.0,0.15,PayPal,2.9,0
ORD-101741,2023-11-22,CUST-44326,United Kingdom,Motorola,Moto G53,1134.56,4.0,0.315,COD,4.4,False
ORD-102337,12/28/2022,CUST-24333,Brazil,Xiaomi,Xiaomi 14,415.65,2.0,0.073,COD,3.3,True
ORD-104657,2022-02-20,CUST-45389,India,XIAOMI,Xiaomi 14,538.03,3.0,0.391,COD,2.9,no
ORD-103053,2022-12-11,CUST-80268,France,xiaomi,Xiaomi 14,939.34,4.0,0.051,,2.2,1
ORD-100230,23-05-2022,CUST-71295,Australia,OnePlus,OnePlus 11,365.31,5.0,0.065,Bank Transfer,2.3,False
ORD-100422,08/20/2022,CUST-79892,UK,Sony,Xperia 10 V,1076.15,3.0,0.399,Bank Transfer,1.4,True
ORD-104704,2023-07-09,CUST-33371,France,OnePlus,OnePlus 12,964.34,5.0,0.004,,1.2,True
ORD-104907,02/01/2024,CUST-46996,Singapore,google,Pixel 7a,1224.72,5.0,0.048,UPI,4.6,False
ORD-103388,2024-11-27,CUST-69036,india ,GOOGLE,Pixel 8 Pro,985.19,3.0,0.354,Debit Card,4.7,0
ORD-101215,2024-04-11,CUST-22406,U.K.,Sony,,456.86,1.0,0.067,COD,2.8,False
ORD-102034,13-06-2022,CUST-48225,Australia,APPLE,iPhone 15,433.53,1.0,0.195,Bank Transfer,2.8,0
ORD-104830,2024-05-15,CUST-17992,,Sony,Xperia 10 V,427.95,4.0,0.237,COD,4.6,1
ORD-101905,2022-07-19,CUST-20949,Germany,,Redmi 12,1082.43,1.0,0.375,Credit Card,4.9,True
ORD-103482,2024-06-28,CUST-82776,Brazil,GOOGLE,Pixel 8 Pro,877.0,0.0,0.212,Debit Card,3.9,True
ORD-101432,,CUST-30654,Canada,xiaomi,Xiaomi 14,275.07,,0.351,PayPal,3.4,False
ORD-102823,2024-08-03,CUST-66912,Japan,Apple,iPhone 15,1415.57,2.0,0.296,UPI,3.1,yes
ORD-100877,,CUST-32629,Singapore,Google,Pixel 8 Pro,,,0.141,PayPal,1.7,True
ORD-102078,15-01-2022,CUST-82063,Canada,Samsung,Galaxy Z Fold 5,983.95,3.0,0.179,Bank Transfer,2.3,False
ORD-101505,2023-11-24,CUST-62773,UK,oneplus,OnePlus Nord 3,1288.64,4.0,,COD,1.4,False
ORD-100765,07/01/2023,CUST-74489,UK,SAMSUNG,Galaxy Z Fold 5,814.52,3.0,0.189,PayPal,2.9,1
ORD-102644,2022-07-11,CUST-96679,Australia,Google,Pixel 8 Pro,830.54,2.0,0.134,UPI,3.9,0
ORD-102662,2024-07-19,CUST-83095,Singapore,OnePlus,OnePlus Nord 3,1392.35,5.0,0.147,UPI,1.1,False
ORD-103758,2023-06-03,CUST-72053,France,Apple,iPhone 15,1289.36,3.0,0.21,Debit Card,1.6,no
ORD-100642,2024-04-26,CUST-65634,Canada,Apple,iPhone 14,496.33,1.0,0.131,COD,1.1,False
ORD-104094,01/02/2024,CUST-59538,Japan,Samsung,Galaxy S24,1109.83,2.0,0.299,COD,1.8,False
ORD-104796,05-10-2024,CUST-22480,U.S.A,OnePlus,OnePlus 11,1481.08,2.0,0.241,Debit Card,1.1,False
ORD-103770,05/06/2022,CUST-78272,India,Sony,Xperia 10 V,1244.59,2.0,0.169,Debit Card,4.1,False
ORD-100842,2022-04-05,CUST-80501,France,XIAOMI,Redmi 12,604.82,4.0,0.348,PayPal,4.4,False
ORD-101736,2024-11-14,CUST-83184,Singapore,OnePlus,OnePlus Nord 3,487.48,4.0,0.055,COD,1.4,no
ORD-103353,2024-06-28,CUST-82775,UK,Apple,iPhone 14,321.16,2.0,0.025,Debit Card,4.0,no
ORD-103407,03/13/2023,CUST-82119,Singapore,Xiaomi,POCO F5,511.17,3.0,0.208,COD,3.4,False
ORD-101893,03-11-2024,CUST-72487,India,Apple,iPhone 14,755.01,3.0,0.045,,4.5,False
ORD-101025,09-04-2024,CUST-54278,Japan,Apple,iPhone 15,752.62,3.0,0.05,Credit Card,4.3,False
ORD-100373,30-10-2024,CUST-31666,Japan,Samsung,Galaxy S23,904.05,1.0,0.11,Credit Card,3.2,True
ORD-102648,07/21/2023,CUST-56570,Brazil,Google,Pixel 8 Pro,394.04,3.0,0.328,UPI,3.0,True
ORD-100429,20-07-2024,CUST-56743,USA,Samsung,Galaxy Z Fold 5,234.43,3.0,0.03,Bank Transfer,3.9,False
ORD-101261,30-05-2022,CUST-81568,Australia,Motorola,Moto G53,538.56,1.0,0.331,PayPal,2.6,False
ORD-100969,2024-03-29,CUST-45111,Germany,Apple,iPhone 14,1308.37,3.0,0.051,PayPal,1.4,True
ORD-100149,22-01-2023,CUST-14263,Japan,apple,iPhone SE,168.59,4.0,0.158,COD,2.5,0
ORD-101260,06/23/2023,CUST-45260,Brazil,ONEPLUS,OnePlus Nord 3,1141.88,5.0,0.016,COD,5.0,False
ORD-104972,13-06-2022,CUST-84519,Japan,Sony,Xperia 10 V,867.46,5.0,0.399,Debit Card,3.1,True
ORD-102804,05-12-2022,CUST-73102,France,Motorola,Moto G53,456.55,4.0,0.039,COD,5.0,
ORD-104467,29-04-2024,CUST-69921,Brazil,Samsung,Galaxy Z Fold 5,544.24,4.0,0.015,Bank Transfer,2.9,True
ORD-102057,14-06-2023,CUST-85065,Germany,Samsung,Galaxy S23,1125.55,3.0,0.105,Bank Transfer,2.9,True
ORD-100491,10/19/2024,CUST-81321,Germany,SAMSUNG,Galaxy Z Fold 5,247.18,2.0,0.125,UPI,5.0,1
ORD-104932,13-05-2022,CUST-86189,Germany,xiaomi,POCO F5,290.85,0.0,0.078,Debit Card,1.6,False
ORD-102384,2024-11-12,CUST-60658,Japan,SAMSUNG,Galaxy Z Fold 5,1180.23,3.0,0.052,COD,2.8,1
ORD-100012,03/02/2022,CUST-97763,Singapore,Samsung,,1241.13,2.0,0.206,Credit Card,4.7,True
ORD-100093,14-12-2022,CUST-20379,Brazil,Xiaomi,POCO F5,928.75,1.0,,Credit Card,3.0,True
ORD-103366,11-01-2024,CUST-20733,Canada,Google,Pixel 7a,581.13,5.0,0.144,Credit Card,2.3,True
ORD-104211,05-05-2022,CUST-70938,Australia,Xiaomi,Xiaomi 14,549.6,1.0,0.312,COD,2.1,False
ORD-102016,21-06-2022,CUST-60389,Canada,Apple,iPhone SE,1492.18,3.0,0.15,Bank Transfer,4.8,no
ORD-103816,2024-07-03,CUST-55041,Brazil,SAMSUNG,Galaxy Z Fold 5,774.67,5.0,0.12,Credit Card,4.4,False
ORD-104439,02-08-2023,CUST-57900,USA,GOOGLE,Pixel 8 Pro,514.89,4.0,0.036,Credit Card,3.9,False
ORD-104001,11/04/2023,CUST-26608,france,Google,Pixel 7a,312.58,2.0,0.292,Bank Transfer,1.5,1
ORD-103747,2022-11-17,CUST-13622,GERMANY,,Xperia 5 V,964.37,5.0,0.382,Debit Card,4.8,
ORD-101220,2023-06-04,CUST-77786,Germany,Sony,Xperia 5 V,1480.91,2.0,0.052,PayPal,2.8,no
ORD-103661,03/16/2023,CUST-88453,Germany,Motorola,Edge 40 Pro,606.33,1.0,0.324,PayPal,2.0,True
ORD-102379,,CUST-33959,Germany,Samsung,Galaxy Z Fold 5,390.44,4.0,0.158,COD,3.5,no
ORD-101094,17-06-2023,CUST-14962,Australia,Google,Pixel 8 Pro,1289.2,4.0,0.047,PayPal,3.4,1
ORD-100881,07-12-2023,CUST-74326,Australia,Google,Pixel 8,1051.22,2.0,0.297,Bank Transfer,3.9,False
ORD-104096,07/25/2023,CUST-90846,,Xiaomi,Redmi 12,449.13,3.0,0.33,UPI,3.5,True
ORD-103184,2024-04-22,CUST-89600,Germany,SAMSUNG,Galaxy Z Fold 5,,5.0,0.098,UPI,4.0,True
ORD-102053,12-03-2023,CUST-54704,Japan,GOOGLE,Pixel 7a,338.23,5.0,0.139,PayPal,3.3,False
ORD-101632,08/10/2023,CUST-68168,Germany,Apple,iPhone 15,791.3,4.0,0.088,UPI,1.5,0
ORD-103282,05/20/2023,CUST-92356,Japan,Samsung,Galaxy Z Fold 5,1399.15,5.0,0.37,PayPal,1.4,False
ORD-102765,2024-03-17,CUST-75326,Brazil,ONEPLUS,OnePlus 11,441.87,5.0,0.32,Credit Card,2.3,False
ORD-102721,,CUST-65175,Brazil,SAMSUNG,Galaxy S23,1258.2,5.0,0.336,COD,4.4,False
ORD-100831,23-10-2022,CUST-15557,UK,GOOGLE,Pixel 8 Pro,825.73,4.0,0.185,Debit Card,3.0,1
ORD-102562,06/08/2022,CUST-41481,Germany,Apple,iPhone 15 Pro,1274.29,1.0,0.01,,4.0,False
ORD-101630,11/13/2023,CUST-22312,USA,OnePlus,OnePlus 12,767.96,5.0,0.118,UPI,4.4,no
ORD-101534,2024-07-14,CUST-32893,UK,,Xiaomi 14,1486.69,5.0,0.399,COD,1.8,False
ORD-104927,03/07/2023,CUST-15393,USA,Apple,iPhone 14,245.68,1.0,0.112,Debit Card,2.0,False
ORD-102812,02-07-2024,CUST-19149,Japan,oneplus,OnePlus 12,918.94,2.0,0.104,COD,3.2,yes
ORD-102827,2022-01-12,CUST-53216,India,ONEPLUS,OnePlus 11,362.4,4.0,0.151,PayPal,4.7,1
ORD-101966,06/10/2022,CUST-74680,Germany,Samsung,Galaxy S23,1144.61,4.0,0.199,Credit Card,1.2,False
ORD-100393,12/02/2022,CUST-48286,FRANCE,Sony,,1316.15,3.0,0.059,Bank Transfer,4.7,no
ORD-104626,13-04-2024,CUST-36802,Brazil,Google,Pixel 7a,,3.0,0.362,Debit Card,4.4,1
ORD-103433,03/08/2022,CUST-75645,USA,APPLE,iPhone 15 Pro,435.33,5.0,0.33,Credit Card,2.7,
ORD-103326,16-03-2023,CUST-24117,Singapore,Xiaomi,Redmi 12,524.71,5.0,0.078,Bank Transfer,1.6,yes
ORD-100132,22-12-2022,CUST-72016,U.K.,Apple,iPhone SE,565.34,3.0,0.118,UPI,2.2,0
ORD-103008,2023-02-02,CUST-91603,UK,OnePlus,OnePlus 12,242.6,4.0,0.118,COD,1.2,0
ORD-101945,2023-03-22,CUST-83638,Canada,XIAOMI,Xiaomi 14,1310.97,3.0,0.162,,1.1,True
ORD-103754,2024-10-10,CUST-27083,Brazil,Google,Pixel 8,985.72,3.0,0.14,Debit Card,4.7,True
ORD-101305,07/02/2022,CUST-69861,Canada,,Moto G53,598.88,5.0,0.021,UPI,1.4,yes
ORD-100485,03/04/2023,CUST-85587,france,OnePlus,OnePlus 11,741.53,3.0,0.201,Debit Card,4.6,1
ORD-103077,25-08-2023,CUST-84852,Singapore,Xiaomi,Xiaomi 14,407.88,,0.3,Credit Card,-1.0,no
ORD-104768,04-02-2024,CUST-75210,USA,Samsung,Galaxy Z Fold 5,710.78,5.0,0.333,Bank Transfer,1.2,False
ORD-104593,2022-12-17,CUST-77295,INDIA,,Pixel 8 Pro,195.53,5.0,0.178,COD,4.6,False
ORD-100805,24-07-2022,CUST-80151,uk,apple,iPhone 14,476.58,5.0,0.273,UPI,2.2,True
ORD-100287,01/18/2022,CUST-11798,USA,XIAOMI,Redmi 12,342.31,5.0,0.209,Credit Card,3.5,True
ORD-104379,2024-12-31,CUST-69741,Canada,Apple,iPhone 15 Pro,299.15,,0.354,PayPal,1.8,False
ORD-103230,01-03-2023,CUST-67969,Canada,SAMSUNG,Galaxy Z Fold 5,433.35,2.0,0.112,Bank Transfer,3.4,True
ORD-104063,2024-03-02,CUST-64586,France,apple,iPhone 15,1358.32,2.0,0.167,COD,4.2,False
ORD-102739,2022-01-06,CUST-73691,UK,Samsung,Galaxy S24,1204.05,2.0,0.293,Bank Transfer,1.1,True
ORD-101056,2024-11-21,CUST-91681,USA,Apple,iPhone 15,758.35,4.0,0.213,UPI,3.2,no
ORD-101718,06/24/2022,CUST-36432,Australia,samsung,Galaxy Z Fold 5,551.26,4.0,0.277,Bank Transfer,2.6,True
ORD-104280,24-12-2022,CUST-50561,Brazil,Google,Pixel 8 Pro,,1.0,0.298,COD,3.0,0
ORD-101044,2022-02-12,CUST-50788,France,APPLE,iPhone 15 Pro,1072.75,,0.16,Bank Transfer,3.6,no
ORD-104303,14-10-2023,CUST-15447,UK,OnePlus,OnePlus Nord 3,852.0,3.0,,Debit Card,,yes
ORD-104977,2022-02-27,CUST-50743,UK,SAMSUNG,Galaxy Z Fold 5,1241.69,4.0,0.222,Credit Card,2.1,False
ORD-103464,01-05-2022,CUST-38225,Singapore,OnePlus,OnePlus Nord 3,1170.65,3.0,0.331,UPI,1.1,False
ORD-101723,05/14/2024,CUST-77733,Singapore,xiaomi,POCO F5,1175.14,4.0,0.188,PayPal,2.5,yes
ORD-103830,12/28/2022,CUST-25344,USA,Apple,iPhone SE,1497.55,2.0,0.294,PayPal,2.4,1
ORD-103807,2024-11-19,CUST-63828,Canada,OnePlus,OnePlus Nord 3,665.36,1.0,0.394,COD,2.9,False
ORD-100472,08/06/2024,CUST-48895,Singapore,oneplus,OnePlus 11,1467.92,3.0,0.128,,3.4,False
ORD-103220,0000-00-00,CUST-81360,USA,Sony,Xperia 1 V,510.47,3.0,0.237,UPI,4.9,
ORD-103197,01/15/2023,CUST-16139,India,OnePlus,OnePlus Nord 3,1365.06,3.0,0.225,COD,3.0,yes
ORD-100109,09-06-2024,CUST-25198,France,Samsung,Galaxy A54,240.2,5.0,0.255,Debit Card,4.9,False
ORD-102892,07/22/2023,CUST-35382,Singapore,SAMSUNG,,1330.86,4.0,0.099,COD,3.6,False
ORD-100471,2023-11-09,CUST-21614,Japan,,OnePlus 11,426.03,1.0,0.117,Credit Card,3.8,1
ORD-101773,07-07-2022,CUST-27756,,apple,iPhone 15,966.32,4.0,0.045,Bank Transfer,1.5,False
ORD-102346,02/03/2023,CUST-35284,Canada,,Redmi Note 13,1259.99,-1.0,0.243,PayPal,3.7,True
ORD-100577,2024-06-04,CUST-31889,Brazil,XIAOMI,POCO F5,1425.85,2.0,0.236,Credit Card,2.0,no
ORD-101946,2022-03-19,CUST-28446,Brazil,OnePlus,OnePlus 12,1127.17,1.0,0.039,UPI,1.0,0
ORD-102191,,CUST-35289,UK,oneplus,OnePlus Nord 3,1293.52,5.0,0.001,COD,4.0,True
ORD-103749,10/04/2022,CUST-40040,Singapore,Sony,Xperia 5 V,1192.33,5.0,0.044,PayPal,3.6,False
ORD-104245,11-01-2022,CUST-91738,India,Apple,iPhone 15,719.41,1.0,0.326,Debit Card,3.9,False
ORD-104799,19-06-2022,CUST-97768,Singapore,,iPhone SE,1439.05,3.0,0.015,Debit Card,3.6,False
ORD-104126,14-10-2023,CUST-79544,UK,Google,Pixel 8,692.49,4.0,0.054,UPI,3.3,False
ORD-104348,2023-04-08,CUST-45581,India,OnePlus,OnePlus Nord 3,1258.64,1.0,0.133,Debit Card,3.7,0
ORD-101964,10-05-2023,CUST-16262,Germany,Motorola,Edge 40 Pro,775.97,5.0,0.068,UPI,3.0,False
ORD-103129,11-12-2022,CUST-92543,Canada,xiaomi,Xiaomi 14,994.19,1.0,0.326,COD,1.9,False
ORD-104323,19-12-2023,CUST-12473,Singapore,Samsung,Galaxy S23,1158.05,1.0,0.108,Debit Card,3.9,1
ORD-102842,04/22/2023,CUST-96833,Japan,APPLE,iPhone 14,991.5,2.0,,,4.7,True
ORD-103259,2023-12-15,CUST-28876,GERMANY,Motorola,Moto G84,283.23,5.0,0.261,COD,3.2,False
ORD-102405,16-10-2023,CUST-84164,India,google,Pixel 8 Pro,1224.57,5.0,0.388,UPI,2.7,False
ORD-101270,07/22/2022,CUST-62922,Singapore,SAMSUNG,Galaxy A54,653.59,3.0,0.345,PayPal,3.9,False
ORD-102063,2023-09-20,CUST-90335,usa,samsung,Galaxy Z Fold 5,684.88,3.0,0.201,UPI,3.5,1
ORD-101032,28-12-2024,CUST-26666,France,Google,Pixel 8,456.79,2.0,0.372,PayPal,4.5,False
ORD-101983,10/12/2024,CUST-27845,Canada,Apple,iPhone 15 Pro,638.36,2.0,0.224,Debit Card,1.1,False
ORD-102755,01/10/2022,CUST-87342,Australia,xiaomi,Xiaomi 14,1043.99,4.0,0.242,UPI,1.1,no
ORD-100751,2022-06-03,CUST-70836,Germany,google,Pixel 8,906.97,4.0,0.043,COD,4.6,False
ORD-102242,17-08-2023,CUST-81635,france,Motorola,Moto G53,1223.16,1.0,0.305,UPI,,False
ORD-100586,07-01-2024,CUST-16971,USA,apple,iPhone 15,1085.34,,0.068,COD,2.2,yes
ORD-102834,17-07-2024,CUST-80980,UK,xiaomi,Xiaomi 14,738.73,5.0,0.065,Credit Card,3.2,True
ORD-102572,2023-03-11,CUST-21112,Singapore,Motorola,Moto G84,1268.4,5.0,0.177,Credit Card,4.6,0
ORD-101878,16-07-2024,CUST-25744,Singapore,Sony,Xperia 10 V,1313.41,3.0,0.193,PayPal,3.2,0
ORD-102399,13-01-2022,CUST-80191,France,samsung,Galaxy Z Fold 5,1455.71,1.0,0.243,Credit Card,4.0,True
ORD-102968,28-09-2022,CUST-39208,Singapore,Google,Pixel 8 Pro,724.77,2.0,0.141,Bank Transfer,4.4,False
ORD-103745,,CUST-43940,INDIA,ONEPLUS,OnePlus 12,,2.0,0.015,Credit Card,1.5,False
ORD-101212,2023-01-07,CUST-61531,France,Motorola,Edge 40 Pro,1289.84,1.0,0.029,Credit Card,2.7,1
ORD-101539,2022-03-22,CUST-24521,Australia,ONEPLUS,OnePlus 11,384.18,,0.07,Bank Transfer,3.4,False
ORD-100414,2023-05-03,CUST-98381,Brazil,OnePlus,OnePlus Nord 3,,3.0,0.284,PayPal,3.8,1
ORD-101932,2024-09-04,CUST-24293,Singapore,GOOGLE,Pixel 7a,1149.08,4.0,0.374,Bank Transfer,3.9,1
ORD-103313,05/14/2022,CUST-50020,USA,XIAOMI,Redmi 12,507.76,,0.324,UPI,3.4,True
ORD-101187,11/19/2022,CUST-54195,Japan,Motorola,Edge 40 Pro,1108.58,4.0,0.358,COD,4.1,1
ORD-102305,31-05-2024,CUST-20458,Germany,Sony,Xperia 1 V,408.72,1.0,0.396,Bank Transfer,1.2,yes
ORD-101197,01/30/2024,CUST-71788,Germany,Xiaomi,Redmi 12,1430.42,1.0,0.022,COD,4.1,1
ORD-100437,16-02-2023,CUST-51837,UK,Google,Pixel 7a,1227.2,3.0,0.117,Debit Card,1.0,no
ORD-104711,12/14/2023,CUST-93345,Canada,Google,Pixel 7a,156.87,3.0,0.086,Credit Card,4.1,0
ORD-100807,08/29/2024,CUST-70976,India,Apple,iPhone 15 Pro,-999.0,5.0,0.261,UPI,2.5,False
ORD-101471,04/23/2024,CUST-67904,Singapore,Sony,Xperia 5 V,1166.85,4.0,0.284,COD,3.7,True
ORD-100290,17-03-2023,CUST-38341,Japan,Xiaomi,POCO F5,867.42,2.0,0.199,COD,2.4,False
ORD-103835,05/29/2024,CUST-25339,Singapore,SAMSUNG,Galaxy A54,587.29,1.0,0.18,Credit Card,3.0,False
ORD-101448,2022-03-23,CUST-19473,india,google,Pixel 8 Pro,441.73,5.0,0.118,Credit Card,1.5,no
ORD-100252,16-07-2022,CUST-99783,,samsung,Galaxy S24,987.03,4.0,0.344,PayPal,3.6,False
ORD-103550,01/27/2023,CUST-86627,,Xiaomi,Redmi 12,416.18,3.0,0.103,Credit Card,0.0,False
ORD-103951,2022-07-16,CUST-65587,uk,Google,Pixel 8,175.14,3.0,0.098,Credit Card,1.5,0
ORD-100350,10/22/2024,CUST-44209,France,Sony,Xperia 10 V,432.72,3.0,0.029,UPI,2.8,False
ORD-104102,09/28/2023,CUST-88329,germany,Sony,Xperia 5 V,231.18,1.0,0.113,PayPal,3.3,False
ORD-100346,24-05-2022,CUST-94529,Canada,XIAOMI,Redmi Note 13,535.43,3.0,0.189,PayPal,3.9,True
ORD-102123,2023-12-27,CUST-88445,Canada,APPLE,iPhone SE,321.34,4.0,0.164,UPI,1.9,False
ORD-104302,03-04-2024,CUST-87831,India,Samsung,Galaxy Z Fold 5,715.71,2.0,0.043,UPI,0.0,False
ORD-100457,07/13/2024,CUST-48298,France,Google,Pixel 8,1121.26,5.0,0.244,Credit Card,1.5,False
ORD-104479,,CUST-78449,Australia,,Galaxy Z Fold 5,1053.19,,0.241,,1.2,False
ORD-100090,31-02-2023,CUST-67543,Canada,OnePlus,OnePlus Nord 3,1022.48,5.0,0.19,Debit Card,1.2,0
ORD-101658,26-05-2024,CUST-10892,UK,OnePlus,OnePlus 12,1325.03,2.0,0.242,Credit Card,1.8,False
ORD-104749,2024-07-30,CUST-62825,Singapore,ONEPLUS,OnePlus 11,524.84,2.0,0.149,Bank Transfer,2.6,False
ORD-103040,,CUST-17549,Germany,Xiaomi,Xiaomi 14,653.94,4.0,0.285,Bank Transfer,1.1,
ORD-102647,11/09/2023,CUST-64102,Germany,Xiaomi,Redmi Note 13,1217.9,,0.372,UPI,4.8,False
ORD-103870,08-10-2023,CUST-41388,Japan,Google,Pixel 8,170.31,4.0,0.131,Bank Transfer,1.4,False
ORD-100026,02/16/2022,CUST-25094,Singapore,Apple,iPhone SE,1181.29,3.0,0.372,COD,1.5,1
ORD-101629,2024-01-12,CUST-29430,Australia,Google,Pixel 8,399.67,1.0,0.314,COD,4.1,False
ORD-104615,2022-06-03,CUST-85927,France,google,Pixel 8,418.13,1.0,0.221,COD,4.0,False
ORD-100584,10/30/2022,CUST-26444,USA,OnePlus,OnePlus Nord 3,1425.96,3.0,0.248,,3.0,False
ORD-103799,28-08-2022,CUST-33149,Australia,oneplus,OnePlus 11,1362.6,1.0,0.014,COD,2.6,False
ORD-104081,06/14/2022,CUST-44376,France,google,Pixel 7a,677.92,1.0,0.248,UPI,1.1,False
ORD-104669,11/16/2022,CUST-79352,Germany,Sony,Xperia 1 V,232.45,2.0,0.299,Credit Card,3.6,True
ORD-103997,27-07-2022,CUST-71341,Germany,SAMSUNG,Galaxy Z Fold 5,944.65,2.0,0.175,Credit Card,2.6,False
ORD-103885,18-05-2022,CUST-73157,Germany,SAMSUNG,Galaxy A54,,,0.27,PayPal,1.8,False
ORD-103076,11/09/2024,CUST-34650,Japan,XIAOMI,Redmi Note 13,331.27,1.0,0.34,Bank Transfer,3.8,no
ORD-103828,2022-03-18,CUST-24575,India,OnePlus,OnePlus 11,185.86,4.0,0.023,COD,2.4,True
ORD-103245,2024-04-29,CUST-10382,India,Xiaomi,Redmi 12,536.83,3.0,0.301,,4.5,no
ORD-102672,2023-09-25,CUST-54943,United States,SAMSUNG,Galaxy A54,1416.78,1.0,0.133,PayPal,2.5,1
ORD-101103,05/05/2023,CUST-41323,germany,GOOGLE,Pixel 8 Pro,1197.7,4.0,0.187,PayPal,4.1,yes
ORD-104072,2024-10-12,CUST-80223,Germany,xiaomi,Redmi Note 13,1058.73,2.0,0.343,PayPal,3.5,1
ORD-104354,11/26/2023,CUST-28813,Brazil,SAMSUNG,Galaxy S24,1476.41,5.0,0.085,UPI,3.5,0
ORD-100254,19-08-2022,CUST-49644,Japan,google,Pixel 7a,641.88,1.0,0.303,PayPal,4.3,1
ORD-104639,12/29/2022,CUST-43027,United States,google,Pixel 8,780.39,2.0,0.256,Credit Card,4.7,False
ORD-101779,2022-04-29,CUST-42221,France,Motorola,Moto G84,311.33,2.0,0.029,COD,2.9,True
ORD-102036,08/26/2024,CUST-12815,USA,GOOGLE,Pixel 8 Pro,,5.0,0.345,Debit Card,4.8,
ORD-104381,30-08-2022,CUST-73837,Japan,Xiaomi,POCO F5,575.04,5.0,0.142,Debit Card,3.6,False
ORD-102591,2022-09-23,CUST-69666,Canada,xiaomi,Redmi 12,1245.84,2.0,0.099,COD,1.4,0
ORD-103837,10/22/2022,CUST-23564,,xiaomi,Xiaomi 14,1318.39,5.0,0.264,UPI,3.4,0
ORD-103555,2024-09-08,CUST-29067,India,Xiaomi,POCO F5,1109.82,2.0,0.152,COD,1.1,False
ORD-104760,04/12/2023,CUST-42758,USA,oneplus,OnePlus Nord 3,627.57,2.0,0.038,COD,1.5,0
ORD-101751,03/24/2023,CUST-48869,USA,Sony,Xperia 1 V,1058.79,1.0,0.077,COD,4.7,1
ORD-104850,2022-02-06,CUST-74002,Germany,xiaomi,POCO F5,584.04,2.0,0.391,PayPal,4.7,False
ORD-100315,29-10-2023,CUST-12743,USA,OnePlus,OnePlus Nord 3,1220.65,4.0,0.191,Credit Card,4.4,True
ORD-104252,13-02-2022,CUST-73389,Singapore,APPLE,iPhone 14,749.76,4.0,0.383,COD,4.5,1
ORD-101590,02/05/2024,CUST-57332,Japan,google,Pixel 8,1136.68,1.0,0.276,PayPal,2.5,True
ORD-102767,2024-02-20,CUST-42428,Australia,GOOGLE,Pixel 7a,912.39,1.0,0.304,UPI,4.3,False
ORD-102357,02/02/2022,CUST-83379,Germany,XIAOMI,Redmi 12,833.21,2.0,0.027,PayPal,2.0,0
ORD-104500,2022-03-26,CUST-22539,Australia,Sony,Xperia 5 V,,3.0,0.11,PayPal,1.6,False
ORD-100069,03/19/2022,CUST-62579,UK,ONEPLUS,OnePlus 12,507.12,5.0,,Debit Card,2.0,False
ORD-104052,01/06/2022,CUST-17905,germany,ONEPLUS,OnePlus 12,744.57,1.0,0.036,PayPal,5.0,True
ORD-104436,07/02/2023,CUST-81889,India,XIAOMI,Redmi 12,221.27,,0.188,UPI,4.7,False
ORD-100994,09/04/2022,CUST-37103,india ,google,Pixel 8,1277.16,2.0,0.051,PayPal,1.2,0
ORD-101052,26-04-2022,CUST-58205,Japan,Xiaomi,Redmi 12,169.37,5.0,0.368,,4.2,False
ORD-103760,2023-06-25,CUST-92143,Germany,Apple,iPhone 15,1404.77,1.0,0.223,COD,2.8,False
ORD-104846,2022-08-16,CUST-23774,USA,Xiaomi,Xiaomi 14,895.12,2.0,0.173,UPI,3.5,False
ORD-100387,13-03-2024,CUST-31230,Brazil,google,Pixel 7a,545.91,1.0,0.184,UPI,3.0,False
ORD-102476,23-12-2022,CUST-70017,India,Samsung,Galaxy S23,1242.56,4.0,0.25,Debit Card,2.2,False
ORD-101564,2024-09-13,CUST-43178,GERMANY,ONEPLUS,OnePlus 12,630.53,1.0,0.39,,1.9,False
ORD-104327,23-01-2023,CUST-67668,Japan,Sony,Xperia 1 V,1399.51,2.0,0.272,UPI,1.7,1
ORD-102182,20-06-2022,CUST-69051,Brazil,SAMSUNG,Galaxy A54,336.1,2.0,0.313,UPI,3.5,False
ORD-102863,04-04-2022,CUST-39264,Singapore,OnePlus,OnePlus 12,1160.14,1.0,0.363,Debit Card,1.4,0
ORD-101073,2024-09-20,CUST-52558,Brazil,Xiaomi,POCO F5,1440.76,4.0,0.253,PayPal,3.4,True
ORD-100221,10/29/2023,CUST-64561,Canada,OnePlus,OnePlus 12,788.39,5.0,0.392,Bank Transfer,4.3,yes
ORD-104269,02/16/2022,CUST-69104,France,Xiaomi,Xiaomi 14,529.88,2.0,0.253,PayPal,,False
ORD-104692,2022-05-01,CUST-71977,UK,Samsung,Galaxy S23,849.1,,0.345,PayPal,4.3,False
ORD-102575,10/13/2024,CUST-75353,Japan,Motorola,Moto G84,192.97,5.0,0.11,COD,4.2,no
ORD-104925,2024-09-28,CUST-60483,india,,Pixel 7a,1275.67,1.0,0.247,COD,2.8,True
ORD-101175,2023-09-10,CUST-99191,U.S.A,OnePlus,OnePlus 11,286.02,4.0,0.137,PayPal,4.1,False
ORD-101543,2024-02-18,CUST-84196,Japan,google,Pixel 8,300.41,1.0,0.081,COD,2.1,no
ORD-102366,07-11-2023,CUST-44518,Australia,Samsung,Galaxy S24,1157.16,5.0,0.116,Credit Card,2.0,yes
ORD-102330,30-01-2024,CUST-95503,Japan,Sony,Xperia 1 V,443.18,1.0,0.21,Bank Transfer,3.0,False
ORD-104048,2023-05-08,CUST-47761,France,Google,Pixel 7a,740.76,1.0,0.031,Credit Card,1.8,True
ORD-100177,2024-04-12,CUST-16467,Australia,,Xiaomi 14,1219.56,1.0,0.322,UPI,3.2,no
ORD-103109,11/18/2024,CUST-73013,USA,ONEPLUS,OnePlus 11,981.22,999.0,0.128,UPI,1.2,
ORD-104329,10/25/2022,CUST-43162,United States,Apple,iPhone SE,622.01,4.0,0.339,Bank Transfer,1.4,1
ORD-100657,20-02-2024,CUST-25479,Canada,google,Pixel 7a,1207.84,1.0,0.098,PayPal,1.5,no
ORD-104412,07/30/2022,CUST-85015,UK,ONEPLUS,OnePlus 11,837.06,1.0,0.37,UPI,1.0,True
ORD-102226,19-06-2022,CUST-62553,Singapore,Motorola,Moto G84,1078.46,1.0,0.334,Credit Card,2.6,1
ORD-102697,05/24/2022,CUST-58268,Brazil,Samsung,Galaxy S23,1235.76,2.0,0.37,COD,1.4,True
ORD-101600,04-07-2023,CUST-86026,Australia,OnePlus,OnePlus 12,962.55,1.0,0.297,Credit Card,3.1,no
ORD-103982,2022-06-06,CUST-52432,USA,Google,Pixel 8,1144.31,2.0,0.118,Debit Card,1.4,yes
ORD-104940,2024-03-25,CUST-20467,France,OnePlus,OnePlus 11,1286.3,5.0,0.279,,3.7,True
ORD-102702,2023-11-30,CUST-74823,Singapore,OnePlus,OnePlus 12,1100.39,3.0,0.064,UPI,3.2,0
ORD-104745,12/30/2024,CUST-97726,Brazil,APPLE,iPhone SE,495.92,4.0,0.205,Bank Transfer,2.8,True
ORD-103767,,CUST-61852,Australia,samsung,,1449.28,1.0,0.259,Debit Card,4.6,1
ORD-101335,19-07-2023,CUST-60881,Brazil,google,Pixel 7a,310.01,5.0,0.175,Bank Transfer,4.3,True
ORD-100653,07/18/2023,CUST-89175,Singapore,xiaomi,Redmi 12,1024.95,1.0,0.278,Credit Card,1.5,0
ORD-104807,06/12/2022,CUST-15529,Brazil,Xiaomi,Redmi 12,1437.71,5.0,0.152,Credit Card,4.4,no
ORD-103011,09/08/2023,CUST-59715,Germany,Samsung,Galaxy Z Fold 5,635.5,2.0,0.025,PayPal,4.7,1
ORD-101616,2024-03-24,CUST-80447,Singapore,samsung,Galaxy Z Fold 5,516.51,4.0,0.171,Debit Card,4.3,False
ORD-104662,06/22/2024,CUST-97562,,Google,Pixel 7a,1447.48,2.0,0.234,Debit Card,4.3,False
ORD-103002,2024-02-13,CUST-58627,Japan,XIAOMI,Xiaomi 14,1100.98,2.0,0.328,UPI,2.2,False
ORD-103649,05-02-2023,CUST-48148,UK,Google,Pixel 8 Pro,774.54,3.0,-0.061,UPI,1.8,False
ORD-102172,09/18/2024,CUST-55141,Germany,Samsung,Galaxy S23,,3.0,0.029,Debit Card,1.4,True
ORD-100219,04-08-2024,CUST-24132,Canada,samsung,Galaxy S23,924.68,2.0,0.26,UPI,4.7,False
ORD-102124,2023-09-07,CUST-55735,Brazil,ONEPLUS,OnePlus 11,981.32,1.0,0.09,COD,3.8,False
ORD-103480,07/29/2024,CUST-16568,UK,oneplus,OnePlus Nord 3,1186.91,4.0,0.313,Credit Card,2.6,1
ORD-101038,15-11-2022,CUST-31602,Brazil,Apple,iPhone 14,561.43,,0.331,Debit Card,4.5,yes
ORD-100043,2024-07-17,CUST-86680,India,Apple,iPhone 15,389.62,1.0,0.01,Debit Card,2.8,0
ORD-100210,2023-07-14,CUST-44264,France,,Pixel 8,463.94,,0.152,UPI,4.3,False
ORD-104679,05/14/2022,CUST-14617,France,Sony,Xperia 1 V,1471.13,2.0,0.181,COD,1.6,1
ORD-100354,01-10-2023,CUST-50874,Brazil,APPLE,,394.95,3.0,0.303,UPI,1.8,False
ORD-101047,2024-05-25,CUST-92238,Germany,OnePlus,OnePlus Nord 3,1428.56,4.0,0.339,COD,1.4,1
ORD-102317,22-10-2024,CUST-90879,USA,Sony,Xperia 10 V,1218.02,2.0,0.103,COD,3.9,0
ORD-104349,03/07/2024,CUST-13400,USA,GOOGLE,Pixel 7a,443.13,3.0,0.25,PayPal,3.3,0
ORD-102268,2022-10-21,CUST-47593,Germany,apple,,751.31,,0.372,COD,2.6,yes
ORD-100367,01-05-2022,CUST-74316,UK,Motorola,Edge 40 Pro,245.57,2.0,0.233,Credit Card,2.9,False
ORD-101699,2023-07-10,CUST-92137,Australia,XIAOMI,Xiaomi 14,696.55,3.0,0.367,Credit Card,1.9,True
ORD-103846,01/29/2024,CUST-63092,Canada,Xiaomi,Redmi Note 13,646.19,1.0,0.151,,3.4,False
ORD-101617,,CUST-75033,UK,samsung,Galaxy A54,433.09,5.0,0.336,,2.2,False
ORD-100135,06/16/2024,CUST-93516,Germany,Xiaomi,POCO F5,758.27,5.0,1.489,PayPal,4.1,True
ORD-103891,09/12/2022,CUST-27561,Canada,GOOGLE,Pixel 7a,693.32,1.0,0.37,Debit Card,1.1,True
ORD-100047,02/27/2023,CUST-59990,Australia,Samsung,Galaxy S24,1148.22,4.0,0.094,Credit Card,5.8,1
ORD-101536,,CUST-74893,India,oneplus,OnePlus 12,266.17,2.0,0.32,COD,4.1,1
ORD-102929,30-08-2022,CUST-98382,Australia,ONEPLUS,OnePlus 11,1286.7,4.0,0.385,Bank Transfer,3.1,no
ORD-102092,2023-11-21,CUST-26674,USA,,OnePlus 12,809.21,2.0,0.12,UPI,3.7,0
ORD-102470,2022-11-18,CUST-58117,UK,Apple,iPhone 15,1007.94,1.0,0.165,UPI,1.2,False
ORD-102847,,CUST-42745,France,ONEPLUS,OnePlus Nord 3,235.3,5.0,0.38,Credit Card,1.7,False
ORD-101860,25-08-2023,CUST-40261,Canada,Motorola,Moto G53,422.17,1.0,0.109,COD,2.9,1
ORD-103049,01-05-2024,CUST-21018,Inda,Motorola,Moto G84,868.55,2.0,0.041,PayPal,3.5,0
ORD-100061,27-03-2022,CUST-14546,UK,Apple,iPhone 15,684.81,5.0,0.227,Debit Card,4.9,1
ORD-101074,04/19/2022,CUST-67375,Canada,GOOGLE,Pixel 8,1231.43,3.0,0.354,,1.6,True
ORD-104407,04/30/2023,CUST-83984,USA,SAMSUNG,Galaxy S24,,3.0,0.043,COD,2.9,yes
ORD-100095,2024-05-24,CUST-63039,Singapore,Xiaomi,POCO F5,1039.31,,0.138,Bank Transfer,1.4,0
ORD-100478,2023-05-27,CUST-13803,Canada,OnePlus,OnePlus Nord 3,1319.42,1.0,0.227,Debit Card,1.2,False
ORD-103614,25-08-2022,CUST-52418,France,SAMSUNG,Galaxy S24,557.84,4.0,0.4,PayPal,2.0,0
ORD-102649,02/21/2024,CUST-91612,USA,Sony,Xperia 1 V,,5.0,0.208,Bank Transfer,3.7,False
ORD-103065,2022-05-09,CUST-28910,UK,Apple,iPhone 14,1294.81,3.0,0.362,Bank Transfer,4.4,True
ORD-102813,N/A,CUST-82667,Canada,apple,iPhone SE,1407.25,3.0,0.356,Credit Card,,False
ORD-102052,2024-12-25,CUST-80047,Canada,Sony,Xperia 10 V,1158.74,4.0,0.324,COD,2.4,yes
ORD-101168,01/23/2024,CUST-45215,India,xiaomi,Xiaomi 14,677.03,3.0,0.002,PayPal,,False
ORD-101662,2024-01-26,CUST-18510,Brazil,OnePlus,OnePlus Nord 3,271.75,4.0,0.282,Bank Transfer,,True
ORD-101818,03-07-2022,CUST-96207,France,google,Pixel 8 Pro,1220.81,3.0,0.289,COD,5.0,True
ORD-100322,09/15/2022,CUST-56452,USA,Xiaomi,Xiaomi 14,1040.27,5.0,0.19,COD,1.6,no
ORD-104516,2024-09-11,CUST-39146,Singapore,Sony,Xperia 10 V,928.59,2.0,,UPI,3.2,0
ORD-102942,02/07/2024,CUST-24549,Canada,Sony,Xperia 5 V,964.61,3.0,0.34,UPI,-1.0,False
ORD-103032,31-10-2024,CUST-32931,USA,Xiaomi,Redmi 12,1174.55,4.0,0.312,PayPal,3.5,True
ORD-102259,12/02/2023,CUST-55912,france,ONEPLUS,OnePlus 11,274.18,4.0,0.26,,4.2,False
ORD-101292,2022-08-12,CUST-59665,Canada,Apple,iPhone 15 Pro,548.89,4.0,0.262,Debit Card,3.5,0
ORD-101001,04-11-2024,CUST-76232,Germany,,Moto G53,505.05,3.0,0.391,Debit Card,2.1,False
ORD-101425,2023-12-01,CUST-93627,Japan,ONEPLUS,OnePlus Nord 3,213.73,5.0,0.091,COD,1.0,True
ORD-101862,2023-07-09,CUST-92182,,Apple,iPhone 14,1477.2,3.0,0.009,Bank Transfer,2.7,yes
ORD-100803,06/17/2022,CUST-64596,UK,XIAOMI,Xiaomi 14,886.86,,0.021,Credit Card,4.9,False
ORD-100291,11-02-2024,CUST-55914,,Xiaomi,Xiaomi 14,390.04,1.0,0.036,Bank Transfer,2.2,False
ORD-104077,08/05/2022,CUST-97104,India,samsung,Galaxy S23,382.73,3.0,0.144,Debit Card,2.6,False
ORD-104752,2023-04-09,CUST-79038,Canada,google,Pixel 7a,748.47,2.0,0.228,UPI,3.6,False
ORD-100533,08/18/2023,CUST-10507,USA,Samsung,Galaxy S23,1250.6,3.0,0.286,UPI,1.8,False
ORD-102594,10-09-2024,CUST-92892,Japan,OnePlus,OnePlus 11,1030.63,5.0,0.2,Credit Card,4.9,True
ORD-104424,07/15/2023,CUST-46355,USA,oneplus,OnePlus 12,1421.28,5.0,0.258,Credit Card,2.5,1
ORD-103102,04/24/2023,CUST-52417,Singapore,xiaomi,Redmi 12,1306.1,4.0,0.119,Credit Card,3.4,False
ORD-101743,10/26/2022,CUST-66051,Brazil,oneplus,OnePlus Nord 3,154.05,2.0,0.071,Bank Transfer,4.4,1
ORD-102623,2024-05-08,CUST-12081,France,Apple,iPhone 14,,5.0,0.246,PayPal,1.5,yes
ORD-102361,16-07-2024,CUST-53285,Germany,APPLE,iPhone 15 Pro,574.79,4.0,0.334,PayPal,1.7,no
ORD-103781,10/23/2023,CUST-86311,UK,xiaomi,POCO F5,1044.3,1.0,0.038,Debit Card,3.3,False
ORD-104487,2022-01-15,CUST-66937,India,oneplus,OnePlus Nord 3,926.67,3.0,0.109,UPI,4.2,False
ORD-100428,26-10-2023,CUST-99881,Canada,google,Pixel 8 Pro,1192.08,4.0,0.264,COD,2.7,False
ORD-103994,23-10-2024,CUST-32704,Inda,Samsung,Galaxy S23,530.35,1.0,0.284,Credit Card,,False
ORD-102142,2024-09-13,CUST-42873,India,GOOGLE,Pixel 8,171.38,-1.0,0.212,Debit Card,2.7,False
ORD-101192,01/07/2023,CUST-81690,Japan,Xiaomi,POCO F5,549.43,3.0,0.247,Debit Card,4.5,True
ORD-102841,24-04-2023,CUST-29110,USA,SAMSUNG,Galaxy S23,1104.55,,0.159,Bank Transfer,4.1,True
ORD-102503,05/30/2024,CUST-61638,usa,Motorola,Edge 40 Pro,206.1,-1.0,0.07,Bank Transfer,3.2,1
ORD-101746,10-07-2023,CUST-41773,UK,Apple,,533.97,5.0,0.089,UPI,4.4,0
ORD-102459,24-08-2024,CUST-79691,Canada,samsung,Galaxy S24,1152.7,1.0,0.165,Credit Card,4.0,False
ORD-103698,26-09-2022,CUST-66693,Brazil,OnePlus,OnePlus 11,358.86,1.0,0.017,PayPal,2.7,0
ORD-101858,2022-11-09,CUST-24927,Canada,samsung,Galaxy A54,431.02,4.0,0.362,COD,,False
ORD-101702,2024-03-12,CUST-64425,Singapore,xiaomi,Xiaomi 14,169.09,3.0,0.196,Debit Card,3.4,yes
ORD-102531,16-05-2024,CUST-37733,Japan,Apple,iPhone 15 Pro,653.92,2.0,0.095,COD,1.9,True
ORD-100828,04/06/2022,CUST-14958,Inda,Xiaomi,Redmi Note 13,312.18,5.0,0.065,Bank Transfer,3.6,False
ORD-101675,2022-06-24,CUST-31037,UK,Apple,iPhone SE,506.7,5.0,0.322,Bank Transfer,3.7,False
ORD-104599,2022-04-01,CUST-18678,Brazil,oneplus,OnePlus Nord 3,1441.14,4.0,0.253,Bank Transfer,1.8,0
ORD-104999,28-10-2023,CUST-88118,Canada,OnePlus,OnePlus Nord 3,743.58,4.0,0.082,COD,1.8,yes
ORD-101618,2024-10-11,CUST-20392,Japan,Google,Pixel 8,1076.43,5.0,0.297,COD,4.0,no
ORD-101224,2023-11-07,CUST-96671,Germany,Samsung,Galaxy S23,1175.84,2.0,0.085,Credit Card,2.0,False
ORD-101606,25-12-2024,CUST-61708,UK,XIAOMI,Redmi Note 13,1190.87,4.0,0.183,Debit Card,4.6,no
ORD-100787,2023-12-18,CUST-97208,Singapore,Google,Pixel 7a,508.2,4.0,0.178,Debit Card,1.6,yes
ORD-103435,07/06/2024,CUST-49543,Singapore,OnePlus,OnePlus Nord 3,832.1,2.0,0.08,Bank Transfer,2.1,yes
ORD-103338,,CUST-53698,Japan,Motorola,Edge 40 Pro,1175.25,3.0,0.222,Credit Card,3.1,True
ORD-101954,04/09/2022,CUST-91158,Singapore,OnePlus,OnePlus 11,1383.05,2.0,0.018,COD,4.8,yes
ORD-102303,01-12-2022,CUST-63163,uk,samsung,Galaxy S23,808.62,1.0,0.117,Bank Transfer,4.8,1
ORD-102313,14-06-2023,CUST-33631,,ONEPLUS,OnePlus 11,1426.33,2.0,0.241,Bank Transfer,4.8,True
ORD-102886,2024-04-07,CUST-13027,UK,Google,Pixel 8 Pro,1230.84,4.0,0.03,Debit Card,1.3,1
ORD-104656,10/24/2024,CUST-20858,India,GOOGLE,Pixel 8,252.44,4.0,0.15,Debit Card,3.4,True
ORD-104683,2022-08-27,CUST-59638,Brazil,,OnePlus Nord 3,1480.24,2.0,0.078,Credit Card,4.1,
ORD-101096,07/24/2023,CUST-47009,Japan,GOOGLE,Pixel 7a,210.14,3.0,0.192,Bank Transfer,4.4,False
ORD-104981,2022-03-12,CUST-82176,,Google,Pixel 8,995.87,5.0,0.042,UPI,,False
ORD-103351,06/04/2024,CUST-93070,,Xiaomi,Redmi Note 13,1037.74,4.0,0.287,Bank Transfer,1.7,
ORD-102622,2024-05-23,CUST-39735,India,OnePlus,,1124.26,1.0,0.335,Credit Card,3.7,False
ORD-101101,13-10-2024,CUST-54058,India,Xiaomi,Redmi Note 13,767.63,4.0,0.069,Bank Transfer,2.7,True
ORD-102231,02/13/2023,CUST-64406,United Kingdom,Apple,iPhone 14,1328.67,3.0,0.004,PayPal,1.6,True
ORD-100070,09/11/2024,CUST-61687,France,samsung,Galaxy S23,367.68,1.0,0.207,UPI,3.1,False
ORD-101010,2023-08-06,CUST-80100,Brazil,Samsung,Galaxy S23,313.48,1.0,0.165,UPI,2.2,False
ORD-101235,2023-03-25,CUST-24266,Canada,oneplus,OnePlus Nord 3,286.1,4.0,0.17,UPI,2.9,1
ORD-102174,05/13/2022,CUST-82437,UK,oneplus,OnePlus Nord 3,856.14,1.0,0.388,Bank Transfer,,False
ORD-102236,2024-02-27,CUST-37931,India,Sony,Xperia 5 V,730.86,2.0,0.364,Credit Card,1.4,False
ORD-103355,02-04-2024,CUST-45888,Brazil,GOOGLE,Pixel 8,1170.81,4.0,0.168,,3.9,yes
ORD-101090,2024-04-09,CUST-24608,Brazil,google,Pixel 7a,1212.29,1.0,0.218,COD,4.3,False
ORD-101281,05/24/2024,CUST-27844,France,Motorola,Edge 40 Pro,290.59,5.0,0.338,Debit Card,1.2,True
ORD-101864,07/11/2023,CUST-90537,USA,apple,iPhone 15 Pro,270.42,5.0,0.291,Bank Transfer,2.5,False
ORD-103652,05-02-2022,CUST-67505,Brazil,Apple,iPhone 15,1062.61,5.0,0.193,UPI,1.2,False
ORD-100724,08/08/2024,CUST-70847,Inda,xiaomi,Redmi 12,408.63,5.0,0.023,PayPal,1.2,1
ORD-101253,2023-11-03,CUST-57730,USA,Sony,Xperia 1 V,1291.72,3.0,0.091,UPI,4.5,False
ORD-101720,10-05-2024,CUST-74534,uk,Sony,Xperia 10 V,,2.0,0.349,Bank Transfer,4.2,False
ORD-104608,,CUST-16718,Australia,OnePlus,OnePlus 12,1359.67,4.0,0.06,Credit Card,1.6,False
ORD-102696,12/07/2022,CUST-78613,USA,OnePlus,OnePlus 11,1146.38,3.0,0.301,Bank Transfer,4.3,1
ORD-102495,2022-12-13,CUST-87181,Japan,OnePlus,OnePlus Nord 3,607.93,1.0,0.069,UPI,2.4,yes
ORD-102187,2023-12-05,CUST-21398,Japan,xiaomi,Redmi 12,,3.0,0.386,Debit Card,3.4,False
ORD-103880,09/06/2022,CUST-87479,USA,Xiaomi,POCO F5,758.91,5.0,0.395,Debit Card,2.1,False
ORD-103127,2023-10-01,CUST-66420,Germany,Xiaomi,Xiaomi 14,1167.78,2.0,0.225,Credit Card,1.1,False
ORD-101034,2024-04-28,CUST-80647,Brazil,Samsung,Galaxy A54,1097.14,4.0,0.399,Bank Transfer,1.9,True
ORD-100952,01-09-2022,CUST-27611,Japan,apple,iPhone 15 Pro,1229.8,3.0,0.042,Bank Transfer,2.3,False
ORD-102825,2023-02-15,CUST-76100,Japan,GOOGLE,Pixel 8 Pro,171.25,2.0,0.031,Bank Transfer,4.6,0
ORD-101902,2022-10-27,CUST-51335,FRANCE,SAMSUNG,Galaxy Z Fold 5,1141.3,3.0,0.238,Debit Card,4.0,False
ORD-100742,30-07-2024,CUST-69134,USA,Xiaomi,Redmi 12,873.97,2.0,0.263,UPI,2.9,False
ORD-104405,2023-11-13,CUST-19646,Japan,Sony,Xperia 1 V,639.2,3.0,0.023,COD,,True
ORD-103106,2022-02-09,CUST-24201,Singapore,,OnePlus 12,553.28,2.0,0.249,Debit Card,1.1,0
ORD-104161,2023-11-12,CUST-80862,Brazil,XIAOMI,Redmi 12,760.82,4.0,0.072,Credit Card,3.1,yes
ORD-104255,2024-11-18,CUST-96774,Japan,Xiaomi,Redmi Note 13,1484.07,2.0,0.339,UPI,4.8,0
ORD-103438,28-02-2024,CUST-25753,India,samsung,Galaxy Z Fold 5,1438.22,5.0,0.256,PayPal,2.1,False
ORD-102025,11-07-2023,CUST-88164,USA,Apple,iPhone SE,292.24,1.0,0.353,COD,1.9,1
ORD-103693,12/29/2024,CUST-87009,India,oneplus,OnePlus Nord 3,,3.0,0.184,UPI,3.3,False
ORD-101666,09/05/2023,CUST-99859,Australia,ONEPLUS,OnePlus 12,1182.18,,0.024,Credit Card,4.1,False
ORD-104912,06-06-2024,CUST-61186,germany,Sony,Xperia 10 V,379.18,3.0,0.309,Bank Transfer,2.4,False
ORD-102316,11-03-2022,CUST-17582,Germany,Apple,iPhone 14,329.2,3.0,0.324,Credit Card,3.3,yes
ORD-103650,27-01-2023,CUST-19920,UK,Motorola,Moto G53,989.66,4.0,0.357,Debit Card,3.0,False
ORD-103048,2022-04-22,CUST-56426,Japan,Xiaomi,Xiaomi 14,551.6,2.0,0.016,Debit Card,4.4,yes
ORD-101747,04/23/2023,CUST-78758,Germany,XIAOMI,POCO F5,362.49,5.0,0.167,Bank Transfer,1.1,no
ORD-103724,2022-09-24,CUST-11489,GERMANY,XIAOMI,POCO F5,1313.04,2.0,0.027,UPI,2.5,True
ORD-101345,08/15/2022,CUST-50197,Japan,Xiaomi,Xiaomi 14,1271.35,1.0,0.09,Debit Card,2.2,True
ORD-100233,2024-02-12,CUST-67553,france,APPLE,iPhone SE,1386.63,1.0,0.386,Debit Card,3.9,1
ORD-101075,2024-07-07,CUST-66497,Canada,,Galaxy A54,1479.25,2.0,0.317,,3.4,True
ORD-104640,10-08-2023,CUST-84984,UK,samsung,,,5.0,0.0,COD,2.4,False
ORD-100848,10/12/2023,CUST-89175,India,google,Pixel 7a,610.84,1.0,0.01,UPI,4.4,False
ORD-100633,04/14/2024,CUST-73916,Brazil,Google,Pixel 7a,646.69,2.0,0.278,COD,3.5,False
ORD-101717,2024-10-04,CUST-23430,Brazil,oneplus,OnePlus 11,737.67,3.0,,Debit Card,2.2,False
ORD-100415,28-08-2023,CUST-63814,France,Samsung,Galaxy S24,242.79,2.0,0.257,Credit Card,1.0,0
ORD-102499,03/10/2024,CUST-20089,Brazil,APPLE,iPhone SE,630.96,4.0,0.125,Credit Card,5.6,0
ORD-101788,12-06-2023,CUST-92168,Australia,,OnePlus Nord 3,440.66,,0.398,COD,4.9,no
ORD-101370,2024-09-04,CUST-23140,USA,oneplus,OnePlus Nord 3,545.53,2.0,0.364,UPI,4.5,True
ORD-101029,01/06/2023,CUST-14857,India,Xiaomi,Xiaomi 14,239.42,5.0,0.381,UPI,3.0,False
ORD-103503,08/19/2023,CUST-28441,Australia,xiaomi,Xiaomi 14,526.91,3.0,0.068,Bank Transfer,1.3,1
ORD-104666,12/28/2022,CUST-51965,,APPLE,iPhone 15 Pro,1109.12,2.0,0.142,Bank Transfer,1.3,1
ORD-100017,21-02-2024,CUST-96005,,Samsung,Galaxy S23,1235.88,3.0,0.007,COD,4.3,yes
ORD-103292,,CUST-34135,Brazil,google,Pixel 8,924.33,5.0,0.08,UPI,2.7,yes
ORD-104740,,CUST-57526,INDIA,OnePlus,OnePlus Nord 3,505.39,2.0,0.302,COD,1.6,1
ORD-102776,2023-03-24,CUST-62398,Singapore,ONEPLUS,OnePlus Nord 3,626.53,4.0,0.365,Debit Card,2.0,1
ORD-103920,13-04-2023,CUST-32617,USA,SAMSUNG,Galaxy S23,621.77,5.0,0.003,UPI,3.7,False
ORD-100596,19-02-2024,CUST-61066,Japan,Xiaomi,Redmi Note 13,1418.13,1.0,0.05,Bank Transfer,2.7,yes
ORD-102370,12/09/2023,CUST-50242,Canada,Apple,iPhone SE,482.63,5.0,0.328,Debit Card,4.9,1
ORD-102224,17-12-2022,CUST-35700,Germany,XIAOMI,Redmi 12,-999.0,2.0,0.06,Bank Transfer,1.0,False
ORD-102059,2022-11-07,CUST-97756,,Apple,iPhone 15,352.31,4.0,0.142,PayPal,4.2,1
ORD-102696,12/07/2022,CUST-78613,USA,OnePlus,OnePlus 11,1146.38,3.0,0.301,Bank Transfer,4.3,1
ORD-104353,2022-06-19,CUST-58406,USA,oneplus,OnePlus 12,1482.49,3.0,0.031,COD,3.5,False
ORD-103715,27-12-2022,CUST-41022,france,Google,Pixel 8 Pro,987.27,2.0,0.236,Bank Transfer,4.5,1
ORD-100371,2023-12-12,CUST-75359,Australia,Apple,iPhone 15 Pro,972.41,5.0,0.237,COD,1.0,
ORD-101419,09-11-2023,CUST-23060,Canada,,Pixel 8 Pro,910.31,4.0,0.161,PayPal,4.8,False
ORD-101873,2024-03-18,CUST-94978,,Samsung,Galaxy S23,1079.26,5.0,0.261,COD,3.5,0
ORD-102424,2023-08-12,CUST-93783,Australia,Sony,Xperia 10 V,492.0,3.0,0.164,Debit Card,3.8,0
ORD-100598,2024-03-06,CUST-90211,INDIA,xiaomi,Redmi Note 13,237.87,5.0,0.344,Credit Card,3.1,False
ORD-100676,07-09-2024,CUST-12857,FRANCE,Motorola,Moto G84,471.88,1.0,,Bank Transfer,3.1,False
ORD-100238,21-04-2024,CUST-13033,Australia,Google,,413.02,2.0,0.045,Debit Card,1.4,False
ORD-103793,2022-12-09,CUST-52659,Singapore,ONEPLUS,OnePlus 11,659.15,5.0,0.051,PayPal,4.7,1
ORD-102523,2022-02-11,CUST-60876,USA,Samsung,Galaxy S24,155.22,5.0,0.059,PayPal,3.4,0
ORD-102704,10/14/2023,CUST-10962,UK,Xiaomi,Xiaomi 14,99999.0,4.0,0.049,COD,3.6,False
ORD-104769,2022-09-01,CUST-92575,India,Motorola,Moto G84,268.64,2.0,,UPI,3.3,False
ORD-102170,2022-03-12,CUST-25287,Australia,Motorola,Moto G84,890.88,5.0,0.006,UPI,2.3,True
ORD-100075,2022-09-30,CUST-51498,Japan,Samsung,Galaxy Z Fold 5,1161.98,5.0,0.264,UPI,4.8,0
ORD-104519,03/30/2024,CUST-41704,France,,Pixel 7a,1099.35,2.0,0.297,COD,2.1,1
ORD-102629,09-07-2022,CUST-71173,Canada,,Galaxy S24,960.02,3.0,0.23,PayPal,3.1,
ORD-103699,05/17/2022,CUST-57838,USA,Motorola,Moto G53,925.51,2.0,0.166,Debit Card,1.6,False
ORD-103998,2024-12-05,CUST-45408,France,apple,iPhone SE,1380.74,4.0,0.231,Credit Card,2.4,True
ORD-102845,30-12-2024,CUST-49385,UK,Google,Pixel 8,657.32,1.0,0.354,COD,5.0,False
ORD-102416,11-01-2023,CUST-81975,Singapore,Apple,iPhone SE,1077.01,4.0,0.374,Bank Transfer,,0
ORD-102004,2024-10-02,CUST-75441,India,Motorola,Edge 40 Pro,971.11,4.0,0.366,Bank Transfer,3.3,no
ORD-102351,05-11-2024,CUST-53024,Canada,Apple,iPhone 14,1283.36,2.0,0.25,Credit Card,2.7,False
ORD-101614,08/06/2024,CUST-41052,india ,Xiaomi,POCO F5,376.81,5.0,0.024,PayPal,3.9,True
ORD-103725,02-08-2023,CUST-86799,Singapore,APPLE,iPhone 14,311.05,4.0,-0.097,Bank Transfer,2.9,True
ORD-104322,12/09/2023,CUST-97749,UK,Samsung,Galaxy A54,417.93,4.0,0.259,UPI,1.0,0
ORD-100931,25-07-2023,CUST-26068,Singapore,Apple,iPhone 14,643.93,4.0,0.383,Credit Card,3.6,0
ORD-101129,06/17/2022,CUST-16381,U.K.,APPLE,iPhone 15,298.57,2.0,0.127,UPI,1.3,0
ORD-100096,11/07/2023,CUST-97162,Australia,GOOGLE,Pixel 7a,1266.16,1.0,0.021,Credit Card,2.6,1
ORD-100856,03-10-2024,CUST-57113,Brazil,Motorola,Edge 40 Pro,899.64,5.0,0.153,Credit Card,4.9,yes
ORD-104616,25-03-2023,CUST-91051,Singapore,GOOGLE,Pixel 7a,744.04,1.0,0.258,COD,4.5,False
ORD-102342,27-05-2022,CUST-64685,germany,Motorola,Moto G53,167.57,,0.018,Bank Transfer,1.9,no
ORD-100621,12/28/2024,CUST-49145,Canada,OnePlus,OnePlus Nord 3,1276.29,4.0,,Bank Transfer,4.5,1
ORD-102374,2022-09-16,CUST-84882,Brazil,Google,Pixel 8,1179.64,4.0,0.096,Debit Card,1.6,1
ORD-103759,21-05-2023,CUST-54563,France,xiaomi,Redmi 12,466.23,1.0,0.076,COD,,True
ORD-100566,03/24/2022,CUST-52910,India,GOOGLE,Pixel 8,893.89,1.0,0.374,Bank Transfer,2.8,True
ORD-101705,05/15/2023,CUST-29976,,Sony,Xperia 10 V,1190.66,5.0,,COD,2.8,False
ORD-103721,03/29/2024,CUST-35806,France,XIAOMI,Redmi 12,1310.86,2.0,0.031,COD,1.4,True
ORD-100748,30-08-2023,CUST-10043,,,Galaxy Z Fold 5,249.77,2.0,0.065,Debit Card,1.0,False
ORD-101513,05/12/2024,CUST-24687,France,Apple,iPhone 15,1200.88,1.0,0.227,Credit Card,2.7,0
ORD-100051,2024-04-11,CUST-50794,Germany,,Galaxy S23,864.87,5.0,0.261,,2.0,
ORD-101041,2022-07-25,CUST-96411,Singapore,oneplus,,728.5,3.0,0.043,Credit Card,2.5,no
ORD-101978,21-10-2024,CUST-30855,Australia,,iPhone 14,821.14,4.0,0.264,Credit Card,2.6,
ORD-103525,2023-03-23,CUST-59366,UK,xiaomi,POCO F5,1156.36,1.0,0.374,UPI,3.2,1
ORD-103179,20-02-2024,CUST-32282,France,XIAOMI,Xiaomi 14,218.37,2.0,0.119,Debit Card,4.2,no
ORD-100534,2023-10-05,CUST-24234,GERMANY,SAMSUNG,,581.03,4.0,0.089,Credit Card,2.5,False
ORD-104054,07/07/2023,CUST-67919,Australia,Google,Pixel 8,362.33,5.0,0.278,Debit Card,3.6,1
ORD-104581,01/02/2022,CUST-75090,Singapore,samsung,Galaxy S23,1115.27,2.0,0.167,Credit Card,1.6,
ORD-104933,2022-01-05,CUST-30317,Japan,GOOGLE,Pixel 8 Pro,561.27,3.0,0.176,UPI,4.6,False
ORD-100443,,CUST-42956,Germany,Motorola,Moto G53,1251.5,5.0,0.182,COD,3.3,True
ORD-102689,2024-07-20,CUST-89128,France,Samsung,Galaxy A54,1200.11,2.0,0.234,COD,1.1,yes
ORD-100195,2023-03-23,CUST-89897,Australia,Sony,Xperia 5 V,542.91,4.0,0.319,UPI,4.4,False
ORD-102882,28-09-2023,CUST-45956,Brazil,Sony,Xperia 1 V,1306.35,1.0,0.231,Bank Transfer,1.5,0
ORD-103609,2024-01-12,CUST-68447,Australia,Motorola,Moto G84,521.06,4.0,0.204,Bank Transfer,1.8,no
ORD-101436,05/08/2023,CUST-10173,USA,GOOGLE,Pixel 7a,604.76,2.0,0.366,COD,3.0,False
ORD-104140,01/04/2022,CUST-76696,France,Motorola,Moto G53,1327.56,4.0,0.15,Bank Transfer,3.8,False
ORD-103112,2024-04-10,CUST-20914,Australia,oneplus,OnePlus 12,1298.39,,0.24,,2.3,False
ORD-104847,11/14/2023,CUST-54005,,Google,Pixel 7a,1415.16,2.0,0.273,Credit Card,1.5,yes
ORD-100103,21-02-2024,CUST-91268,Australia,samsung,Galaxy Z Fold 5,750.76,3.0,0.124,COD,2.1,True
ORD-102646,2022-04-09,CUST-90473,,xiaomi,Redmi 12,268.22,1.0,0.037,Debit Card,1.5,False
ORD-103026,,CUST-79544,UK,ONEPLUS,OnePlus Nord 3,875.21,1.0,0.368,Debit Card,2.9,False
ORD-101018,05/10/2022,CUST-94836,Brazil,Motorola,Moto G53,659.32,4.0,0.158,COD,3.1,True
ORD-100644,08/23/2023,CUST-25757,Canada,Motorola,Moto G84,155.31,2.0,0.213,UPI,4.2,0
ORD-100893,07/31/2022,CUST-96804,UK,apple,iPhone SE,679.8,5.0,,PayPal,4.5,0
ORD-104979,06/09/2022,CUST-77549,Australia,Xiaomi,POCO F5,,3.0,0.32,Debit Card,3.2,
ORD-104759,2024-05-27,CUST-98645,Germany,samsung,Galaxy A54,611.64,3.0,0.083,Credit Card,3.9,0
ORD-104988,07/06/2023,CUST-73038,Singapore,Google,Pixel 8 Pro,1000.39,3.0,0.251,PayPal,4.7,yes
ORD-100120,,CUST-22630,France,XIAOMI,Xiaomi 14,703.56,4.0,,Bank Transfer,2.6,False
ORD-103822,08/18/2023,CUST-72622,Japan,XIAOMI,POCO F5,1435.13,2.0,0.319,Debit Card,4.4,True
ORD-102274,09/19/2022,CUST-49228,Singapore,apple,iPhone 14,615.62,1.0,0.052,COD,2.5,False
ORD-103291,07-06-2024,CUST-17686,Japan,Google,Pixel 7a,633.63,1.0,0.241,Debit Card,4.4,1
ORD-104967,2024-03-20,CUST-52574,UK,Apple,iPhone 15 Pro,830.74,5.0,0.179,,4.7,1
ORD-104384,12/31/2024,CUST-32913,USA,OnePlus,OnePlus 11,1053.56,1.0,0.1,Debit Card,1.4,yes
ORD-102318,2023-09-13,CUST-25868,Japan,Sony,Xperia 1 V,1097.86,3.0,0.261,PayPal,3.7,
ORD-100134,11/25/2022,CUST-79385,UK,Apple,iPhone 14,823.9,4.0,0.211,,4.0,1
ORD-103882,2022-09-05,CUST-85178,UK,Xiaomi,Xiaomi 14,99999.0,5.0,0.179,Credit Card,3.6,0
ORD-103396,25-01-2023,CUST-92133,Brazil,Motorola,Edge 40 Pro,1360.7,1.0,0.388,COD,4.0,False
ORD-104681,2024-07-10,CUST-79334,,Xiaomi,Redmi Note 13,,2.0,0.364,Debit Card,1.6,False
ORD-103194,03/12/2022,CUST-50413,India,xiaomi,POCO F5,622.99,2.0,0.067,Bank Transfer,4.7,0
ORD-100184,2024-03-13,CUST-91112,France,Sony,Xperia 1 V,854.88,4.0,0.199,Debit Card,3.7,False
ORD-103258,2022-12-01,CUST-48300,India,,OnePlus 12,917.97,4.0,0.112,COD,,0
ORD-101745,05/18/2022,CUST-32717,,Google,Pixel 8 Pro,1252.46,4.0,0.179,Bank Transfer,2.8,
ORD-100511,08/18/2022,CUST-52988,France,OnePlus,OnePlus Nord 3,621.57,4.0,0.238,UPI,4.2,1
ORD-104430,29-07-2022,CUST-40195,France,Sony,,1404.44,1.0,0.026,COD,-1.0,
ORD-100062,2022-01-25,CUST-94835,Singapore,APPLE,iPhone 15 Pro,1351.03,1.0,0.385,COD,1.8,False
ORD-103253,12-02-2024,CUST-58213,France,ONEPLUS,OnePlus 11,821.29,1.0,0.343,COD,4.9,1
ORD-103908,2024-09-12,CUST-31567,UK,Motorola,Moto G84,1115.03,4.0,0.355,Credit Card,2.1,False
ORD-103844,09/12/2023,CUST-50150,UK,Xiaomi,Redmi 12,885.36,4.0,0.199,Credit Card,3.3,yes
ORD-103704,02-02-2022,CUST-63299,india,OnePlus,OnePlus 12,394.13,4.0,0.002,PayPal,3.1,True
ORD-102223,2023-02-25,CUST-79851,France,Apple,iPhone 14,1272.82,5.0,0.292,Credit Card,4.7,yes
ORD-100251,15-09-2022,CUST-72876,India,OnePlus,OnePlus Nord 3,1374.71,4.0,0.206,Credit Card,3.0,1
ORD-100625,08-02-2024,CUST-11985,uk,Google,Pixel 8,1355.03,5.0,0.368,PayPal,3.6,1
ORD-100911,02-07-2024,CUST-92273,UK,Xiaomi,Xiaomi 14,290.01,3.0,0.072,Debit Card,1.6,1
ORD-102372,2023-01-19,CUST-95917,France,APPLE,iPhone 14,760.18,1.0,0.084,Bank Transfer,2.7,False
ORD-104949,2022-08-16,CUST-74302,GERMANY,Samsung,Galaxy S24,1482.87,5.0,0.281,COD,2.0,
ORD-103959,2022-07-24,CUST-78872,UK,Sony,Xperia 1 V,1396.91,2.0,0.068,Debit Card,2.3,yes
ORD-100122,08-02-2022,CUST-64121,USA,Samsung,Galaxy A54,453.32,,0.065,Debit Card,4.1,False
ORD-102267,12/26/2022,CUST-43007,India,ONEPLUS,OnePlus 12,1383.17,1.0,0.315,Bank Transfer,3.3,1
ORD-101784,2024-09-03,CUST-85926,India,Sony,Xperia 10 V,396.84,3.0,0.332,Debit Card,1.8,yes
ORD-103305,10/01/2024,CUST-31762,USA,Sony,Xperia 10 V,834.7,1.0,0.18,UPI,3.7,True
ORD-102536,2023-01-17,CUST-69192,Australia,,Xperia 10 V,567.81,2.0,0.362,Debit Card,2.6,False
ORD-101255,18-05-2024,CUST-92395,UK,Google,Pixel 7a,1354.5,1.0,0.06,UPI,4.0,False
ORD-100567,2023-08-20,CUST-99232,India,OnePlus,OnePlus 11,692.11,3.0,0.106,UPI,4.6,False
ORD-101849,01/22/2024,CUST-67902,Canada,Sony,Xperia 1 V,366.78,1.0,0.396,Bank Transfer,2.8,1
ORD-104941,06/05/2022,CUST-54357,Germany,Google,Pixel 8 Pro,1241.07,5.0,0.125,COD,-1.0,False
ORD-100693,03-02-2024,CUST-78672,,ONEPLUS,OnePlus 12,1498.31,4.0,0.069,UPI,2.7,False
ORD-103634,2023-09-30,CUST-66660,france,OnePlus,OnePlus 11,1318.92,5.0,,PayPal,1.2,True
ORD-103460,02/16/2024,CUST-27570,Canada,Sony,Xperia 5 V,1460.5,5.0,0.197,COD,4.6,no
ORD-100977,11/02/2024,CUST-58027,India,google,Pixel 7a,1268.57,4.0,,Credit Card,3.1,1
ORD-103256,2023-04-26,CUST-96358,Canada,Samsung,Galaxy Z Fold 5,484.85,5.0,0.084,COD,1.3,False
ORD-103145,10/03/2022,CUST-13393,Australia,oneplus,OnePlus 11,917.34,3.0,0.376,Debit Card,2.1,True
ORD-103910,09/17/2022,CUST-36504,Japan,Apple,iPhone SE,545.51,5.0,0.059,UPI,1.0,False
ORD-103431,2024-05-21,CUST-28709,Australia,SAMSUNG,Galaxy S24,319.55,5.0,0.029,UPI,,no
ORD-100720,01-08-2023,CUST-67317,Singapore,Google,,839.06,1.0,0.321,Bank Transfer,3.7,False
ORD-102802,2023-02-10,CUST-28996,Japan,GOOGLE,Pixel 8 Pro,579.67,2.0,0.212,COD,1.6,True
ORD-104278,2022-11-03,CUST-14528,,Sony,Xperia 1 V,529.11,3.0,0.004,COD,1.4,True
ORD-102104,31-10-2022,CUST-71555,India,Xiaomi,POCO F5,1285.4,1.0,0.008,PayPal,3.2,True
ORD-101921,11/06/2024,CUST-14961,Japan,Motorola,Moto G53,523.38,,0.213,COD,3.3,1
ORD-103312,19-06-2023,CUST-21907,Japan,oneplus,OnePlus 12,1110.91,5.0,0.068,COD,4.0,False
ORD-100602,04/08/2022,CUST-24761,UK,Sony,Xperia 10 V,937.8,5.0,0.037,Bank Transfer,3.1,False
ORD-103824,02/15/2022,CUST-93122,Germany,apple,iPhone 15,1295.75,4.0,0.025,PayPal,3.4,False
ORD-104720,04/06/2023,CUST-15918,India,Samsung,Galaxy A54,1396.0,3.0,0.346,Bank Transfer,4.0,1
ORD-101321,2023-01-28,CUST-67461,India,ONEPLUS,OnePlus Nord 3,878.6,4.0,0.116,COD,3.7,
ORD-103795,2024-07-27,CUST-19170,Germany,Samsung,Galaxy S24,856.31,4.0,0.292,,4.2,False
ORD-104425,,CUST-50172,France,Google,Pixel 8,154.5,-1.0,0.361,UPI,3.3,False
ORD-100318,2023-09-01,CUST-38602,France,SAMSUNG,Galaxy A54,1418.97,1.0,0.103,PayPal,1.0,False
ORD-102792,25-05-2024,CUST-50382,Brazil,SAMSUNG,Galaxy S24,722.16,1.0,0.389,PayPal,4.3,False
ORD-100915,23-03-2024,CUST-99057,Germany,apple,iPhone 15,254.6,1.0,0.102,Bank Transfer,2.7,no
ORD-100274,27-09-2024,CUST-89365,Germany,Sony,Xperia 10 V,1300.43,2.0,0.374,UPI,,False
ORD-104950,2022-09-12,CUST-83666,Canada,OnePlus,OnePlus Nord 3,1135.96,1.0,0.228,UPI,2.6,False
ORD-100549,22-03-2023,CUST-51532,Australia,Xiaomi,Redmi Note 13,,5.0,0.054,PayPal,2.7,True
ORD-102387,2023-09-24,CUST-30046,USA,Sony,Xperia 1 V,239.01,4.0,0.369,Bank Transfer,4.3,0
ORD-101592,30-10-2024,CUST-12145,Germany,Motorola,Moto G53,1031.79,3.0,0.234,Credit Card,2.0,no
ORD-104971,17-07-2024,CUST-22634,Australia,google,Pixel 8,265.36,3.0,0.089,Credit Card,3.0,1
ORD-103039,2023-09-09,CUST-12740,France,OnePlus,OnePlus 12,668.73,4.0,1.192,Debit Card,4.1,True
ORD-100605,10/28/2024,CUST-16795,UK,Sony,Xperia 5 V,654.75,3.0,0.321,PayPal,4.4,False
ORD-101020,12/14/2023,CUST-36783,Brazil,Apple,iPhone 15,485.93,2.0,0.069,Debit Card,2.3,False
ORD-100527,2024-11-14,CUST-10610,Australia,oneplus,OnePlus 12,720.16,2.0,0.054,Bank Transfer,3.8,False
ORD-104237,27-05-2023,CUST-14252,U.K.,Xiaomi,Redmi 12,780.51,5.0,0.134,UPI,4.5,1
ORD-103765,14-10-2022,CUST-55282,Singapore,Xiaomi,Redmi 12,479.9,4.0,0.269,UPI,5.0,True
ORD-104101,2024-10-30,CUST-86228,Germany,Sony,Xperia 5 V,857.92,1.0,0.052,PayPal,2.2,False
ORD-100829,2022-08-26,CUST-26054,U.K.,APPLE,iPhone 14,273.59,4.0,0.209,UPI,2.5,True
ORD-103903,07/15/2023,CUST-23104,Germany,Xiaomi,,1059.42,3.0,0.202,Credit Card,1.9,True
ORD-104904,2022-08-29,CUST-39206,UK,xiaomi,Redmi 12,1487.82,2.0,0.289,COD,1.2,True
ORD-104059,17-01-2023,CUST-62065,,Apple,iPhone SE,761.61,4.0,0.091,Debit Card,2.5,False
ORD-104331,2023-09-21,CUST-59105,UK,xiaomi,POCO F5,1273.62,1.0,0.21,Debit Card,2.1,no
ORD-100298,04-10-2023,CUST-29002,India,Google,,661.43,5.0,0.054,UPI,2.9,yes
ORD-100068,19-09-2024,CUST-83483,USA,APPLE,iPhone 15 Pro,366.41,2.0,0.118,UPI,2.6,False
ORD-104260,28-05-2023,CUST-26564,Canada,google,Pixel 8 Pro,1480.67,5.0,0.337,COD,4.6,False
ORD-104235,2024-04-11,CUST-34581,Singapore,Xiaomi,POCO F5,686.87,1.0,0.353,COD,1.8,False
ORD-104420,2024-07-12,CUST-19130,India,OnePlus,OnePlus Nord 3,514.82,3.0,,COD,1.6,False
ORD-103855,2024-09-02,CUST-53660,Singapore,APPLE,iPhone 15,251.46,1.0,0.063,UPI,1.2,yes
ORD-101301,07/04/2023,CUST-98161,India,APPLE,iPhone SE,901.99,1.0,0.02,Bank Transfer,1.6,
ORD-102275,08-12-2023,CUST-18287,UK,Google,Pixel 8,779.14,3.0,0.056,COD,3.3,
ORD-101412,2023-12-27,CUST-87651,india ,Google,Pixel 8 Pro,396.3,3.0,0.012,UPI,1.2,0
ORD-100150,2022-08-16,CUST-23043,Australia,ONEPLUS,OnePlus 11,1206.8,2.0,0.306,COD,4.2,False
ORD-100756,06/22/2024,CUST-77103,france,SAMSUNG,Galaxy A54,637.5,5.0,0.11,Debit Card,2.0,False
ORD-103411,2024-01-26,CUST-85929,Brazil,apple,iPhone 15,808.33,4.0,0.213,,3.9,False
ORD-102554,29-11-2022,CUST-47637,France,OnePlus,OnePlus 11,,5.0,0.163,PayPal,2.2,
ORD-101149,02/26/2022,CUST-70573,uk,Google,Pixel 8,197.17,5.0,0.147,UPI,1.9,False
ORD-103783,2022-07-01,CUST-96222,Germany,APPLE,iPhone 15,1461.57,4.0,0.101,UPI,3.1,1
ORD-104345,10-03-2024,CUST-40023,Canada,ONEPLUS,OnePlus 11,1441.39,2.0,0.371,Debit Card,4.4,
ORD-102555,12/12/2022,CUST-93042,Australia,Sony,Xperia 1 V,213.57,1.0,0.376,Credit Card,2.4,False
ORD-104350,2024-09-01,CUST-32460,Canada,APPLE,iPhone 14,436.25,4.0,0.073,Debit Card,1.6,True
ORD-100376,09/29/2023,CUST-98806,Canada,Sony,Xperia 1 V,613.94,1.0,0.276,Bank Transfer,4.3,1
ORD-103684,07-06-2022,CUST-93651,UK,Motorola,Moto G84,1299.15,4.0,0.307,Debit Card,2.0,True
ORD-103036,11-09-2024,CUST-13568,Japan,,iPhone 15,0.0,4.0,0.127,PayPal,3.6,True
ORD-100859,02/26/2023,CUST-18265,France,xiaomi,Redmi 12,1212.26,2.0,0.27,UPI,2.2,False
ORD-102282,08-02-2024,CUST-64415,,xiaomi,Redmi Note 13,394.84,1.0,,Credit Card,2.8,False
ORD-101499,2024-09-05,CUST-50042,Brazil,APPLE,iPhone SE,604.48,5.0,,PayPal,4.1,no
ORD-100378,2022-01-29,CUST-17485,France,SAMSUNG,Galaxy A54,833.29,3.0,,,1.2,yes
ORD-104432,2023-12-22,CUST-98308,USA,Samsung,Galaxy S23,883.54,1.0,,UPI,,False
ORD-101514,2024-04-07,CUST-61028,United Kingdom,Sony,Xperia 5 V,1457.44,3.0,0.298,COD,3.6,1
ORD-102895,01/29/2023,CUST-28138,U.K.,Xiaomi,POCO F5,1356.54,5.0,0.108,Credit Card,3.8,False
ORD-101002,12/10/2024,CUST-22928,Canada,samsung,Galaxy S24,1213.04,2.0,0.047,Debit Card,5.0,0
ORD-101405,01-11-2024,CUST-55571,USA,OnePlus,OnePlus Nord 3,165.43,3.0,0.113,Credit Card,4.1,0
ORD-102002,05/25/2024,CUST-52108,Australia,Samsung,Galaxy S24,1335.22,1.0,0.195,Credit Card,2.3,0
ORD-104448,09/10/2023,CUST-89211,India,google,Pixel 7a,,2.0,0.12,Bank Transfer,2.2,False
ORD-104482,11-10-2024,CUST-20380,USA,Apple,iPhone 14,860.99,3.0,0.347,Credit Card,5.0,False
ORD-104993,14-08-2023,CUST-43587,,Apple,iPhone 15 Pro,735.88,2.0,0.106,UPI,3.7,yes
ORD-103007,2023-03-07,CUST-93283,France,Motorola,Moto G53,290.03,2.0,0.149,Bank Transfer,2.3,False
ORD-102348,2022-06-19,CUST-40247,France,OnePlus,OnePlus Nord 3,1071.02,4.0,0.274,PayPal,,1
ORD-102932,2024-07-22,CUST-51696,France,OnePlus,OnePlus 12,791.34,3.0,0.026,Bank Transfer,3.5,True
ORD-100794,01/23/2023,CUST-88149,Singapore,Samsung,Galaxy S24,187.31,5.0,0.199,PayPal,2.7,no
ORD-102614,03/28/2022,CUST-48648,France,OnePlus,OnePlus Nord 3,1477.8,1.0,0.043,PayPal,1.7,False
ORD-100841,02/08/2024,CUST-93097,United States,OnePlus,OnePlus 12,556.02,5.0,0.26,COD,2.8,no
ORD-101729,2022-06-09,CUST-76050,USA,Motorola,Edge 40 Pro,1325.25,3.0,,Credit Card,4.3,
ORD-101371,04/25/2022,CUST-12812,Brazil,Samsung,Galaxy A54,1105.55,5.0,0.328,UPI,1.5,no
ORD-100175,07/09/2023,CUST-52987,Canada,XIAOMI,Redmi 12,642.8,3.0,0.241,PayPal,3.8,yes
ORD-104160,09/10/2023,CUST-97656,Japan,Xiaomi,Xiaomi 14,1242.14,3.0,0.232,Debit Card,3.0,False
ORD-102833,2023-07-09,CUST-89140,United States,Motorola,Moto G53,968.43,2.0,0.087,Credit Card,2.1,True
ORD-102576,2024-07-01,CUST-29520,uk,Motorola,Moto G84,1006.68,2.0,0.121,COD,1.4,False
ORD-100045,25-09-2023,CUST-78528,Germany,,OnePlus 11,1479.17,3.0,0.3,COD,1.5,False
ORD-103768,2022-08-08,CUST-62437,Japan,OnePlus,OnePlus Nord 3,565.54,5.0,0.341,,3.4,0
ORD-104584,22-09-2022,CUST-67811,Brazil,xiaomi,POCO F5,771.28,5.0,0.202,Debit Card,1.7,True
ORD-101871,06-08-2024,CUST-16957,Brazil,Samsung,Galaxy S24,847.12,5.0,0.045,PayPal,3.6,0
ORD-104316,26-06-2023,CUST-96612,USA,Google,Pixel 7a,1220.01,4.0,0.304,Bank Transfer,4.5,yes
ORD-100896,12/10/2023,CUST-96339,Germany,google,Pixel 7a,612.75,3.0,0.379,COD,4.3,1
ORD-101595,2024-10-17,CUST-23733,Japan,OnePlus,OnePlus 12,960.09,1.0,0.35,Bank Transfer,2.6,yes
ORD-103227,05/12/2023,CUST-43612,India,GOOGLE,Pixel 8 Pro,765.52,1.0,0.349,Credit Card,3.5,False
ORD-103518,2022-07-03,CUST-86062,USA,Xiaomi,POCO F5,759.27,3.0,0.026,Bank Transfer,4.9,False
ORD-104878,29-07-2024,CUST-38814,India,Xiaomi,Redmi Note 13,1342.51,1.0,0.373,Bank Transfer,1.8,no
ORD-104861,03/02/2023,CUST-81728,Australia,Apple,iPhone 15,1497.63,5.0,0.353,UPI,3.5,False
ORD-101782,08/05/2022,CUST-55765,Brazil,Apple,iPhone 14,852.06,5.0,0.16,COD,4.7,no
ORD-103784,24-07-2022,CUST-68535,UK,OnePlus,OnePlus 11,1468.08,5.0,0.238,COD,2.8,no
ORD-101669,15-10-2024,CUST-79297,Brazil,Sony,Xperia 1 V,220.67,3.0,0.383,COD,3.0,False
ORD-102505,03/11/2023,CUST-47402,France,xiaomi,Redmi 12,1459.95,3.0,0.076,UPI,3.9,False
ORD-100283,2023-08-25,CUST-75063,USA,Xiaomi,Redmi 12,1075.54,3.0,0.113,PayPal,3.6,0
ORD-101626,15-03-2022,CUST-39069,UK,Motorola,Moto G53,255.54,5.0,,Bank Transfer,1.2,1
ORD-102749,15-06-2022,CUST-68464,India,Sony,Xperia 10 V,354.47,3.0,0.018,Credit Card,3.3,no
ORD-101361,2023-06-02,CUST-41599,India,Samsung,Galaxy A54,654.42,1.0,0.249,Credit Card,3.5,True
ORD-101417,10/30/2023,CUST-42701,India,Apple,,531.49,1.0,0.197,COD,2.9,1
ORD-103904,2023-07-24,CUST-56967,France,Samsung,Galaxy Z Fold 5,,2.0,0.308,Bank Transfer,2.8,True
ORD-101752,06/20/2023,CUST-79947,France,samsung,Galaxy Z Fold 5,1399.99,3.0,0.221,Bank Transfer,3.8,1
ORD-104957,2024-09-19,CUST-42079,Japan,APPLE,iPhone 15 Pro,162.98,4.0,0.263,Credit Card,2.8,True
ORD-102978,10-05-2022,CUST-19953,Canada,Xiaomi,POCO F5,430.14,2.0,0.309,Bank Transfer,4.1,False
ORD-101485,10-12-2024,CUST-50463,Inda,SAMSUNG,Galaxy Z Fold 5,1117.6,2.0,0.092,Credit Card,3.2,False
ORD-104692,2022-05-01,CUST-71977,UK,Samsung,Galaxy S23,849.1,,0.345,PayPal,4.3,False
ORD-101209,01/07/2023,CUST-55076,Canada,ONEPLUS,OnePlus Nord 3,,3.0,0.357,,2.6,no
ORD-103206,04/25/2024,CUST-30075,Inda,Sony,,509.96,4.0,0.21,PayPal,1.5,no
ORD-102420,28-09-2023,CUST-60231,Australia,OnePlus,OnePlus 12,412.47,5.0,0.361,COD,3.0,no
ORD-102784,04-03-2024,CUST-91555,USA,Sony,Xperia 1 V,1369.8,1.0,0.042,Credit Card,4.2,yes
ORD-102955,2024-02-20,CUST-19227,UK,google,Pixel 7a,356.36,2.0,0.283,COD,2.8,
ORD-101338,23-11-2023,CUST-80106,India,google,Pixel 8 Pro,701.31,4.0,0.313,UPI,2.5,False
ORD-101084,03-11-2023,CUST-86122,India,oneplus,OnePlus 12,622.13,3.0,,Debit Card,1.1,True
ORD-104347,2024-02-27,CUST-65068,,xiaomi,Xiaomi 14,781.19,3.0,0.232,Credit Card,4.9,False
ORD-104633,31-02-2023,CUST-34983,France,Apple,iPhone SE,493.81,1.0,0.067,Debit Card,3.0,False
ORD-101919,09-10-2022,CUST-21589,UK,xiaomi,Redmi 12,,2.0,0.127,Bank Transfer,1.6,False
ORD-101578,2022-08-31,CUST-11128,Germany,OnePlus,OnePlus Nord 3,839.92,3.0,0.34,UPI,4.5,False
ORD-102103,06/25/2024,CUST-23404,UK,Google,Pixel 8,432.89,1.0,0.271,PayPal,1.4,False
ORD-100099,10/16/2023,CUST-96721,USA,Sony,Xperia 5 V,723.71,3.0,0.047,UPI,4.4,no
ORD-101740,18-03-2023,CUST-33450,USA,Google,Pixel 8 Pro,750.22,2.0,0.193,PayPal,4.6,False
ORD-101392,2024-02-08,CUST-74151,,OnePlus,OnePlus 12,412.14,5.0,0.272,PayPal,4.5,False
ORD-101437,08/19/2024,CUST-87957,Brazil,Apple,iPhone SE,949.98,2.0,0.305,Debit Card,3.5,yes
ORD-103263,07/11/2022,CUST-34000,Brazil,Xiaomi,Redmi Note 13,386.58,4.0,0.166,UPI,1.0,0
ORD-100351,2024-02-26,CUST-80121,Japan,Apple,iPhone 15 Pro,1397.56,1.0,0.396,PayPal,,1
ORD-102826,02/15/2023,CUST-39180,USA,Sony,Xperia 5 V,0.0,5.0,0.08,PayPal,1.5,False
ORD-102533,21-09-2022,CUST-76741,Australia,OnePlus,OnePlus 11,964.02,2.0,0.319,Bank Transfer,2.2,no
ORD-102603,20-09-2024,CUST-58561,USA,Xiaomi,POCO F5,321.39,1.0,0.256,UPI,2.1,1
ORD-104257,2022-03-28,CUST-14169,Japan,Google,Pixel 7a,734.81,5.0,0.018,Bank Transfer,2.3,False
ORD-100718,2024-06-19,CUST-72972,Brazil,Google,Pixel 7a,-999.0,4.0,0.034,Bank Transfer,1.0,False
ORD-103132,,CUST-61726,U.S.A,xiaomi,Redmi 12,292.9,1.0,0.318,,1.8,False
ORD-104446,23-10-2022,CUST-53972,Singapore,Google,Pixel 7a,744.22,4.0,0.29,UPI,3.3,False
ORD-103371,2024-04-19,CUST-10702,,Samsung,Galaxy S23,1358.18,4.0,0.172,PayPal,3.2,no
ORD-103485,21-05-2024,CUST-59936,UK,XIAOMI,Xiaomi 14,485.18,4.0,0.081,Credit Card,2.5,False
ORD-100308,2023-08-15,CUST-45882,UK,Sony,Xperia 10 V,548.32,1.0,0.394,Credit Card,4.6,False
ORD-104279,,CUST-83447,France,OnePlus,OnePlus 12,1128.66,1.0,0.308,Debit Card,4.9,0
ORD-100833,01/12/2024,CUST-41833,Brazil,google,Pixel 8 Pro,400.48,,0.383,Bank Transfer,1.3,False
ORD-100366,30-11-2022,CUST-65652,Brazil,Xiaomi,Redmi Note 13,478.02,4.0,0.064,Debit Card,2.0,True
ORD-102280,04/23/2024,CUST-90831,UK,Apple,iPhone 15,1414.11,5.0,0.038,UPI,2.4,True
ORD-103089,2022-06-15,CUST-81393,France,OnePlus,OnePlus Nord 3,,1.0,0.284,UPI,2.1,0
ORD-101881,21-04-2023,CUST-47591,india,google,Pixel 8,644.57,4.0,0.282,COD,4.8,no
ORD-103893,10/23/2024,CUST-26094,,Sony,Xperia 1 V,375.28,1.0,0.346,Debit Card,2.1,yes
ORD-102788,16-11-2023,CUST-13390,Germany,,Pixel 8 Pro,,1.0,0.12,PayPal,4.3,False
ORD-100949,05-07-2024,CUST-69122,Australia,ONEPLUS,OnePlus 11,1411.02,1.0,0.399,Credit Card,2.6,yes
ORD-104851,09-05-2024,CUST-39444,UK,google,Pixel 8 Pro,474.49,1.0,0.334,Debit Card,2.9,0
ORD-100019,2024-02-25,CUST-68673,India,Motorola,Edge 40 Pro,568.94,1.0,0.066,,1.6,True
ORD-103670,2023-03-28,CUST-20674,France,XIAOMI,Redmi 12,1416.38,2.0,0.061,UPI,2.0,False
ORD-102127,09-11-2024,CUST-12771,France,xiaomi,Redmi Note 13,835.1,,0.334,,3.4,0
ORD-102233,2022-05-12,CUST-46688,India,GOOGLE,Pixel 8,182.33,,0.385,UPI,1.5,False
ORD-100218,05-12-2024,CUST-68463,France,Motorola,Moto G53,849.13,999.0,0.099,UPI,4.2,False
ORD-103665,03/29/2024,CUST-92549,USA,Xiaomi,POCO F5,394.95,3.0,0.258,Bank Transfer,3.6,
ORD-100438,2023-06-06,CUST-37984,Singapore,Sony,Xperia 10 V,212.0,4.0,0.1,,3.2,True
ORD-103732,09-09-2023,CUST-94066,Brazil,ONEPLUS,OnePlus 12,477.09,3.0,0.057,COD,3.1,False
ORD-102906,,CUST-62663,Australia,Samsung,Galaxy A54,196.23,5.0,0.039,UPI,4.8,
ORD-101654,19-02-2023,CUST-94936,Canada,Google,Pixel 8 Pro,482.16,3.0,0.169,PayPal,3.4,False
ORD-103406,2024-12-26,CUST-54060,Canada,Apple,iPhone 14,967.29,3.0,0.226,UPI,1.4,True
ORD-103554,10/06/2022,CUST-11429,UK,OnePlus,,1344.66,4.0,0.187,COD,1.3,
ORD-102920,2023-11-06,CUST-66061,Brazil,,Xiaomi 14,426.73,5.0,0.2,Credit Card,5.0,no
ORD-104726,2023-03-28,CUST-71964,,ONEPLUS,OnePlus 12,182.56,2.0,0.001,Credit Card,3.8,True
ORD-104060,2024-03-11,CUST-40454,Australia,Google,Pixel 7a,239.41,5.0,0.162,UPI,3.7,True
ORD-102859,05/10/2022,CUST-26589,UK,Sony,Xperia 1 V,697.99,5.0,0.062,,1.7,False
ORD-100802,22-09-2024,CUST-64677,Germany,Motorola,Edge 40 Pro,761.07,1.0,0.358,UPI,3.5,1
ORD-103107,07-03-2023,CUST-74095,Australia,Google,Pixel 8 Pro,1095.95,4.0,0.189,PayPal,3.7,True
ORD-102304,05/04/2022,CUST-98503,U.K.,OnePlus,,686.01,2.0,0.171,UPI,-1.0,True
ORD-103853,13-09-2022,CUST-32461,Japan,Sony,Xperia 10 V,813.39,4.0,0.361,Credit Card,3.0,1
ORD-101413,08/23/2022,CUST-52168,France,Samsung,Galaxy Z Fold 5,1275.1,1.0,0.145,UPI,2.9,True
ORD-100582,2022-12-02,CUST-87227,U.K.,Samsung,Galaxy A54,316.99,1.0,0.379,Debit Card,1.1,0
ORD-100203,24-03-2024,CUST-18379,India,Xiaomi,Xiaomi 14,1280.46,,0.319,PayPal,3.8,1
ORD-104419,23-08-2024,CUST-36970,Germany,samsung,Galaxy S23,1433.32,3.0,0.072,Credit Card,1.8,1
ORD-103537,03/10/2024,CUST-45064,,Xiaomi,Redmi 12,1251.75,5.0,0.27,PayPal,2.5,True
ORD-100944,11/14/2024,CUST-84120,Inda,APPLE,iPhone SE,963.86,3.0,0.278,COD,2.9,no
ORD-102526,2022-07-19,CUST-26513,USA,Xiaomi,POCO F5,1155.31,4.0,0.131,PayPal,4.9,False
ORD-102252,23-10-2022,CUST-49080,Australia,Sony,Xperia 10 V,313.12,5.0,0.081,UPI,2.5,yes
ORD-103528,08-08-2023,CUST-14370,India,oneplus,OnePlus Nord 3,401.49,3.0,0.287,Debit Card,4.2,True
ORD-103357,05-03-2024,CUST-11588,Australia,oneplus,OnePlus 11,1284.92,3.0,0.272,PayPal,2.4,0
ORD-100964,01-08-2022,CUST-93687,Singapore,Sony,Xperia 5 V,,2.0,0.043,UPI,4.8,0
ORD-101095,2023-04-06,CUST-68477,Brazil,Xiaomi,Redmi Note 13,157.62,,0.371,COD,4.5,True
ORD-102029,2022-04-22,CUST-44646,USA,Motorola,Moto G53,1104.58,3.0,0.183,UPI,2.6,yes
ORD-103134,2024-10-16,CUST-76193,,OnePlus,,529.55,5.0,0.322,Bank Transfer,4.1,False
ORD-102197,01/09/2024,CUST-85888,Japan,Xiaomi,Redmi 12,481.22,3.0,0.14,PayPal,3.7,False
ORD-103470,2023-12-11,CUST-16487,Australia,GOOGLE,Pixel 7a,344.45,3.0,0.267,Debit Card,3.0,yes
ORD-100517,24-07-2022,CUST-66627,Singapore,ONEPLUS,OnePlus Nord 3,1316.2,4.0,0.361,Bank Transfer,3.1,False
ORD-102369,13-12-2024,CUST-27668,India,Xiaomi,Redmi 12,758.77,4.0,0.178,PayPal,2.3,1
ORD-103473,07/30/2022,CUST-41391,U.S.A,Xiaomi,Redmi Note 13,1099.21,2.0,0.323,Bank Transfer,2.5,False
ORD-101943,15-06-2023,CUST-30229,UK,Xiaomi,Redmi 12,828.24,3.0,,Debit Card,2.3,False
ORD-100668,2024-04-14,CUST-18350,Japan,Apple,iPhone SE,636.64,5.0,0.146,Debit Card,2.2,yes
ORD-104275,2022-08-16,CUST-78984,,Motorola,Edge 40 Pro,363.08,5.0,0.128,Debit Card,3.6,False
ORD-102480,20-07-2023,CUST-38623,Australia,SAMSUNG,Galaxy Z Fold 5,1202.25,1.0,0.237,Credit Card,4.5,1
ORD-104990,06/27/2024,CUST-32992,Germany,apple,iPhone 15,470.08,4.0,0.243,Debit Card,2.8,False
ORD-103852,2023-11-17,CUST-38156,India,samsung,Galaxy Z Fold 5,370.27,3.0,0.237,PayPal,2.6,
ORD-102609,30-06-2022,CUST-64261,U.S.A,Google,Pixel 8 Pro,996.83,4.0,0.338,Debit Card,1.2,True
ORD-102292,2022-05-16,CUST-78654,INDIA,OnePlus,OnePlus 12,1019.86,4.0,0.207,Bank Transfer,3.0,True
ORD-104460,12-10-2024,CUST-97587,Australia,Google,Pixel 7a,909.13,2.0,0.247,,1.6,0
ORD-102194,28-04-2022,CUST-63946,Canada,Samsung,Galaxy A54,628.96,3.0,0.03,Debit Card,3.9,False
ORD-104105,08/28/2024,CUST-89375,Singapore,Motorola,Edge 40 Pro,706.26,2.0,0.127,Debit Card,2.2,False
ORD-103513,12/22/2024,CUST-31135,Singapore,APPLE,iPhone 15 Pro,628.44,5.0,0.089,UPI,4.1,False
ORD-104923,03/18/2022,CUST-60154,India,apple,iPhone SE,723.27,1.0,0.218,Debit Card,2.8,False
ORD-100759,,CUST-43829,France,APPLE,iPhone 15 Pro,1090.29,3.0,0.142,UPI,1.5,False
ORD-104030,2024-11-17,CUST-16600,UK,Samsung,Galaxy S24,213.27,4.0,0.259,UPI,1.2,False
ORD-101988,10/18/2022,CUST-41454,Australia,OnePlus,OnePlus 11,1162.85,3.0,0.007,Debit Card,2.0,False
ORD-100214,2022-05-31,CUST-75981,Canada,Google,Pixel 8,668.32,2.0,0.152,COD,4.9,False
ORD-104739,2023-07-10,CUST-10857,uk,ONEPLUS,OnePlus Nord 3,859.23,2.0,0.21,UPI,2.3,False
ORD-103965,09/11/2022,CUST-88914,Australia,Xiaomi,POCO F5,196.14,4.0,0.221,COD,3.5,0
ORD-102115,2024-09-07,CUST-53410,,Sony,Xperia 10 V,1009.7,2.0,0.14,Credit Card,2.7,False
ORD-103856,2024-10-10,CUST-69998,FRANCE,SAMSUNG,,554.71,4.0,0.223,COD,1.0,True
ORD-100196,05/24/2024,CUST-31067,India,APPLE,iPhone 15 Pro,913.37,4.0,0.159,Bank Transfer,2.0,False
ORD-101115,2024-08-05,CUST-84539,France,Samsung,Galaxy Z Fold 5,995.24,3.0,0.219,Credit Card,4.0,False
ORD-102722,11/11/2024,CUST-52368,France,Sony,Xperia 1 V,1313.73,5.0,0.109,UPI,4.6,0
ORD-104145,2022-10-27,CUST-76589,France,Apple,iPhone 14,538.98,2.0,0.042,UPI,1.5,0
ORD-100887,2024-05-06,CUST-19747,india,Google,Pixel 7a,1256.06,1.0,0.141,PayPal,5.0,yes
ORD-101424,2022-02-16,CUST-13591,Singapore,oneplus,OnePlus Nord 3,584.05,4.0,0.205,COD,3.6,True
ORD-102887,25-11-2023,CUST-12978,Germany,OnePlus,OnePlus Nord 3,1145.24,2.0,0.384,Debit Card,2.3,True
ORD-100568,,CUST-69395,GERMANY,Xiaomi,POCO F5,821.33,4.0,0.013,Debit Card,2.6,yes
ORD-101730,10/02/2024,CUST-54125,UK,Apple,iPhone 14,1281.33,4.0,0.008,Credit Card,3.2,0
ORD-103573,05-03-2022,CUST-85256,India,OnePlus,OnePlus Nord 3,487.37,3.0,0.371,Debit Card,4.5,False
ORD-100139,2023-05-22,CUST-81859,Germany,SAMSUNG,Galaxy S24,404.75,4.0,0.091,UPI,3.2,no
ORD-101293,31-05-2023,CUST-65697,Japan,,Galaxy S24,184.74,1.0,0.225,Credit Card,3.9,False
ORD-104391,07-04-2023,CUST-74235,FRANCE,OnePlus,,1261.74,1.0,0.33,Debit Card,2.1,False
ORD-101634,09/06/2022,CUST-25614,Japan,Google,Pixel 7a,1258.43,5.0,0.115,UPI,4.7,False
ORD-100463,2023-01-14,CUST-92779,USA,xiaomi,POCO F5,1231.44,4.0,0.185,PayPal,3.4,True
ORD-102407,04/21/2023,CUST-24818,France,Google,Pixel 8,1116.58,2.0,0.293,Debit Card,,0
ORD-100594,31-02-2023,CUST-22950,Australia,Apple,iPhone 14,814.31,2.0,0.164,Debit Card,2.8,yes
ORD-102245,03/28/2024,CUST-87050,,Xiaomi,Redmi Note 13,688.24,5.0,0.19,Debit Card,2.3,1
ORD-100450,2023-02-07,CUST-56869,USA,apple,iPhone 14,307.24,1.0,0.15,COD,3.2,False
ORD-101835,23-01-2022,CUST-64737,Canada,ONEPLUS,OnePlus 11,317.58,5.0,0.376,Bank Transfer,,False
ORD-101886,31-02-2023,CUST-19064,U.K.,SAMSUNG,Galaxy Z Fold 5,1466.56,4.0,0.338,UPI,4.5,False
ORD-103320,2023-11-18,CUST-64385,Canada,SAMSUNG,Galaxy S23,157.49,1.0,0.276,Debit Card,,False
ORD-101550,2022-12-09,CUST-24641,Inda,Google,Pixel 7a,610.73,2.0,0.21,Credit Card,3.9,0
ORD-101272,2023-07-08,CUST-63076,USA,Sony,Xperia 5 V,243.28,3.0,0.346,COD,1.3,0
ORD-102086,05-08-2024,CUST-53885,Singapore,,,835.28,1.0,0.012,COD,2.7,False
ORD-104864,2022-09-13,CUST-51196,FRANCE,Motorola,Moto G84,1345.67,1.0,0.391,COD,1.8,False
ORD-104084,04/04/2022,CUST-42394,Japan,samsung,Galaxy S23,326.48,5.0,0.367,UPI,4.9,True
ORD-103803,04/29/2022,CUST-83347,Japan,Apple,iPhone 14,944.18,5.0,0.321,COD,2.0,False
ORD-104371,2023-09-16,CUST-77323,Brazil,Sony,Xperia 5 V,1485.57,5.0,0.045,Bank Transfer,4.7,0
ORD-103491,2022-08-11,CUST-38349,Singapore,OnePlus,OnePlus 11,318.58,4.0,0.166,COD,1.6,no
ORD-104757,03-09-2024,CUST-46060,Canada,samsung,Galaxy S24,,3.0,0.331,Credit Card,2.3,1
ORD-100999,12-02-2022,CUST-73625,France,SAMSUNG,Galaxy S23,647.93,4.0,0.08,Debit Card,2.4,True
ORD-102312,2023-01-15,CUST-59583,USA,oneplus,OnePlus 11,1010.74,1.0,0.283,Bank Transfer,3.0,True
ORD-104293,16-03-2022,CUST-57946,USA,Motorola,Edge 40 Pro,222.52,2.0,0.227,PayPal,1.7,1
ORD-100192,30-07-2024,CUST-94305,Singapore,OnePlus,OnePlus Nord 3,1167.16,1.0,0.093,Credit Card,2.4,False
ORD-103873,2024-12-11,CUST-56283,Canada,Sony,Xperia 1 V,624.53,4.0,0.083,PayPal,2.7,False
ORD-104248,25-11-2024,CUST-25876,Australia,SAMSUNG,Galaxy A54,916.75,3.0,0.329,PayPal,4.1,False
ORD-104767,09-07-2024,CUST-79308,Canada,Xiaomi,POCO F5,1017.39,4.0,0.165,Debit Card,3.4,yes
ORD-104299,25-04-2024,CUST-29611,Singapore,Sony,Xperia 5 V,1327.27,4.0,,Debit Card,2.5,False
ORD-104497,2024-03-07,CUST-75445,Australia,Xiaomi,Redmi Note 13,1328.66,2.0,0.305,Credit Card,,yes
ORD-102091,10-02-2023,CUST-92111,USA,oneplus,OnePlus 12,233.36,4.0,0.256,Credit Card,2.2,1
ORD-102642,27-10-2023,CUST-13138,Canada,ONEPLUS,OnePlus Nord 3,277.98,5.0,0.124,Credit Card,1.2,no
ORD-104440,2023-06-23,CUST-52493,France,Samsung,Galaxy S23,1144.01,5.0,0.1,Bank Transfer,2.5,1
ORD-101777,2023-03-19,CUST-68270,Germany,OnePlus,OnePlus 12,615.8,3.0,0.176,Debit Card,2.4,1
ORD-103592,04/19/2023,CUST-64713,UK,APPLE,iPhone 14,566.03,5.0,0.165,Debit Card,4.6,True
ORD-104838,2024-11-15,CUST-30939,United Kingdom,Xiaomi,,1106.42,4.0,0.083,Bank Transfer,2.3,1
ORD-101433,2022-09-14,CUST-32059,Singapore,Xiaomi,Redmi 12,1011.45,3.0,0.341,UPI,3.9,False
ORD-102751,04/07/2024,CUST-24916,Australia,Google,Pixel 7a,1152.88,2.0,0.382,Credit Card,2.3,False
ORD-103078,04/17/2022,CUST-70051,Japan,Apple,iPhone 15 Pro,248.2,4.0,0.162,,4.9,False
ORD-104828,2024-06-23,CUST-42187,India,apple,iPhone 15,704.24,1.0,0.227,COD,2.0,True
ORD-103138,12/13/2024,CUST-97836,France,Sony,Xperia 5 V,1471.12,4.0,0.285,PayPal,2.6,0
ORD-102596,03/22/2024,CUST-70244,France,Google,Pixel 7a,645.95,2.0,0.213,UPI,2.1,False
ORD-104995,08/05/2022,CUST-77622,UK,samsung,Galaxy A54,1153.32,,,PayPal,4.6,
ORD-100191,2023-06-27,CUST-21005,USA,Apple,iPhone 15 Pro,1186.33,2.0,0.05,PayPal,4.7,True
ORD-101554,,CUST-98064,Singapore,OnePlus,OnePlus 11,1322.85,3.0,0.176,UPI,2.3,1
ORD-101786,2024-05-08,CUST-71983,France,ONEPLUS,OnePlus 11,,,0.022,Credit Card,4.4,False
ORD-103082,2024-07-19,CUST-69180,Singapore,oneplus,OnePlus Nord 3,775.87,4.0,0.181,UPI,3.3,False
ORD-103703,25-07-2024,CUST-53878,India,APPLE,iPhone 14,593.23,3.0,0.159,UPI,2.4,0
ORD-101268,02-02-2023,CUST-19407,Singapore,Samsung,Galaxy S24,651.82,4.0,0.032,Credit Card,2.5,1
ORD-103046,2024-03-08,CUST-58385,Australia,Motorola,Edge 40 Pro,314.37,1.0,0.051,PayPal,1.3,True
ORD-101697,2022-01-27,CUST-72303,USA,Motorola,,1069.55,1.0,0.231,Bank Transfer,4.4,
ORD-104037,05/18/2024,CUST-41783,Canada,samsung,Galaxy Z Fold 5,362.67,1.0,0.167,PayPal,1.6,False
ORD-103774,2023-06-04,CUST-69464,Australia,OnePlus,OnePlus Nord 3,580.7,1.0,0.133,Debit Card,4.9,1
ORD-102876,14-07-2023,CUST-26986,Australia,XIAOMI,Redmi Note 13,1099.01,1.0,0.099,COD,1.5,False
ORD-103519,04-12-2024,CUST-14182,Germany,XIAOMI,Redmi Note 13,938.19,5.0,0.125,Bank Transfer,1.3,False
ORD-100312,2023-06-05,CUST-77228,UK,,Galaxy S24,388.21,3.0,0.013,Bank Transfer,4.1,False
ORD-103189,19-06-2023,CUST-56909,Canada,Sony,Xperia 10 V,410.59,1.0,0.209,COD,1.8,no
ORD-100166,,CUST-72684,Canada,OnePlus,OnePlus Nord 3,1192.0,2.0,0.209,PayPal,4.2,False
ORD-103849,06/13/2023,CUST-71427,USA,Apple,iPhone 15,1232.73,4.0,0.4,Credit Card,3.4,1
ORD-104435,05/22/2022,CUST-98120,USA,Samsung,Galaxy A54,505.3,5.0,0.243,COD,2.5,True
ORD-101024,07/24/2023,CUST-10003,USA,samsung,Galaxy S24,1333.71,5.0,0.108,COD,1.7,False
ORD-102217,09/11/2024,CUST-12014,UK,samsung,Galaxy Z Fold 5,851.29,3.0,0.323,Debit Card,1.4,1
ORD-103886,21-11-2023,CUST-13515,Brazil,OnePlus,OnePlus 11,1270.46,2.0,0.051,COD,4.3,True
ORD-101322,08/11/2024,CUST-74757,uk,oneplus,,246.47,3.0,0.173,Debit Card,5.6,False
ORD-101918,01/02/2023,CUST-19662,Japan,apple,iPhone 14,1043.09,2.0,0.181,UPI,2.1,0
ORD-103568,16-08-2023,CUST-96548,UK,Motorola,Edge 40 Pro,1082.14,4.0,0.355,PayPal,2.9,no
ORD-101126,21-09-2023,CUST-53052,France,google,Pixel 7a,572.98,5.0,0.262,PayPal,2.0,True
ORD-102486,24-12-2023,CUST-39997,Canada,apple,iPhone 15,1227.98,3.0,0.375,PayPal,4.0,1
ORD-104225,2024-01-18,CUST-62646,India,Motorola,Edge 40 Pro,488.38,5.0,0.388,Credit Card,2.8,True
ORD-100152,05-01-2023,CUST-36197,France,GOOGLE,Pixel 7a,830.48,3.0,0.201,COD,2.0,False
ORD-102619,2023-01-06,CUST-15346,India,Samsung,Galaxy S24,624.96,3.0,0.288,PayPal,3.2,1
ORD-104764,2023-01-05,CUST-89296,UK,apple,iPhone 15 Pro,1109.83,3.0,0.355,Credit Card,1.9,1
ORD-102694,09/13/2024,CUST-81486,Singapore,Samsung,Galaxy A54,1126.85,1.0,0.079,PayPal,1.4,yes
ORD-101557,2024-02-24,CUST-47183,Canada,,Redmi Note 13,981.88,1.0,0.343,,3.9,False
ORD-102617,06/20/2022,CUST-61245,uk,Motorola,Moto G53,1454.67,4.0,0.009,Credit Card,1.7,False
ORD-101971,2023-09-18,CUST-96231,France,,Galaxy A54,1102.31,4.0,0.267,PayPal,2.4,False
ORD-102964,02/26/2023,CUST-15131,Brazil,Google,Pixel 7a,,5.0,0.01,Bank Transfer,2.9,False
ORD-102478,04/08/2022,CUST-16222,Canada,ONEPLUS,OnePlus 11,235.65,2.0,0.211,Bank Transfer,2.9,False
ORD-104900,19-03-2022,CUST-83592,USA,Samsung,Galaxy Z Fold 5,642.58,3.0,0.384,Credit Card,,True
ORD-102997,03/16/2023,CUST-71754,Australia,Motorola,Moto G53,513.93,2.0,0.274,Bank Transfer,3.8,False
ORD-104944,2024-06-10,CUST-12352,Singapore,OnePlus,OnePlus 11,1440.88,5.0,0.113,COD,3.8,1
ORD-100031,2022-11-09,CUST-18139,U.K.,APPLE,iPhone 14,967.99,4.0,0.34,Bank Transfer,4.2,False
ORD-100937,2023-11-24,CUST-60205,Brazil,Apple,iPhone 15,565.53,2.0,0.262,PayPal,3.3,no
ORD-102221,07/22/2023,CUST-86047,Australia,Xiaomi,,303.47,4.0,0.252,Bank Transfer,4.5,0
ORD-100752,2022-05-16,CUST-23443,Canada,oneplus,OnePlus Nord 3,446.92,3.0,0.107,PayPal,4.5,yes
ORD-103858,15-05-2023,CUST-30389,FRANCE,Google,Pixel 8,1316.05,5.0,0.338,UPI,4.8,False
ORD-100309,2024-09-11,CUST-59999,Brazil,SAMSUNG,Galaxy S23,330.78,3.0,0.032,COD,,yes
ORD-102535,22-10-2022,CUST-23782,USA,Apple,iPhone 15 Pro,291.37,1.0,0.31,Bank Transfer,4.5,True
ORD-104182,11-07-2023,CUST-55269,FRANCE,Xiaomi,Redmi 12,1324.89,3.0,0.004,Credit Card,1.1,False
ORD-104938,2022-06-18,CUST-80425,France,Google,Pixel 8,1355.95,5.0,0.044,COD,1.8,no
ORD-102181,2023-03-27,CUST-29321,Germany,Samsung,Galaxy S24,1295.59,,0.186,Debit Card,2.7,0
ORD-100495,2022-04-22,CUST-60215,Australia,OnePlus,,466.03,2.0,0.049,COD,3.0,1
ORD-100205,2022-10-19,CUST-70780,Brazil,XIAOMI,Redmi 12,332.54,2.0,0.255,Credit Card,1.9,1
ORD-101135,2024-02-28,CUST-65742,Germany,Motorola,Edge 40 Pro,772.51,3.0,0.232,COD,3.9,True
ORD-102764,07/19/2022,CUST-47048,Germany,OnePlus,OnePlus 12,394.62,5.0,0.134,Debit Card,3.3,1
ORD-103477,2022-07-27,CUST-33763,Japan,,OnePlus 12,456.16,5.0,0.338,Bank Transfer,1.8,0
ORD-104454,2023-02-20,CUST-16323,Brazil,Samsung,Galaxy S24,492.3,3.0,0.015,Credit Card,3.7,True
ORD-100305,17-10-2023,CUST-81838,France,Apple,,838.93,5.0,0.201,PayPal,3.8,True
ORD-103996,09-02-2023,CUST-24888,U.K.,Xiaomi,Redmi Note 13,877.82,1.0,0.114,Debit Card,3.2,False
ORD-101894,08/01/2024,CUST-30892,UK,samsung,Galaxy S24,703.29,4.0,0.19,Credit Card,2.9,0
ORD-101061,14-05-2022,CUST-48627,U.K.,Apple,iPhone SE,1469.41,-1.0,0.3,PayPal,1.4,False
ORD-100843,2023-12-30,CUST-73230,France,GOOGLE,Pixel 8,979.34,4.0,0.149,Debit Card,1.8,True
ORD-102805,10/29/2023,CUST-47134,Singapore,GOOGLE,Pixel 7a,,2.0,0.251,PayPal,1.7,no
ORD-104795,12-01-2023,CUST-88953,UK,ONEPLUS,OnePlus 11,1071.36,2.0,0.025,UPI,4.6,False
ORD-100211,12/15/2022,CUST-79074,USA,Samsung,Galaxy S24,709.47,4.0,0.042,COD,1.5,1
ORD-101108,19-06-2024,CUST-29853,Japan,Motorola,Moto G53,1016.71,4.0,0.138,COD,4.4,False
ORD-103845,08/28/2024,CUST-23633,,Apple,iPhone 14,982.8,3.0,0.376,Debit Card,2.3,False
ORD-100679,05/23/2023,CUST-99777,Japan,Motorola,Moto G84,970.94,5.0,0.186,COD,3.1,False
ORD-100565,11/02/2024,CUST-20469,Japan,SAMSUNG,Galaxy Z Fold 5,,2.0,0.28,PayPal,1.9,True
ORD-104149,24-01-2023,CUST-50878,India,google,Pixel 8 Pro,769.47,4.0,0.258,Debit Card,3.0,yes
ORD-103706,05/28/2023,CUST-83171,Canada,XIAOMI,Redmi Note 13,1411.57,1.0,0.195,Credit Card,2.2,False
ORD-100680,2022-05-18,CUST-29687,Germany,Samsung,Galaxy Z Fold 5,369.4,4.0,0.012,Bank Transfer,3.5,yes
ORD-100180,03/21/2023,CUST-15328,Singapore,Google,Pixel 7a,366.52,4.0,0.229,Debit Card,2.6,0
ORD-102750,2022-01-23,CUST-68123,India,Motorola,Moto G84,1355.61,3.0,0.076,Credit Card,2.6,no
ORD-103668,22-02-2022,CUST-90147,Singapore,Xiaomi,Xiaomi 14,346.68,5.0,0.308,Bank Transfer,3.3,no
ORD-104398,2024-07-12,CUST-86529,India,google,Pixel 8,875.4,4.0,0.042,Credit Card,3.2,False
ORD-104434,17-01-2024,CUST-64162,U.K.,,OnePlus 12,190.71,,0.287,COD,1.4,False
ORD-100278,2022-10-02,CUST-38229,France,samsung,Galaxy A54,1043.76,4.0,0.272,,4.2,0
ORD-101181,2024-03-07,CUST-77764,USA,Apple,iPhone SE,1095.97,1.0,0.251,UPI,4.5,False
ORD-101995,05/10/2022,CUST-88229,india ,Sony,Xperia 5 V,1271.63,2.0,0.268,PayPal,3.7,0
ORD-100432,13-02-2023,CUST-67893,India,APPLE,iPhone 15 Pro,285.13,4.0,0.009,PayPal,1.2,0
ORD-100289,2024-11-09,CUST-70163,France,Google,,885.54,2.0,0.087,UPI,2.4,yes
ORD-101027,,CUST-34441,Singapore,Motorola,Moto G84,357.54,3.0,0.355,,1.7,True
ORD-100535,05/17/2024,CUST-98978,Canada,Sony,Xperia 10 V,541.34,4.0,0.186,UPI,4.5,False
ORD-103551,10/15/2024,CUST-96832,germany,Samsung,Galaxy Z Fold 5,1475.13,2.0,0.146,Bank Transfer,4.9,True
ORD-100188,12-11-2023,CUST-22404,Canada,APPLE,iPhone 15 Pro,546.84,2.0,0.38,PayPal,3.8,yes
ORD-103611,14-01-2022,CUST-69347,France,Motorola,Moto G53,342.55,5.0,0.015,Bank Transfer,3.9,1
ORD-104051,2023-08-10,CUST-14704,India,oneplus,OnePlus 12,1104.81,4.0,0.283,COD,2.5,False
ORD-101360,25-07-2022,CUST-38507,usa,GOOGLE,Pixel 7a,440.5,4.0,0.191,UPI,4.6,0
ORD-100270,2022-07-05,CUST-88530,Japan,SAMSUNG,Galaxy S23,437.1,3.0,0.096,COD,1.8,True
ORD-101755,12/13/2024,CUST-90771,uk,google,Pixel 8 Pro,243.43,2.0,0.319,COD,2.6,False
ORD-104151,2022-01-09,CUST-38871,Canada,samsung,Galaxy A54,169.27,5.0,0.292,PayPal,4.3,no
ORD-102229,11/16/2022,CUST-96882,,ONEPLUS,OnePlus 11,534.52,3.0,0.144,PayPal,2.7,1
ORD-103825,2022-03-23,CUST-69272,UK,Samsung,Galaxy S23,332.63,1.0,0.001,UPI,1.7,False
ORD-100111,2023-06-19,CUST-87059,Canada,Xiaomi,Redmi Note 13,440.91,5.0,,Bank Transfer,4.0,yes
ORD-101170,04/13/2023,CUST-49851,Japan,Sony,Xperia 10 V,580.58,2.0,0.246,COD,4.5,False
ORD-104456,02/23/2024,CUST-75887,Canada,Sony,Xperia 1 V,347.02,5.0,0.194,Debit Card,2.1,0
ORD-100220,09/22/2023,CUST-27483,Japan,OnePlus,OnePlus 11,525.58,4.0,0.097,UPI,3.2,
ORD-103814,08/03/2024,CUST-51817,Germany,oneplus,OnePlus 11,821.39,5.0,0.254,Debit Card,2.6,0
ORD-100627,04-10-2024,CUST-47485,Germany,Google,Pixel 7a,1194.42,1.0,0.025,Debit Card,3.8,False
ORD-104661,,CUST-83411,UK,GOOGLE,Pixel 7a,787.6,1.0,0.132,COD,2.9,1
ORD-104606,06-02-2024,CUST-52688,Singapore,Xiaomi,Redmi 12,1249.95,4.0,0.266,Credit Card,3.0,
ORD-103740,2023-05-16,CUST-78712,Germany,Motorola,Edge 40 Pro,794.02,4.0,0.293,COD,2.5,False
ORD-100790,2024-12-22,CUST-89679,Australia,,Galaxy A54,798.64,4.0,,Bank Transfer,4.1,False
ORD-102077,,CUST-39023,Australia,google,Pixel 8 Pro,1277.13,3.0,0.253,COD,3.2,1
ORD-100461,01/20/2022,CUST-50701,USA,Xiaomi,Redmi 12,1014.09,3.0,0.317,UPI,1.4,False
ORD-104473,05/27/2023,CUST-43249,Brazil,OnePlus,OnePlus 12,596.88,3.0,,Credit Card,4.4,False
ORD-100551,2022-06-04,CUST-68849,Germany,OnePlus,OnePlus 11,1239.44,4.0,0.193,Debit Card,1.2,False
ORD-101210,2023-12-29,CUST-37669,Japan,Apple,iPhone 15 Pro,773.53,4.0,0.2,Credit Card,2.1,0
ORD-103231,31-02-2023,CUST-35756,Germany,samsung,Galaxy A54,504.23,4.0,0.336,PayPal,3.0,no
ORD-100198,2023-08-25,CUST-15935,UK,Xiaomi,Redmi 12,535.16,2.0,0.102,PayPal,4.8,False
ORD-102677,,CUST-77991,Singapore,Xiaomi,POCO F5,782.94,2.0,0.082,PayPal,2.3,no
ORD-101767,2022-08-30,CUST-99386,UK,Samsung,Galaxy Z Fold 5,399.91,2.0,0.242,COD,4.9,no
ORD-100402,05-10-2024,CUST-14145,Canada,OnePlus,OnePlus 11,1147.32,3.0,0.141,PayPal,0.0,1
ORD-103167,2022-01-04,CUST-31801,United Kingdom,Motorola,Moto G53,940.09,4.0,0.165,COD,4.7,0
ORD-102577,2023-03-26,CUST-29915,Canada,Sony,Xperia 1 V,989.93,1.0,,Debit Card,4.3,
ORD-104841,,CUST-71169,Japan,samsung,Galaxy S23,270.94,3.0,0.059,UPI,2.3,no
ORD-103939,2023-05-31,CUST-95112,Germany,Apple,iPhone 14,539.5,3.0,0.062,PayPal,3.6,True
ORD-103617,06/14/2023,CUST-64644,Canada,Xiaomi,Redmi Note 13,799.06,3.0,0.068,COD,1.9,0
ORD-104536,,CUST-58005,Brazil,Motorola,Moto G53,720.75,1.0,0.337,Bank Transfer,2.4,False
ORD-100650,03/27/2024,CUST-82264,Canada,Samsung,Galaxy S23,950.04,3.0,0.164,Bank Transfer,2.1,yes
ORD-100708,02-09-2024,CUST-33622,UK,Xiaomi,Xiaomi 14,,2.0,0.09,Debit Card,4.2,no
ORD-101569,09/07/2024,CUST-58807,U.S.A,Samsung,Galaxy S23,1137.82,2.0,0.305,Bank Transfer,1.3,False
ORD-104486,07-04-2023,CUST-86509,Australia,Apple,iPhone 14,1350.23,4.0,0.355,Debit Card,2.8,False
ORD-103466,2023-03-20,CUST-81206,uk,APPLE,iPhone SE,1352.4,1.0,0.046,PayPal,4.3,False
ORD-102413,04/04/2022,CUST-40192,Singapore,oneplus,OnePlus Nord 3,1137.41,2.0,0.08,Credit Card,1.7,False
ORD-101879,2024-05-01,CUST-70695,Canada,xiaomi,Redmi 12,1136.75,3.0,0.323,UPI,4.0,False
ORD-100314,11-04-2024,CUST-64255,Canada,Xiaomi,POCO F5,1292.34,5.0,0.382,Debit Card,4.8,no
ORD-103148,28-09-2023,CUST-86618,Brazil,Xiaomi,Redmi 12,999.54,1.0,0.333,UPI,2.0,False
ORD-104690,21-05-2022,CUST-92589,United Kingdom,ONEPLUS,OnePlus 12,778.14,1.0,0.116,PayPal,3.7,1
ORD-100113,2022-04-12,CUST-78448,India,APPLE,iPhone SE,799.51,1.0,0.326,Debit Card,4.3,True
ORD-100960,2024-07-07,CUST-20684,Canada,Xiaomi,Redmi 12,682.49,1.0,0.251,Credit Card,2.9,True
ORD-103014,17-09-2024,CUST-71567,,Motorola,Moto G53,226.08,5.0,0.045,Bank Transfer,1.2,1
ORD-102333,,CUST-60163,France,Xiaomi,Redmi Note 13,630.86,4.0,0.248,PayPal,,True
ORD-104800,14-01-2024,CUST-38658,Germany,Sony,Xperia 5 V,1059.89,3.0,0.291,Bank Transfer,,False
ORD-103441,08-09-2022,CUST-84270,INDIA,SAMSUNG,Galaxy A54,832.27,,0.399,Bank Transfer,4.3,False
ORD-103140,2024-08-28,CUST-46061,UK,Samsung,Galaxy Z Fold 5,1433.26,4.0,,Credit Card,1.1,False
ORD-101672,2024-03-20,CUST-77321,Canada,GOOGLE,Pixel 7a,907.81,4.0,0.094,PayPal,1.4,False
ORD-103311,10-11-2023,CUST-75509,United Kingdom,Xiaomi,Redmi Note 13,842.39,1.0,0.039,Credit Card,2.9,yes
ORD-104043,2022-02-20,CUST-43688,,OnePlus,OnePlus Nord 3,248.99,1.0,0.05,Bank Transfer,2.3,
ORD-103535,07/07/2022,CUST-12618,Japan,Google,Pixel 7a,213.81,,0.176,Debit Card,1.2,True
ORD-104602,02/05/2024,CUST-84973,France,xiaomi,,621.38,1.0,0.305,Bank Transfer,4.7,0
ORD-101926,04/19/2024,CUST-79004,france,samsung,Galaxy S24,588.56,4.0,0.108,Credit Card,4.7,1
ORD-104283,05/11/2022,CUST-24581,Canada,google,Pixel 8 Pro,1414.4,5.0,0.089,PayPal,3.0,False
ORD-102101,12/06/2022,CUST-91187,Germany,xiaomi,Redmi 12,1188.09,4.0,0.11,Debit Card,4.6,
ORD-100326,23-09-2022,CUST-68202,Canada,Motorola,Moto G53,871.86,2.0,0.122,PayPal,3.5,0
ORD-100604,07-11-2024,CUST-59605,USA,Apple,iPhone 14,949.57,1.0,0.25,Debit Card,3.2,yes
ORD-104258,08/24/2023,CUST-32837,USA,SAMSUNG,Galaxy S24,716.25,,0.051,UPI,2.1,False
ORD-103126,07-01-2023,CUST-77123,USA,Motorola,Moto G53,158.81,5.0,0.037,PayPal,1.1,1
ORD-103819,2022-01-05,CUST-88372,Brazil,Google,Pixel 8,1332.73,1.0,0.058,COD,4.0,False
ORD-102549,03/11/2024,CUST-86065,Brazil,GOOGLE,Pixel 8,358.28,1.0,0.378,Bank Transfer,4.5,yes
ORD-104687,21-06-2022,CUST-65114,India,samsung,Galaxy Z Fold 5,524.18,1.0,0.371,PayPal,1.2,False
ORD-102962,2024-09-20,CUST-77051,Germany,oneplus,OnePlus Nord 3,674.16,5.0,0.197,COD,2.9,False
ORD-101491,02/03/2024,CUST-93120,,google,Pixel 7a,223.3,4.0,0.2,Credit Card,1.1,1
ORD-103913,2023-08-20,CUST-13060,Australia,Motorola,Moto G84,1094.84,4.0,0.032,UPI,4.1,False
ORD-104247,08/19/2023,CUST-12551,France,Samsung,Galaxy S23,766.88,4.0,0.144,COD,2.7,False
ORD-104778,2024-09-26,CUST-89081,UK,GOOGLE,Pixel 7a,780.3,4.0,0.368,UPI,5.0,0
ORD-101728,2023-06-16,CUST-96788,Germany,Samsung,Galaxy Z Fold 5,1210.22,4.0,0.386,UPI,4.6,False
ORD-100789,03/21/2024,CUST-80012,India,Apple,iPhone 14,925.26,4.0,0.039,COD,3.0,False
ORD-102341,2024-02-26,CUST-52896,GERMANY,Xiaomi,POCO F5,483.12,4.0,0.276,Debit Card,1.8,0
ORD-104518,09/24/2022,CUST-73286,UK,Apple,iPhone 14,1353.21,3.0,0.129,COD,2.6,0
ORD-102939,27-09-2024,CUST-39335,Singapore,Xiaomi,Xiaomi 14,1427.76,4.0,0.145,PayPal,5.0,1
ORD-100871,23-05-2024,CUST-43936,United States,Samsung,Galaxy S24,930.04,2.0,0.003,Debit Card,2.3,False
ORD-102586,10/06/2023,CUST-67398,Canada,SAMSUNG,Galaxy S24,393.35,3.0,0.386,PayPal,1.7,False
ORD-101406,2022-10-22,CUST-59624,Brazil,Motorola,Moto G53,1014.89,4.0,0.12,Bank Transfer,1.9,
ORD-102633,2023-09-20,CUST-51961,Canada,xiaomi,Redmi Note 13,759.98,5.0,0.003,COD,4.8,False
ORD-100073,2022-10-21,CUST-76744,France,APPLE,iPhone 15,1397.1,4.0,0.001,Bank Transfer,2.1,False
ORD-103264,03-07-2022,CUST-90121,India,oneplus,OnePlus Nord 3,,2.0,0.103,COD,4.6,False
ORD-101503,07-07-2022,CUST-33960,USA,Apple,iPhone 15 Pro,754.01,1.0,0.045,COD,4.2,True
ORD-101421,2022-03-04,CUST-45004,Canada,Google,Pixel 8,1389.83,5.0,0.132,Credit Card,1.1,0
ORD-103119,22-10-2023,CUST-78623,USA,OnePlus,OnePlus 12,260.41,1.0,0.148,Bank Transfer,3.9,yes
ORD-100092,12/19/2022,CUST-40802,USA,Motorola,Edge 40 Pro,284.76,1.0,0.049,PayPal,4.0,1
ORD-104649,2024-02-27,CUST-84200,UK,xiaomi,Xiaomi 14,274.32,2.0,0.252,COD,4.9,no
ORD-103940,23-10-2023,CUST-73244,Brazil,APPLE,iPhone 14,99999.0,2.0,0.241,UPI,5.0,0
ORD-102850,2024-03-30,CUST-56706,USA,Xiaomi,POCO F5,1480.84,3.0,0.044,UPI,1.1,False
ORD-102988,09-02-2022,CUST-46599,India,XIAOMI,Redmi 12,1098.2,,0.165,COD,1.5,1
ORD-101831,25-03-2022,CUST-58929,USA,xiaomi,POCO F5,297.42,1.0,0.121,UPI,1.2,True
ORD-100494,18-06-2024,CUST-22774,Brazil,SAMSUNG,Galaxy A54,1421.87,2.0,0.18,Credit Card,4.6,False
ORD-103246,2023-05-08,CUST-90926,Japan,OnePlus,OnePlus Nord 3,1347.3,3.0,0.127,Credit Card,3.2,1
ORD-104130,2024-06-25,CUST-74593,Canada,Motorola,Moto G53,248.17,3.0,0.248,UPI,3.1,no
ORD-101340,02/04/2022,CUST-58949,France,Motorola,Edge 40 Pro,579.51,1.0,0.204,COD,2.0,1
ORD-101164,25-12-2024,CUST-96647,Singapore,apple,iPhone SE,816.85,5.0,0.244,Credit Card,1.7,1
ORD-102991,07-09-2023,CUST-88253,UK,Motorola,Moto G84,921.36,5.0,0.117,Credit Card,4.9,False
ORD-101837,02/26/2023,CUST-93332,U.S.A,Motorola,Moto G84,159.99,5.0,0.099,Bank Transfer,2.0,1
ORD-101583,19-01-2023,CUST-24719,Australia,Samsung,Galaxy A54,173.26,3.0,0.387,PayPal,2.9,False
ORD-102251,20-01-2024,CUST-22288,Singapore,Apple,iPhone 14,648.93,2.0,0.251,COD,2.0,False
ORD-101807,03/16/2023,CUST-82723,Singapore,OnePlus,OnePlus 12,348.23,3.0,0.027,,3.0,0
ORD-100618,28-05-2022,CUST-84972,Canada,Google,Pixel 7a,804.22,2.0,0.048,Debit Card,2.3,False
ORD-101803,2022-05-19,CUST-20381,,XIAOMI,Redmi Note 13,1129.66,1.0,0.206,PayPal,3.2,1
ORD-102441,,CUST-12729,Singapore,OnePlus,OnePlus 12,757.66,4.0,0.397,PayPal,2.4,False
ORD-103973,2023-09-26,CUST-89971,Australia,apple,iPhone SE,572.24,3.0,0.343,UPI,4.0,0
ORD-101295,2022-03-07,CUST-50969,Japan,APPLE,iPhone 14,945.92,4.0,0.107,COD,1.0,False
ORD-104092,2022-12-25,CUST-10294,Germany,Google,Pixel 8,1360.27,1.0,0.208,Bank Transfer,,False
ORD-104556,24-12-2023,CUST-26397,Canada,Sony,Xperia 10 V,534.75,3.0,0.194,Bank Transfer,2.8,False
ORD-100869,11/01/2022,CUST-36140,Brazil,Motorola,Edge 40 Pro,1055.92,1.0,0.12,Credit Card,2.7,True
ORD-102810,07/14/2023,CUST-59914,Japan,oneplus,OnePlus 11,934.96,3.0,0.336,PayPal,2.5,0
ORD-101042,2022-01-03,CUST-77411,Singapore,Motorola,Moto G84,925.17,5.0,0.152,UPI,2.0,1
ORD-104219,2022-04-19,CUST-91910,USA,google,Pixel 7a,442.57,5.0,0.394,Debit Card,1.5,1
ORD-100356,2023-12-17,CUST-74925,Japan,XIAOMI,Redmi Note 13,1047.61,5.0,0.072,Debit Card,4.1,0
ORD-101162,,CUST-16459,UK,Motorola,Moto G53,731.75,5.0,0.04,UPI,2.9,False
ORD-104087,2022-03-25,CUST-16381,Germany,SAMSUNG,Galaxy Z Fold 5,,1.0,0.18,Debit Card,2.2,False
ORD-104939,31-01-2023,CUST-28259,Singapore,GOOGLE,Pixel 8,216.45,4.0,0.216,,3.2,False
ORD-104314,06-12-2024,CUST-42113,France,XIAOMI,Redmi Note 13,1217.69,1.0,,COD,,1
ORD-102488,10/28/2023,CUST-26353,U.K.,Samsung,Galaxy Z Fold 5,318.6,5.0,1.435,COD,1.7,True
ORD-101874,06/16/2024,CUST-48037,India,Motorola,Edge 40 Pro,1194.42,5.0,0.141,UPI,1.9,yes
ORD-104667,2023-04-04,CUST-78859,India,OnePlus,OnePlus Nord 3,865.55,3.0,0.143,Credit Card,3.9,no
ORD-103671,2023-09-04,CUST-54329,Australia,GOOGLE,Pixel 7a,177.42,1.0,0.232,PayPal,2.3,0
ORD-104742,2023-06-09,CUST-83949,USA,ONEPLUS,OnePlus 12,1211.91,3.0,0.224,Debit Card,,False
ORD-101330,06/17/2024,CUST-68998,Australia,Samsung,Galaxy A54,591.0,5.0,1.287,Debit Card,3.7,False
ORD-102949,2024-06-05,CUST-23299,Australia,OnePlus,OnePlus 11,339.19,5.0,0.357,Bank Transfer,2.9,True
ORD-100332,09/04/2024,CUST-29078,Germany,Samsung,Galaxy A54,816.77,1.0,0.182,Bank Transfer,2.8,True
ORD-101374,03-12-2023,CUST-36998,Japan,oneplus,OnePlus 11,1191.92,5.0,0.119,UPI,1.2,True
ORD-104287,09-06-2023,CUST-66704,Australia,OnePlus,OnePlus Nord 3,1463.43,3.0,0.246,Bank Transfer,2.8,1
ORD-103989,21-12-2024,CUST-85699,Singapore,GOOGLE,Pixel 8 Pro,170.19,1.0,0.193,Credit Card,2.5,yes
ORD-101258,20-01-2023,CUST-77677,United States,google,Pixel 8 Pro,1463.59,1.0,0.306,,3.7,0
ORD-104174,06/15/2022,CUST-51627,Australia,samsung,Galaxy A54,700.13,4.0,0.292,UPI,2.0,0
ORD-101732,12/23/2023,CUST-80162,India,XIAOMI,Xiaomi 14,211.59,5.0,0.041,,3.7,False
ORD-101116,24-05-2022,CUST-85226,India,xiaomi,,1010.39,4.0,0.383,UPI,3.4,yes
ORD-101965,2022-09-12,CUST-95314,USA,google,Pixel 8,1055.71,5.0,0.391,Credit Card,1.9,False
ORD-103679,29-07-2024,CUST-20982,Canada,Apple,iPhone 15 Pro,1487.77,5.0,0.077,COD,4.5,1
ORD-104003,05/20/2022,CUST-22438,Brazil,Samsung,Galaxy S24,386.35,3.0,0.096,COD,,False
ORD-104334,2024-11-27,CUST-44859,UK,Xiaomi,Redmi 12,955.01,5.0,0.076,Credit Card,2.7,False
ORD-103928,03-08-2023,CUST-26092,,Motorola,Moto G53,677.91,1.0,0.017,PayPal,4.8,False
ORD-101456,13-12-2022,CUST-36244,Canada,Sony,Xperia 5 V,329.17,2.0,0.281,Debit Card,4.1,1
ORD-100445,12/15/2024,CUST-10912,Australia,Xiaomi,Redmi 12,1282.15,5.0,0.047,Debit Card,1.7,False
ORD-102321,2022-05-31,CUST-70863,USA,samsung,,1319.05,3.0,0.223,UPI,1.5,yes
ORD-100452,13-07-2024,CUST-28140,Japan,SAMSUNG,Galaxy A54,-999.0,2.0,0.275,COD,1.3,yes
ORD-101647,09-10-2023,CUST-66160,Canada,apple,iPhone 14,824.29,4.0,0.089,UPI,1.7,False
ORD-104507,2022-05-04,CUST-95986,Singapore,Sony,Xperia 1 V,162.62,2.0,0.35,Credit Card,3.4,
ORD-103062,31-10-2024,CUST-23174,USA,GOOGLE,Pixel 8 Pro,533.71,4.0,0.106,UPI,1.7,no
ORD-100014,2022-01-30,CUST-44198,USA,,POCO F5,356.92,2.0,0.079,COD,,1
ORD-104352,21-12-2023,CUST-44971,Singapore,Samsung,Galaxy Z Fold 5,1207.84,5.0,0.335,Bank Transfer,3.2,1
ORD-100945,01/09/2023,CUST-59511,usa,Motorola,Edge 40 Pro,,3.0,0.134,Bank Transfer,4.1,yes
ORD-100247,,CUST-89480,Singapore,Motorola,Moto G53,680.15,4.0,0.015,Bank Transfer,3.0,1
ORD-104112,2022-03-25,CUST-94569,Canada,OnePlus,OnePlus Nord 3,979.37,2.0,0.189,PayPal,4.5,False
ORD-100360,2022-07-22,CUST-57684,UK,Motorola,Moto G53,449.56,2.0,0.06,UPI,3.4,
ORD-104732,10/07/2022,CUST-57413,india ,Motorola,Moto G84,1351.48,3.0,0.245,UPI,,False
ORD-101870,11/26/2024,CUST-93174,UK,Sony,,1417.23,3.0,0.233,COD,4.3,
ORD-103539,2024-04-29,CUST-27096,UK,xiaomi,Redmi 12,1174.18,5.0,0.073,Credit Card,2.6,1
ORD-102380,,CUST-98421,India,google,Pixel 8 Pro,595.39,5.0,0.394,Bank Transfer,1.8,no
ORD-104946,2023-02-22,CUST-79954,Singapore,Sony,Xperia 10 V,1092.36,2.0,0.054,Bank Transfer,1.9,
ORD-103285,08/08/2024,CUST-35191,United States,apple,iPhone 15 Pro,274.52,2.0,0.051,Credit Card,2.7,False
ORD-104220,2023-11-13,CUST-47555,United Kingdom,Samsung,Galaxy Z Fold 5,752.73,5.0,0.37,UPI,4.2,False
ORD-103614,25-08-2022,CUST-52418,France,SAMSUNG,Galaxy S24,557.84,4.0,0.4,PayPal,2.0,0
ORD-104557,2022-04-26,CUST-27204,Canada,Xiaomi,Redmi 12,538.48,2.0,0.098,Debit Card,1.9,False
ORD-104963,07/28/2023,CUST-22778,Brazil,OnePlus,OnePlus 12,1179.42,2.0,0.244,PayPal,2.7,False
ORD-103968,19-03-2023,CUST-26245,Germany,,Redmi 12,972.1,5.0,0.183,,1.9,False
ORD-100490,2023-05-07,CUST-56950,Japan,XIAOMI,,1339.13,2.0,0.049,Bank Transfer,4.2,True
ORD-100862,11-11-2023,CUST-28197,Australia,Apple,iPhone SE,1192.25,1.0,,PayPal,3.8,False
ORD-101872,,CUST-88434,UK,Xiaomi,Redmi 12,1156.32,1.0,0.128,Credit Card,3.5,False
ORD-102287,2024-07-08,CUST-81205,INDIA,Apple,iPhone SE,1288.12,3.0,0.385,Bank Transfer,2.6,False
ORD-103114,18-06-2024,CUST-42309,germany,xiaomi,Redmi 12,631.28,1.0,0.394,COD,2.6,
ORD-102527,2022-10-19,CUST-22018,Germany,OnePlus,OnePlus Nord 3,691.23,5.0,,COD,2.4,yes
ORD-104956,,CUST-22490,Germany,GOOGLE,Pixel 8,385.37,1.0,0.176,Credit Card,4.1,1
ORD-102098,2022-03-01,CUST-28889,Germany,SAMSUNG,Galaxy S23,692.55,3.0,0.229,Debit Card,4.5,False
ORD-100506,04/19/2023,CUST-22622,UK,Apple,iPhone 14,422.44,2.0,0.284,PayPal,1.6,yes
ORD-103414,2023-12-08,CUST-23280,Brazil,OnePlus,OnePlus 11,1275.33,5.0,0.363,Bank Transfer,5.0,True
ORD-100025,2023-02-15,CUST-28216,USA,Samsung,Galaxy A54,951.46,5.0,0.378,Bank Transfer,3.4,0
ORD-103404,12/02/2023,CUST-81549,Germany,OnePlus,OnePlus 11,388.01,1.0,0.038,COD,2.0,True
ORD-101222,06/05/2024,CUST-61011,france,,Galaxy S24,840.47,5.0,0.015,Credit Card,1.6,False
ORD-101113,2023-02-20,CUST-82015,Australia,Sony,Xperia 1 V,1292.76,2.0,0.343,Credit Card,4.2,False
ORD-102024,2024-12-24,CUST-90496,Japan,OnePlus,OnePlus 12,582.5,1.0,0.232,Bank Transfer,4.5,False
ORD-103544,2022-04-09,CUST-22160,India,XIAOMI,Redmi 12,224.81,5.0,0.289,Debit Card,2.0,0
ORD-101434,09/14/2023,CUST-76453,Brazil,SAMSUNG,Galaxy A54,326.87,1.0,0.281,Bank Transfer,1.4,False
ORD-104748,14-06-2022,CUST-26651,Japan,OnePlus,OnePlus 11,160.76,2.0,0.23,UPI,5.0,0
ORD-100433,2023-07-14,CUST-99536,UK,ONEPLUS,OnePlus 11,1022.11,3.0,0.133,Debit Card,3.9,False
ORD-104256,2023-06-07,CUST-89217,Australia,GOOGLE,,478.79,4.0,0.246,Bank Transfer,1.7,yes
ORD-103271,2023-09-15,CUST-87379,France,samsung,,1288.06,3.0,0.316,PayPal,3.3,True
ORD-104506,06/24/2022,CUST-66275,India,Apple,iPhone 15,818.96,5.0,0.299,UPI,3.5,False
ORD-103625,2023-07-08,CUST-90931,USA,oneplus,OnePlus 12,508.66,3.0,0.106,PayPal,4.2,True
ORD-101611,05-06-2023,CUST-99271,Japan,Xiaomi,POCO F5,861.18,4.0,0.335,Bank Transfer,2.8,False
ORD-103279,08/22/2024,CUST-95739,Germany,GOOGLE,Pixel 8 Pro,718.67,2.0,0.031,COD,3.4,False
ORD-102706,08/15/2022,CUST-11252,USA,ONEPLUS,OnePlus 11,337.41,3.0,0.183,Credit Card,3.5,True
ORD-102227,2024-08-08,CUST-51373,Brazil,Motorola,Moto G84,565.36,4.0,0.285,COD,3.0,False
ORD-103635,14-06-2024,CUST-59906,,Samsung,Galaxy Z Fold 5,472.95,5.0,0.122,Credit Card,3.8,True
ORD-101102,11/02/2022,CUST-16549,Australia,OnePlus,OnePlus 12,272.43,5.0,0.261,,2.7,yes
ORD-101533,10-01-2023,CUST-46660,UK,GOOGLE,Pixel 8,1480.56,3.0,0.115,Credit Card,4.3,1
ORD-104580,2022-04-04,CUST-97661,Singapore,Apple,iPhone 14,479.33,3.0,0.14,PayPal,4.1,0
ORD-102210,01/24/2023,CUST-57111,Brazil,Google,Pixel 7a,1079.26,2.0,0.023,COD,1.0,False
ORD-104638,06/19/2024,CUST-18643,France,OnePlus,OnePlus Nord 3,751.13,5.0,0.002,,,0
ORD-100156,06-10-2023,CUST-84285,germany,Xiaomi,,507.17,5.0,0.11,Credit Card,2.1,True
ORD-104672,2024-12-31,CUST-65555,Australia,google,Pixel 8,1380.78,5.0,0.252,COD,2.2,False
ORD-103496,03/30/2023,CUST-60163,Germany,Google,,328.17,,0.008,UPI,4.8,False
ORD-100615,11/23/2022,CUST-90522,uk,,Galaxy S24,235.54,2.0,0.086,Debit Card,3.3,False
ORD-100643,2022-02-14,CUST-84268,INDIA,samsung,Galaxy Z Fold 5,891.83,2.0,0.191,PayPal,1.5,True
ORD-101532,07/27/2023,CUST-42498,USA,Samsung,Galaxy S23,1198.14,2.0,0.397,Bank Transfer,2.1,yes
ORD-101738,06/30/2022,CUST-65873,india,oneplus,OnePlus 11,581.0,4.0,-0.045,COD,4.8,0
ORD-101068,11/12/2024,CUST-77553,Canada,Apple,iPhone 15,319.43,2.0,0.282,Bank Transfer,3.5,False
ORD-103402,18-06-2023,CUST-74372,Brazil,google,Pixel 8 Pro,1267.51,4.0,0.398,UPI,4.5,0
ORD-102940,13-07-2024,CUST-56856,Germany,Motorola,Moto G53,419.36,4.0,0.036,COD,4.4,False
ORD-104308,01/25/2023,CUST-49790,India,APPLE,iPhone 15 Pro,1484.9,1.0,0.154,COD,4.0,True
ORD-104797,2023-03-27,CUST-96472,Brazil,Motorola,Moto G53,716.41,3.0,0.167,Bank Transfer,4.8,no
ORD-100330,2022-08-06,CUST-87852,Brazil,APPLE,iPhone 15 Pro,1372.57,1.0,0.198,PayPal,3.1,False
ORD-101545,26-04-2023,CUST-74174,Singapore,Xiaomi,Redmi Note 13,953.91,3.0,0.342,Credit Card,3.5,0
ORD-103839,2023-05-25,CUST-19221,Germany,Samsung,Galaxy S23,369.5,3.0,0.002,Debit Card,2.8,False
ORD-102264,03-03-2024,CUST-29158,India,GOOGLE,Pixel 8 Pro,1395.56,1.0,,PayPal,2.8,False
ORD-100622,20-05-2023,CUST-22687,Inda,OnePlus,OnePlus Nord 3,1423.23,1.0,0.112,UPI,,no
ORD-101694,05/16/2022,CUST-29681,USA,xiaomi,POCO F5,1233.34,3.0,0.159,COD,,True
ORD-102402,02/16/2024,CUST-84847,france,google,Pixel 8 Pro,867.92,5.0,0.304,UPI,4.3,no
ORD-103540,2022-08-24,CUST-65937,Japan,Xiaomi,Redmi Note 13,700.28,1.0,0.042,COD,2.4,True
ORD-103918,2023-08-11,CUST-24195,Brazil,Motorola,Edge 40 Pro,,5.0,0.008,Debit Card,2.0,1
ORD-104527,08/31/2022,CUST-80019,UK,Motorola,Moto G53,257.95,5.0,0.173,Debit Card,3.0,1
ORD-103620,2024-06-05,CUST-18251,Singapore,,iPhone 15,,2.0,0.015,PayPal,,False
ORD-102801,09-03-2024,CUST-50491,Japan,oneplus,OnePlus 11,1170.83,4.0,0.305,Debit Card,1.4,1
ORD-100755,26-06-2023,CUST-73148,Germany,Xiaomi,POCO F5,-999.0,1.0,0.279,UPI,3.9,0
ORD-100518,,CUST-85224,Brazil,SAMSUNG,Galaxy A54,0.0,2.0,0.387,Bank Transfer,1.1,1
ORD-103934,26-01-2023,CUST-83336,France,Xiaomi,Xiaomi 14,911.47,2.0,0.339,Credit Card,4.4,True
ORD-100032,26-10-2024,CUST-86150,Singapore,SAMSUNG,Galaxy A54,831.11,3.0,0.062,PayPal,1.8,0
ORD-103820,02/27/2022,CUST-64886,Australia,google,Pixel 8,489.26,2.0,0.135,Bank Transfer,2.5,1
ORD-101157,15-01-2022,CUST-89354,france,OnePlus,OnePlus Nord 3,344.22,3.0,0.242,COD,3.5,False
ORD-100744,12/26/2023,CUST-18451,UK,OnePlus,OnePlus 12,685.11,1.0,0.21,,,False
ORD-101483,27-02-2024,CUST-19194,UK,Motorola,,253.77,4.0,0.36,COD,3.7,False
ORD-102481,2023-01-04,CUST-38448,USA,OnePlus,OnePlus 11,737.38,4.0,0.38,PayPal,1.6,1
ORD-101739,2022-04-15,CUST-71664,Singapore,Sony,Xperia 1 V,766.32,3.0,0.0,Bank Transfer,1.1,0
ORD-104028,2022-11-10,CUST-82840,Brazil,XIAOMI,Redmi 12,486.1,5.0,,Bank Transfer,4.0,True
ORD-100783,2024-07-19,CUST-55829,Canada,Apple,iPhone 15 Pro,,1.0,0.189,UPI,4.6,False
ORD-102583,2023-06-07,CUST-79833,Brazil,apple,iPhone 15 Pro,678.46,4.0,0.027,Debit Card,2.6,1
ORD-102589,04/15/2023,CUST-62825,UK,Samsung,Galaxy Z Fold 5,520.5,3.0,0.058,COD,4.1,False
ORD-100229,04/05/2023,CUST-92444,USA,Motorola,Edge 40 Pro,1177.12,1.0,0.133,Bank Transfer,1.7,no
ORD-100857,02/23/2024,CUST-78719,UK,Samsung,Galaxy S24,1055.47,2.0,0.152,Credit Card,3.9,False
ORD-102497,14-11-2023,CUST-34642,Singapore,Apple,iPhone 15 Pro,1187.84,4.0,0.245,UPI,4.6,False
ORD-103381,06/01/2023,CUST-74461,France,Xiaomi,Xiaomi 14,406.4,2.0,0.31,Debit Card,4.6,False
ORD-102439,2024-02-12,CUST-36464,Australia,APPLE,iPhone SE,1236.18,1.0,0.012,Debit Card,1.9,False
ORD-100408,08/14/2023,CUST-65691,India,,iPhone SE,530.29,5.0,0.382,PayPal,2.4,1
ORD-100170,15-03-2024,CUST-38181,Singapore,oneplus,OnePlus 12,854.3,2.0,0.398,Debit Card,2.5,True
ORD-100540,17-05-2023,CUST-93441,india,Xiaomi,Xiaomi 14,320.65,2.0,0.161,,2.2,False
ORD-102547,26-04-2022,CUST-68512,India,Google,Pixel 8 Pro,1063.29,3.0,0.312,Credit Card,1.3,no
ORD-103172,25-03-2023,CUST-65459,India,Google,Pixel 8 Pro,1483.48,4.0,0.224,Credit Card,2.6,1
ORD-102653,09-01-2022,CUST-72295,Australia,Xiaomi,Redmi 12,1381.22,5.0,0.201,Credit Card,2.8,False
ORD-100613,31-03-2024,CUST-45400,Brazil,SAMSUNG,Galaxy A54,1078.99,4.0,1.41,Bank Transfer,3.8,yes
ORD-103727,2022-04-01,CUST-65732,Japan,OnePlus,OnePlus 12,1152.63,5.0,,UPI,4.3,False
ORD-102899,05/17/2023,CUST-20335,Australia,samsung,Galaxy S23,758.24,2.0,0.381,COD,1.4,False
ORD-103560,2022-12-04,CUST-19465,Singapore,Google,Pixel 8,668.72,5.0,0.387,Debit Card,2.2,False
ORD-101161,19-11-2024,CUST-37167,Inda,Xiaomi,Xiaomi 14,307.06,4.0,0.121,Debit Card,3.5,0
ORD-104775,2022-10-06,CUST-62309,India,Sony,Xperia 1 V,440.76,5.0,0.136,UPI,,False
ORD-103044,09-09-2024,CUST-51863,United States,Motorola,Edge 40 Pro,422.72,3.0,0.317,Bank Transfer,1.2,False
ORD-104346,19-07-2022,CUST-79644,Japan,google,Pixel 8 Pro,536.2,5.0,0.059,Debit Card,4.3,0
ORD-103365,27-07-2023,CUST-54944,United States,APPLE,iPhone 15 Pro,1068.78,2.0,0.35,Credit Card,4.2,False
ORD-104706,2024-06-03,CUST-18953,Brazil,OnePlus,OnePlus 11,260.65,3.0,0.29,UPI,3.8,False
ORD-103628,2022-11-21,CUST-70446,Canada,Motorola,Moto G53,1128.81,1.0,,Bank Transfer,2.5,False
ORD-100564,02-12-2024,CUST-58339,Canada,Xiaomi,Xiaomi 14,1347.35,-1.0,0.199,Bank Transfer,3.3,True
ORD-103697,2022-05-06,CUST-58888,Singapore,samsung,Galaxy A54,254.48,5.0,0.038,COD,1.3,False
ORD-104317,07/13/2023,CUST-42392,Australia,google,Pixel 8,349.4,3.0,0.203,Bank Transfer,,False
ORD-101907,2024-10-17,CUST-34336,USA,OnePlus,,160.25,2.0,0.294,Bank Transfer,4.6,False
ORD-104537,02/05/2024,CUST-39638,India,Apple,iPhone 15,689.13,3.0,0.285,Credit Card,2.7,0
ORD-101897,08/14/2023,CUST-75143,India,Motorola,Moto G53,1041.73,1.0,0.158,PayPal,4.2,yes
ORD-104111,2024-07-11,CUST-12829,UK,Samsung,Galaxy A54,1226.81,2.0,0.336,Credit Card,3.6,0
ORD-102266,09/19/2022,CUST-93035,Germany,Xiaomi,POCO F5,1480.48,1.0,0.161,Bank Transfer,1.1,False
ORD-103599,2023-06-22,CUST-45586,Singapore,Apple,iPhone 15 Pro,1302.63,1.0,0.167,Debit Card,,False
ORD-101924,2022-10-29,CUST-50003,Brazil,Google,Pixel 8 Pro,1180.81,1.0,0.19,Debit Card,2.5,False
ORD-102471,2023-11-10,CUST-37053,U.K.,Samsung,Galaxy S24,473.75,-1.0,0.286,COD,1.2,False
ORD-102707,03/02/2023,CUST-34617,Singapore,XIAOMI,POCO F5,908.98,3.0,0.292,Credit Card,4.8,False
ORD-102865,06-10-2023,CUST-22038,Brazil,GOOGLE,Pixel 7a,507.28,3.0,0.04,COD,4.2,False
ORD-101172,08/29/2022,CUST-33522,Canada,samsung,Galaxy A54,1489.74,4.0,0.322,Bank Transfer,,False
ORD-101832,2024-11-11,CUST-57679,Japan,Samsung,Galaxy S24,864.11,3.0,0.022,Credit Card,4.3,False
ORD-100325,2023-02-24,CUST-78425,Australia,apple,iPhone 14,518.72,4.0,0.368,Debit Card,4.5,True
ORD-101051,2022-01-30,CUST-92412,Australia,oneplus,OnePlus Nord 3,511.73,,0.351,Debit Card,3.9,False
ORD-104733,2022-03-30,CUST-27355,France,ONEPLUS,OnePlus Nord 3,592.33,1.0,0.392,PayPal,3.4,no
ORD-103412,12/27/2022,CUST-39502,,ONEPLUS,OnePlus 11,1297.1,1.0,0.316,Credit Card,5.0,yes
ORD-104530,2022-08-30,CUST-62956,India,Apple,iPhone SE,1320.35,2.0,0.184,Debit Card,3.4,
ORD-104691,10/02/2022,CUST-59479,USA,Sony,Xperia 1 V,1325.93,5.0,0.333,Credit Card,3.6,1
ORD-101588,06/26/2024,CUST-87996,Inda,ONEPLUS,OnePlus 11,1022.61,3.0,0.057,COD,1.5,True
ORD-101196,12/25/2024,CUST-92170,Singapore,SAMSUNG,Galaxy S24,1385.5,1.0,0.114,UPI,4.7,False
ORD-100620,05/12/2022,CUST-63553,Japan,Motorola,Moto G53,914.0,1.0,0.281,COD,3.2,False
ORD-101815,30-08-2022,CUST-57251,,samsung,Galaxy Z Fold 5,1143.99,2.0,0.176,Credit Card,3.3,False
ORD-104589,,CUST-43851,Singapore,Samsung,Galaxy A54,1344.55,3.0,0.267,UPI,2.1,False
ORD-101189,03-06-2024,CUST-35331,U.K.,samsung,Galaxy S23,431.2,1.0,,Bank Transfer,,True
ORD-100328,10-05-2022,CUST-37859,,Google,Pixel 8,1381.17,5.0,0.196,COD,1.1,False
ORD-100648,2023-11-12,CUST-23715,UK,Sony,Xperia 1 V,912.83,5.0,0.272,UPI,3.7,False
ORD-100897,20-01-2024,CUST-74416,,google,Pixel 8 Pro,1230.99,5.0,0.192,Debit Card,4.3,True
ORD-103484,04/10/2024,CUST-70985,GERMANY,Motorola,Moto G84,1369.96,3.0,0.053,Credit Card,2.0,1
ORD-101123,2022-10-21,CUST-14999,UK,Apple,iPhone 14,203.16,4.0,0.07,COD,2.3,
ORD-102687,2022-05-10,CUST-68865,France,Samsung,Galaxy Z Fold 5,269.93,3.0,0.117,PayPal,1.0,no
ORD-104719,04/27/2023,CUST-70314,Australia,Motorola,Moto G84,638.5,1.0,0.123,PayPal,4.7,True
ORD-101937,02/06/2022,CUST-73846,USA,samsung,Galaxy S23,986.91,4.0,0.356,COD,4.6,False
ORD-101480,25-03-2023,CUST-15739,UK,Sony,Xperia 5 V,,2.0,0.185,PayPal,3.9,False
ORD-102890,08/16/2023,CUST-75927,USA,XIAOMI,Redmi Note 13,449.44,4.0,0.03,Bank Transfer,3.4,0
ORD-104286,01/30/2023,CUST-96288,Brazil,Sony,Xperia 5 V,193.52,3.0,0.183,Bank Transfer,2.4,0
ORD-103761,17-03-2022,CUST-84282,Canada,XIAOMI,Redmi Note 13,,3.0,0.233,Bank Transfer,4.5,False
ORD-104294,2024-09-30,CUST-15683,Germany,Apple,iPhone 14,733.49,3.0,0.149,PayPal,4.6,0
ORD-104396,2023-05-28,CUST-44985,Germany,OnePlus,OnePlus Nord 3,378.06,5.0,0.031,Credit Card,2.2,True
ORD-102822,02/18/2022,CUST-16003,Brazil,Sony,Xperia 1 V,1207.72,4.0,0.156,UPI,4.4,yes
ORD-101023,2024-03-29,CUST-86153,Germany,Google,Pixel 7a,1215.02,1.0,0.202,Bank Transfer,1.5,
ORD-104503,19-04-2023,CUST-74848,Singapore,google,Pixel 8 Pro,1365.82,4.0,0.075,PayPal,4.8,True
ORD-104418,2023-09-06,CUST-31669,,OnePlus,OnePlus 11,1232.93,,0.335,Credit Card,3.2,
ORD-104627,08/31/2024,CUST-75693,India,OnePlus,OnePlus 12,1322.01,2.0,0.115,UPI,3.3,False
ORD-104908,04/24/2023,CUST-88186,Brazil,Xiaomi,POCO F5,1088.89,4.0,0.038,Debit Card,2.8,True
ORD-101566,09/13/2023,CUST-29860,Germany,Xiaomi,Redmi Note 13,216.24,2.0,0.007,Credit Card,3.3,False
ORD-100809,08/09/2022,CUST-55480,Australia,Google,Pixel 8,1445.71,5.0,0.185,PayPal,2.5,True
ORD-102951,12-08-2023,CUST-94364,UK,samsung,Galaxy Z Fold 5,946.07,1.0,0.387,UPI,3.9,False
ORD-100978,07-03-2023,CUST-44668,Australia,Motorola,Moto G53,889.57,1.0,0.221,,3.6,yes
ORD-102168,05-05-2023,CUST-61313,Germany,Google,Pixel 7a,164.61,4.0,0.011,Bank Transfer,2.0,True
ORD-103434,07/17/2024,CUST-15772,UK,Apple,iPhone 15,617.78,1.0,0.123,Debit Card,1.9,no
ORD-101789,12-11-2024,CUST-25657,UK,OnePlus,OnePlus 12,1404.09,1.0,0.094,Bank Transfer,4.6,
ORD-101501,2022-08-16,CUST-67007,india,GOOGLE,Pixel 8,554.43,2.0,0.057,Credit Card,3.8,False
ORD-104019,2023-09-21,CUST-59223,France,Sony,Xperia 10 V,679.72,4.0,0.368,Bank Transfer,3.8,True
ORD-101487,2022-04-22,CUST-14523,Canada,Xiaomi,Redmi 12,1077.95,999.0,0.363,PayPal,2.4,1
ORD-104129,03/08/2024,CUST-97310,,Samsung,Galaxy Z Fold 5,1055.22,1.0,0.073,PayPal,1.6,0
ORD-103813,03/22/2024,CUST-98707,India,XIAOMI,Xiaomi 14,202.94,4.0,0.093,PayPal,,False
ORD-102498,19-02-2023,CUST-55945,Canada,APPLE,iPhone 15,974.73,1.0,0.395,Debit Card,3.3,yes
ORD-101877,30-01-2024,CUST-51459,United States,Xiaomi,Redmi 12,609.96,1.0,0.085,Bank Transfer,3.1,True
ORD-100174,15-11-2024,CUST-35652,Canada,APPLE,iPhone 15,1271.44,2.0,0.266,UPI,2.1,True
ORD-101650,08/25/2023,CUST-39687,germany,,Moto G53,1417.52,2.0,0.258,COD,2.9,False
ORD-104224,05/10/2023,CUST-81688,Brazil,Motorola,Moto G84,243.82,3.0,0.231,Debit Card,2.8,1
ORD-104108,12/26/2023,CUST-92342,USA,google,Pixel 8 Pro,696.12,,0.216,Debit Card,3.7,1
ORD-104535,07/01/2024,CUST-92704,USA,Apple,iPhone 14,1225.24,5.0,0.359,UPI,4.1,False
ORD-100217,22-04-2024,CUST-72754,usa,Motorola,Moto G84,450.34,1.0,0.113,PayPal,2.3,False
ORD-104050,08/30/2022,CUST-10524,uk,Apple,iPhone 15,567.84,3.0,0.261,UPI,2.2,True
ORD-103946,2023-10-23,CUST-18297,United Kingdom,google,Pixel 8,,2.0,0.364,Credit Card,4.0,False
ORD-101444,01-05-2024,CUST-58881,Japan,OnePlus,OnePlus 11,405.43,5.0,0.106,Bank Transfer,3.2,False
ORD-100690,2023-06-02,CUST-14252,Australia,Google,Pixel 7a,1268.16,5.0,0.125,,1.0,yes
ORD-102858,03/18/2022,CUST-96387,Canada,Sony,Xperia 5 V,205.29,3.0,0.347,PayPal,1.3,False
ORD-102309,18-02-2023,CUST-20993,France,OnePlus,OnePlus Nord 3,909.79,1.0,0.105,Bank Transfer,4.6,False
ORD-102314,18-09-2023,CUST-97695,Brazil,GOOGLE,Pixel 8,,2.0,0.363,COD,2.0,0
ORD-101106,13-02-2024,CUST-60106,Brazil,XIAOMI,Redmi Note 13,379.61,3.0,0.094,PayPal,1.2,1
ORD-102114,2023-10-28,CUST-60848,USA,Xiaomi,POCO F5,946.3,5.0,0.166,Debit Card,2.7,False
ORD-102015,20-09-2022,CUST-25624,Brazil,GOOGLE,Pixel 8 Pro,921.09,3.0,0.077,Bank Transfer,3.7,True
ORD-101623,2023-07-29,CUST-78386,Canada,OnePlus,OnePlus 12,411.81,4.0,0.216,Credit Card,4.2,no
ORD-100611,13-10-2024,CUST-28044,Singapore,Motorola,Edge 40 Pro,412.71,5.0,0.195,COD,4.9,yes
ORD-103262,01/03/2022,CUST-77025,,,iPhone SE,537.89,,0.242,COD,4.2,False
ORD-101985,08/02/2023,CUST-80961,U.K.,XIAOMI,Xiaomi 14,258.3,4.0,0.142,Credit Card,2.1,False
ORD-103841,10-10-2024,CUST-57075,Australia,Xiaomi,POCO F5,1165.1,4.0,0.385,PayPal,4.6,False
ORD-100576,2022-05-23,CUST-98590,Germany,Apple,,1007.02,1.0,0.152,Credit Card,1.8,True
ORD-102133,2023-03-21,CUST-97584,U.S.A,APPLE,iPhone 15,1340.85,5.0,0.047,UPI,4.0,1
ORD-104509,05/30/2022,CUST-34553,India,OnePlus,OnePlus 12,,3.0,0.303,Credit Card,2.1,True
ORD-101180,14-03-2022,CUST-65030,USA,Samsung,,529.99,1.0,0.249,COD,2.4,1
ORD-100888,29-05-2022,CUST-57275,Singapore,Google,Pixel 8 Pro,221.25,3.0,0.022,PayPal,4.7,yes
ORD-103244,06/04/2022,CUST-33006,France,google,Pixel 8,810.26,3.0,0.06,COD,4.8,
ORD-101839,08/27/2022,CUST-54516,France,Samsung,Galaxy A54,1101.06,2.0,0.13,,1.9,yes
ORD-102754,28-01-2023,CUST-60037,Brazil,Motorola,Moto G84,,4.0,0.097,Credit Card,4.8,False
ORD-100817,22-05-2022,CUST-39548,Singapore,Apple,iPhone SE,715.38,2.0,0.086,Debit Card,4.7,True
ORD-103922,2024-05-06,CUST-13150,India,Apple,iPhone SE,797.69,1.0,0.065,Debit Card,1.1,no
ORD-104909,23-05-2022,CUST-66715,Germany,GOOGLE,Pixel 7a,769.6,5.0,0.234,Bank Transfer,3.3,1
ORD-100208,17-06-2022,CUST-49972,UK,OnePlus,OnePlus Nord 3,1396.46,4.0,0.382,Bank Transfer,4.0,yes
ORD-100293,,CUST-45636,,Xiaomi,POCO F5,345.72,1.0,0.031,COD,1.2,False
ORD-101119,03/26/2024,CUST-34564,Canada,apple,iPhone 15 Pro,1223.47,1.0,0.226,Bank Transfer,2.0,True
ORD-102288,21-11-2023,CUST-11994,Brazil,Samsung,Galaxy S24,784.82,2.0,,UPI,4.9,no
ORD-101721,27-05-2023,CUST-42731,Singapore,Xiaomi,Redmi 12,749.42,2.0,0.34,UPI,4.0,False
ORD-101264,07/22/2023,CUST-86095,Australia,Apple,iPhone 15,280.61,,0.209,PayPal,4.9,1
ORD-100990,04/13/2023,CUST-39790,Brazil,OnePlus,OnePlus Nord 3,,1.0,0.042,Credit Card,4.7,
ORD-103478,2023-02-18,CUST-57637,Germany,OnePlus,OnePlus 12,369.13,2.0,0.333,PayPal,3.0,1
ORD-104265,05/19/2024,CUST-78093,Singapore,XIAOMI,Redmi Note 13,645.34,2.0,0.235,Credit Card,1.0,1
ORD-104801,2023-12-16,CUST-63968,Singapore,Google,Pixel 7a,272.4,5.0,0.071,COD,4.7,False
ORD-100353,24-01-2023,CUST-73846,Australia,Sony,Xperia 5 V,,2.0,0.347,Debit Card,4.0,1
ORD-102031,2023-09-19,CUST-18324,USA,Apple,iPhone 15,679.02,3.0,0.211,COD,1.4,0
ORD-101770,,CUST-52293,Brazil,Xiaomi,Redmi 12,863.62,5.0,0.194,Bank Transfer,2.2,True
ORD-103154,,CUST-45111,Singapore,APPLE,iPhone 15 Pro,1313.36,4.0,0.267,PayPal,3.0,False
ORD-101489,12-02-2023,CUST-96477,Australia,XIAOMI,POCO F5,1161.24,0.0,0.022,Debit Card,3.0,True
ORD-103834,13-04-2024,CUST-53526,FRANCE,GOOGLE,Pixel 7a,1220.49,3.0,0.139,Bank Transfer,4.4,0
ORD-104836,2022-11-05,CUST-12423,Brazil,xiaomi,POCO F5,1339.94,2.0,0.315,Bank Transfer,2.1,True
ORD-103673,04/26/2024,CUST-62368,USA,XIAOMI,POCO F5,983.14,4.0,0.279,UPI,4.0,False
ORD-101228,09/04/2022,CUST-76971,Brazil,ONEPLUS,OnePlus Nord 3,1446.28,2.0,0.147,Bank Transfer,1.5,True
ORD-100259,2023-10-19,CUST-86877,Australia,Apple,iPhone 14,1483.71,4.0,0.302,UPI,1.7,False
ORD-101612,,CUST-72741,Japan,Xiaomi,Redmi 12,372.87,4.0,,COD,3.9,False
ORD-101888,03-06-2022,CUST-28106,Australia,Xiaomi,POCO F5,211.02,4.0,0.088,COD,2.0,True
ORD-104817,12/11/2023,CUST-11392,Singapore,OnePlus,OnePlus 11,441.23,2.0,0.155,Credit Card,2.2,0
ORD-102329,11/21/2022,CUST-94767,Singapore,Sony,Xperia 5 V,700.43,4.0,0.147,Credit Card,3.7,1
ORD-102627,04/09/2022,CUST-55318,USA,Google,Pixel 7a,194.86,2.0,0.335,Debit Card,1.8,False
ORD-100052,01/09/2024,CUST-41231,UK,OnePlus,OnePlus Nord 3,741.81,5.0,0.326,Debit Card,4.2,1
ORD-102269,27-02-2024,CUST-66948,Australia,oneplus,OnePlus 11,1176.06,1.0,0.261,Debit Card,4.8,False
ORD-101957,11/07/2024,CUST-42736,UK,ONEPLUS,OnePlus 12,1278.23,2.0,0.309,UPI,3.0,False
ORD-102266,09/19/2022,CUST-93035,Germany,Xiaomi,POCO F5,1480.48,1.0,0.161,Bank Transfer,1.1,False
ORD-102487,2024-12-13,CUST-89404,France,apple,iPhone 14,924.12,4.0,0.291,PayPal,1.4,True
ORD-103999,02/10/2023,CUST-55293,Singapore,Xiaomi,Redmi Note 13,1263.45,5.0,0.232,Credit Card,2.4,False
ORD-102580,2024-04-16,CUST-72998,Singapore,GOOGLE,Pixel 8,756.95,2.0,0.295,Credit Card,3.3,0
ORD-101479,2023-11-15,CUST-68496,USA,Google,Pixel 8,340.69,5.0,0.016,UPI,3.4,0
ORD-101507,03/03/2022,CUST-84385,Japan,OnePlus,OnePlus 12,1204.53,3.0,0.248,Credit Card,1.5,False
ORD-101033,12/24/2023,CUST-77668,Australia,Xiaomi,Xiaomi 14,1256.89,3.0,0.172,COD,4.3,False
ORD-101097,27-11-2022,CUST-44203,USA,xiaomi,Redmi Note 13,1357.68,3.0,0.131,PayPal,1.2,True
ORD-101469,10-04-2024,CUST-45280,France,Google,Pixel 8,1308.06,1.0,0.086,PayPal,3.3,0
ORD-100543,04/22/2023,CUST-53942,Germany,GOOGLE,Pixel 8 Pro,325.6,,0.381,UPI,3.0,0
ORD-101046,06-01-2023,CUST-41315,Germany,Apple,iPhone 14,1280.52,2.0,0.321,UPI,2.8,True
ORD-103917,08/28/2023,CUST-38024,India,OnePlus,OnePlus Nord 3,523.95,,0.039,COD,3.7,False
ORD-101670,12/25/2023,CUST-61321,USA,Apple,iPhone 15 Pro,155.59,2.0,0.379,Credit Card,1.1,False
ORD-100030,2024-09-09,CUST-13975,uk,Apple,iPhone 14,1048.66,4.0,0.012,UPI,1.6,False
ORD-100725,08-09-2022,CUST-11588,UK,XIAOMI,Xiaomi 14,745.03,2.0,0.153,Credit Card,1.2,False
ORD-103862,09/20/2023,CUST-53489,India,,POCO F5,1468.55,1.0,0.108,Bank Transfer,4.5,False
ORD-102167,2023-07-24,CUST-41332,Japan,apple,iPhone SE,1468.19,3.0,0.115,COD,4.3,True
ORD-104039,27-06-2022,CUST-47942,India,apple,iPhone 15,386.56,3.0,0.343,PayPal,,False
ORD-101426,2023-02-17,CUST-30114,USA,Xiaomi,Xiaomi 14,540.91,4.0,0.191,PayPal,1.5,False
ORD-103926,20-01-2024,CUST-82287,Brazil,Motorola,Moto G84,296.87,4.0,0.258,UPI,3.0,True
ORD-103276,2022-10-16,CUST-70177,france,Samsung,Galaxy A54,1302.53,3.0,0.343,Credit Card,1.2,True
ORD-100436,06/16/2024,CUST-22798,Singapore,google,Pixel 8,336.79,5.0,0.254,UPI,2.2,False
ORD-104315,2022-12-03,CUST-66467,Singapore,Apple,iPhone 14,1477.62,2.0,0.144,Debit Card,2.6,False
ORD-100912,20-04-2022,CUST-68881,Australia,xiaomi,Redmi 12,810.75,5.0,0.248,COD,4.8,False
ORD-104290,2024-03-05,CUST-13899,UK,apple,,152.98,3.0,0.131,Credit Card,4.2,False
ORD-104231,24-04-2023,CUST-93682,Brazil,google,Pixel 8 Pro,,4.0,0.188,Credit Card,4.2,False
ORD-104586,08/31/2024,CUST-73762,Inda,Google,Pixel 8,566.3,3.0,0.179,Debit Card,3.9,False
ORD-104179,05/09/2023,CUST-14535,UK,xiaomi,Redmi 12,703.87,2.0,0.251,Bank Transfer,2.7,yes
ORD-102364,03-03-2023,CUST-23211,France,APPLE,iPhone SE,438.46,1.0,0.396,COD,2.6,False
ORD-101726,11/28/2022,CUST-60384,,APPLE,iPhone SE,635.28,1.0,0.331,PayPal,1.2,0
ORD-101238,2024-12-27,CUST-39790,Japan,Sony,Xperia 1 V,1347.25,4.0,0.041,Bank Transfer,3.6,False
ORD-100903,02/21/2023,CUST-66538,USA,Xiaomi,Xiaomi 14,821.52,4.0,0.137,Bank Transfer,3.8,1
ORD-104273,11/01/2023,CUST-51805,Japan,apple,iPhone 15,865.13,1.0,0.367,UPI,2.2,
ORD-103260,2024-02-13,CUST-40497,Brazil,xiaomi,Redmi Note 13,328.5,5.0,0.341,Debit Card,3.4,False
ORD-101665,2022-06-06,CUST-40365,India,Samsung,Galaxy Z Fold 5,1447.58,5.0,0.196,PayPal,3.5,yes
ORD-100507,18-04-2022,CUST-99602,Germany,Samsung,Galaxy S23,265.04,2.0,,COD,1.2,1
ORD-103339,25-06-2023,CUST-88911,USA,xiaomi,POCO F5,989.21,4.0,0.078,UPI,3.3,0
ORD-100183,2023-03-05,CUST-50162,Singapore,APPLE,iPhone 15 Pro,292.75,2.0,0.153,Bank Transfer,4.2,0
ORD-104483,2023-02-09,CUST-13991,USA,,Pixel 7a,1342.47,4.0,0.178,Debit Card,4.6,True
ORD-101497,12/20/2023,CUST-20354,UK,ONEPLUS,OnePlus 11,286.88,,0.021,Credit Card,3.1,False
ORD-101942,05-12-2022,CUST-98296,Canada,xiaomi,Redmi Note 13,872.27,2.0,0.006,Debit Card,3.1,1
ORD-100321,11-09-2023,CUST-12245,Germany,Google,Pixel 7a,1273.62,5.0,0.262,Bank Transfer,4.6,False
ORD-103541,02/24/2023,CUST-37819,India,Xiaomi,Redmi Note 13,412.42,,0.319,Debit Card,1.8,True
ORD-102763,19-09-2024,CUST-60504,India,apple,iPhone 14,710.02,2.0,0.284,COD,2.9,0
ORD-101869,2022-12-16,CUST-12842,Germany,Motorola,Moto G84,1126.05,3.0,0.12,Debit Card,2.7,0
ORD-102457,29-12-2024,CUST-52981,Germany,Sony,Xperia 1 V,700.41,3.0,0.094,Debit Card,3.5,False
ORD-101891,2024-05-21,CUST-15043,UK,GOOGLE,Pixel 8 Pro,,2.0,0.106,Credit Card,,False
ORD-102955,2024-02-20,CUST-19227,UK,google,Pixel 7a,356.36,2.0,0.283,COD,2.8,
ORD-102605,04/11/2023,CUST-87460,Singapore,APPLE,iPhone SE,562.15,4.0,0.123,Bank Transfer,1.0,0
ORD-101551,18-06-2024,CUST-56626,UK,Sony,Xperia 5 V,819.48,,0.318,UPI,3.4,False
ORD-104511,05-10-2022,CUST-64312,Brazil,Motorola,Moto G53,855.01,1.0,0.38,COD,1.2,False
ORD-101146,03/28/2022,CUST-76806,Singapore,Motorola,Edge 40 Pro,1119.25,3.0,0.237,COD,2.7,False
ORD-102705,25-04-2023,CUST-72053,Canada,apple,iPhone 15,751.86,2.0,,Credit Card,4.4,False
ORD-102406,30-07-2023,CUST-14102,Brazil,OnePlus,OnePlus Nord 3,671.43,1.0,,Debit Card,2.1,False
ORD-100044,,CUST-60986,India,Motorola,Edge 40 Pro,987.47,,0.288,,4.1,False
ORD-101867,08-09-2023,CUST-12424,Australia,Motorola,Edge 40 Pro,994.96,1.0,0.06,Credit Card,4.1,True
ORD-102377,06/29/2022,CUST-25909,India,GOOGLE,Pixel 8,,3.0,0.266,Credit Card,3.2,False
ORD-102331,02-10-2023,CUST-33557,Australia,Sony,Xperia 5 V,,3.0,0.116,Debit Card,1.9,False
ORD-101378,2022-06-23,CUST-89485,uk,Sony,Xperia 1 V,1215.62,3.0,0.397,Bank Transfer,1.3,no
ORD-103133,2023-01-04,CUST-31240,USA,Samsung,Galaxy Z Fold 5,175.81,4.0,0.011,UPI,1.6,False
ORD-104401,04/08/2023,CUST-23913,Australia,OnePlus,OnePlus 12,1360.8,4.0,0.204,COD,1.4,False
ORD-100413,04/18/2022,CUST-72841,Canada,Motorola,Moto G84,0.0,3.0,0.253,UPI,2.7,False
ORD-104994,12/30/2022,CUST-56417,Canada,APPLE,iPhone 15,1088.78,2.0,0.012,Credit Card,3.0,True
ORD-101407,08/19/2023,CUST-54424,India,GOOGLE,Pixel 8 Pro,417.27,3.0,0.265,Bank Transfer,3.9,False
ORD-103909,2022-11-02,CUST-68717,USA,oneplus,OnePlus 12,1219.7,2.0,0.219,Credit Card,1.2,True
ORD-100801,06-04-2022,CUST-68410,U.S.A,GOOGLE,Pixel 7a,1110.51,4.0,0.31,Debit Card,2.0,yes
ORD-101288,08-08-2022,CUST-61011,USA,APPLE,iPhone SE,1204.66,4.0,0.254,COD,1.1,False
ORD-101558,15-09-2023,CUST-93472,India,Apple,iPhone 14,169.68,5.0,0.356,,4.4,True
ORD-102254,06/19/2023,CUST-38934,USA,APPLE,iPhone 15,301.09,2.0,0.088,PayPal,3.3,True
ORD-102521,11/18/2024,CUST-63177,Canada,SAMSUNG,Galaxy S24,915.05,2.0,0.055,Debit Card,1.3,
ORD-104169,08/05/2023,CUST-53904,Brazil,,Galaxy S24,1083.92,,0.151,Credit Card,4.3,True
ORD-102395,07-04-2024,CUST-94192,UK,apple,iPhone 15 Pro,154.28,2.0,0.065,Debit Card,2.1,False
ORD-100256,20-01-2024,CUST-18276,Japan,,Moto G84,742.93,4.0,0.221,COD,4.3,False
ORD-104370,03/29/2023,CUST-96362,UK,APPLE,iPhone 15,1000.33,2.0,0.154,PayPal,4.7,False
ORD-104920,11-07-2022,CUST-56502,Canada,GOOGLE,Pixel 8 Pro,827.57,3.0,0.248,PayPal,4.7,1
ORD-101151,12/20/2024,CUST-63934,USA,Sony,,912.68,1.0,0.21,COD,1.0,False
ORD-102378,2023-03-17,CUST-89046,Australia,Xiaomi,POCO F5,505.91,2.0,0.35,Bank Transfer,,False
ORD-100647,2023-09-14,CUST-75201,USA,apple,iPhone 14,471.33,3.0,0.157,Bank Transfer,3.4,yes
ORD-103012,,CUST-26158,Canada,oneplus,OnePlus 12,684.99,3.0,0.24,COD,4.0,0
ORD-104573,2022-03-30,CUST-36174,Canada,Google,Pixel 7a,,5.0,0.277,Debit Card,2.6,yes
ORD-101808,12-06-2022,CUST-34675,India,Apple,iPhone 14,1121.57,2.0,0.323,Debit Card,4.7,no
ORD-103101,2023-05-29,CUST-25404,Singapore,GOOGLE,Pixel 8,930.03,5.0,0.347,,3.0,False
ORD-104871,,CUST-40797,Inda,Samsung,Galaxy A54,612.03,5.0,0.005,Debit Card,2.7,False
ORD-103899,07-03-2023,CUST-57908,India,Xiaomi,Redmi Note 13,1222.5,4.0,0.292,UPI,1.2,False
ORD-101315,2022-04-06,CUST-91723,Australia,Samsung,Galaxy A54,509.31,1.0,0.088,COD,1.7,False
ORD-101088,2023-06-16,CUST-50605,Japan,Xiaomi,Xiaomi 14,1387.91,1.0,0.212,Debit Card,1.1,False
ORD-102072,2024-04-21,CUST-52521,India,Motorola,,359.49,2.0,0.372,UPI,3.3,True
ORD-102615,05/15/2024,CUST-23760,USA,google,Pixel 8 Pro,544.88,4.0,0.202,,2.8,False
ORD-103437,25-08-2022,CUST-69294,Germany,SAMSUNG,Galaxy Z Fold 5,290.57,5.0,0.083,Credit Card,2.7,False
ORD-101350,16-02-2022,CUST-74133,Australia,google,Pixel 7a,812.75,5.0,0.277,Debit Card,3.4,False
ORD-103589,2022-09-15,CUST-44642,Australia,OnePlus,,1395.76,1.0,0.347,COD,4.4,False
ORD-100112,27-02-2022,CUST-60689,Australia,XIAOMI,Redmi 12,864.67,4.0,0.07,Debit Card,2.9,yes
ORD-103249,26-01-2024,CUST-45531,Japan,apple,iPhone 15 Pro,,1.0,0.228,Debit Card,6.4,False
ORD-100263,2023-07-03,CUST-36321,Singapore,Google,Pixel 8 Pro,1311.98,5.0,0.123,UPI,1.6,
ORD-101393,07/03/2023,CUST-62919,germany,,Pixel 8,221.51,1.0,0.168,UPI,1.5,False
ORD-103618,12/23/2024,CUST-19468,U.K.,GOOGLE,Pixel 8 Pro,267.57,3.0,0.125,Bank Transfer,1.3,False
ORD-101186,27-07-2022,CUST-19789,UK,Apple,iPhone 15,252.75,,0.108,Bank Transfer,3.5,no
ORD-102741,31-02-2023,CUST-23295,USA,samsung,Galaxy S23,908.2,1.0,1.983,COD,3.1,False
ORD-100056,11/22/2023,CUST-54528,india,samsung,Galaxy S23,0.0,5.0,0.044,Credit Card,2.0,0
ORD-101309,2022-05-04,CUST-35151,India,OnePlus,OnePlus 11,1453.79,4.0,0.329,PayPal,3.2,False
ORD-100695,10/30/2022,CUST-86035,Japan,Motorola,Edge 40 Pro,776.28,4.0,0.196,PayPal,3.8,no
ORD-104271,2023-09-26,CUST-29148,U.S.A,Google,Pixel 8,159.94,2.0,0.398,COD,1.0,False
ORD-104849,2023-09-18,CUST-77209,Canada,Samsung,Galaxy S24,438.2,3.0,0.254,Debit Card,2.4,False
ORD-101833,12/11/2022,CUST-94737,Canada,XIAOMI,POCO F5,817.25,,0.304,UPI,1.6,False
ORD-102640,2022-02-07,CUST-86251,USA,SAMSUNG,Galaxy S24,1070.04,5.0,0.236,COD,3.0,False
ORD-103915,2022-10-14,CUST-36798,Inda,OnePlus,OnePlus 12,970.15,2.0,0.332,UPI,4.4,False
ORD-100319,10/01/2024,CUST-56831,Japan,Apple,iPhone 15,985.02,5.0,0.22,COD,4.0,False
ORD-102421,2024-03-04,CUST-74064,Canada,samsung,Galaxy S23,464.58,4.0,0.37,Debit Card,3.0,True
ORD-101589,,CUST-31511,India,Motorola,Moto G53,1001.13,4.0,0.07,Credit Card,1.7,False
ORD-100682,2023-01-22,CUST-16728,India,Google,Pixel 8 Pro,1196.33,2.0,0.317,UPI,4.6,no
ORD-102743,2023-12-02,CUST-91598,USA,XIAOMI,POCO F5,945.75,5.0,0.241,UPI,2.6,yes
ORD-103331,12/09/2022,CUST-73482,Australia,Motorola,Moto G84,821.06,1.0,0.199,Bank Transfer,2.8,False
ORD-100479,03/14/2023,CUST-64648,Germany,Xiaomi,Redmi 12,,2.0,0.102,Bank Transfer,1.1,yes
ORD-103631,2022-01-08,CUST-16661,United States,xiaomi,Xiaomi 14,574.42,3.0,0.051,Credit Card,1.7,False
ORD-102954,04/25/2024,CUST-79744,Germany,OnePlus,OnePlus 11,677.0,3.0,0.203,Bank Transfer,3.7,True
ORD-100286,04-02-2022,CUST-85860,India,Apple,iPhone SE,152.6,1.0,0.287,COD,3.9,False
ORD-103505,02/27/2022,CUST-13384,Brazil,xiaomi,Redmi 12,684.3,1.0,0.171,Bank Transfer,2.3,False
ORD-102195,2022-09-14,CUST-11977,India,Motorola,Moto G53,1321.87,4.0,0.215,Bank Transfer,3.6,1
ORD-102857,25-10-2023,CUST-43532,india,Apple,iPhone 14,814.97,5.0,,COD,3.1,False
ORD-103481,09-05-2024,CUST-54057,UK,Samsung,Galaxy A54,459.41,,0.075,COD,4.5,False
ORD-101822,07/01/2023,CUST-14631,France,Samsung,Galaxy S23,1285.12,3.0,0.179,COD,2.3,False
ORD-103623,2024-04-25,CUST-19615,,xiaomi,POCO F5,439.47,4.0,0.335,Credit Card,1.1,False
ORD-101598,01/27/2023,CUST-78494,Singapore,Motorola,Moto G53,949.01,3.0,0.017,Debit Card,3.2,False
ORD-101703,10/05/2023,CUST-75042,Canada,OnePlus,OnePlus 11,545.16,3.0,,UPI,4.9,False
ORD-102153,2023-04-15,CUST-25586,USA,Motorola,,1370.62,4.0,1.317,Debit Card,4.9,False
ORD-100736,21-04-2023,CUST-84529,UK,APPLE,iPhone 15,752.56,2.0,0.057,Bank Transfer,-1.0,True
ORD-101941,22-05-2024,CUST-14744,Canada,Sony,Xperia 5 V,795.32,2.0,0.273,COD,2.2,1
ORD-100336,03/08/2024,CUST-73454,Japan,samsung,Galaxy S23,-999.0,3.0,,Credit Card,3.9,0
ORD-102462,2024-02-14,CUST-41726,India,Sony,Xperia 1 V,175.54,4.0,0.335,Credit Card,1.8,0
ORD-102867,2024-02-09,CUST-20160,India,Motorola,Moto G53,203.29,5.0,0.31,Bank Transfer,3.5,yes
ORD-104187,2022-06-15,CUST-97559,Germany,OnePlus,OnePlus Nord 3,,,0.388,Credit Card,4.9,1
ORD-104475,11/21/2024,CUST-51448,Inda,Samsung,Galaxy Z Fold 5,1035.28,5.0,0.395,UPI,2.1,True
ORD-101071,2024-01-22,CUST-11789,Australia,Sony,Xperia 5 V,519.67,3.0,0.067,PayPal,2.2,False
ORD-102367,2024-09-14,CUST-29414,UK,Samsung,Galaxy Z Fold 5,1424.63,3.0,0.06,UPI,2.3,0
ORD-103689,2024-06-30,CUST-64464,USA,samsung,Galaxy A54,,1.0,0.183,Debit Card,4.0,True
ORD-104369,14-11-2023,CUST-65558,France,google,Pixel 8,536.73,5.0,0.363,Debit Card,2.1,0
ORD-103980,10/30/2022,CUST-68285,Brazil,OnePlus,OnePlus 11,1327.28,1.0,0.184,Credit Card,2.5,True
ORD-104180,,CUST-73698,Singapore,Samsung,Galaxy Z Fold 5,224.05,1.0,0.054,Credit Card,5.8,yes
ORD-104870,03/21/2022,CUST-42069,Canada,Samsung,Galaxy Z Fold 5,525.53,1.0,,COD,3.9,yes
ORD-103782,2023-06-08,CUST-57036,Australia,OnePlus,OnePlus 12,653.46,3.0,0.148,UPI,3.6,False
ORD-101488,03/12/2023,CUST-14442,Brazil,SAMSUNG,Galaxy S23,1305.04,3.0,0.302,Bank Transfer,2.0,True
ORD-100498,02/01/2024,CUST-65117,France,apple,iPhone 15,958.06,0.0,0.038,Bank Transfer,3.4,False
ORD-104415,2022-07-31,CUST-11857,USA,Google,Pixel 8,800.23,-1.0,0.18,PayPal,3.9,False
ORD-103674,2022-09-21,CUST-83110,,Samsung,Galaxy S24,1139.7,5.0,0.174,COD,3.7,False
ORD-102643,21-12-2023,CUST-91735,USA,ONEPLUS,OnePlus Nord 3,,2.0,0.342,Debit Card,1.4,0
ORD-102417,06/21/2023,CUST-65276,Singapore,google,,283.81,1.0,0.122,,1.5,yes
ORD-103322,10-02-2024,CUST-80658,Canada,Google,Pixel 7a,983.65,3.0,0.2,UPI,1.4,False
ORD-104860,06/15/2022,CUST-95556,USA,Google,Pixel 8 Pro,703.13,1.0,0.289,Credit Card,1.9,False
ORD-104840,2023-07-10,CUST-49842,USA,oneplus,OnePlus 12,626.75,4.0,0.093,Bank Transfer,2.2,0
ORD-101610,2022-06-24,CUST-28297,USA,apple,iPhone 15 Pro,1473.59,2.0,0.166,UPI,2.7,True
ORD-102228,0000-00-00,CUST-60752,Canada,XIAOMI,POCO F5,232.08,2.0,0.396,UPI,4.7,yes
ORD-102673,10/27/2022,CUST-84553,India,Samsung,Galaxy S23,1033.99,3.0,0.22,PayPal,4.4,False
ORD-102111,04/17/2024,CUST-78590,Singapore,XIAOMI,POCO F5,1492.35,4.0,0.041,Credit Card,4.8,1
ORD-101022,,CUST-77927,Germany,Motorola,Moto G53,1378.61,1.0,0.271,COD,3.6,True
ORD-102985,03/25/2024,CUST-73166,U.K.,Apple,iPhone 14,1458.51,1.0,0.225,Credit Card,3.5,False
ORD-104965,2023-10-31,CUST-94090,USA,SAMSUNG,Galaxy Z Fold 5,318.48,5.0,0.19,Credit Card,3.4,False
ORD-102083,2022-05-03,CUST-60183,Japan,OnePlus,OnePlus 11,361.4,5.0,0.368,Credit Card,3.3,False
ORD-103176,06-09-2024,CUST-37097,UK,ONEPLUS,,972.53,5.0,0.18,COD,4.1,False
ORD-102100,10-10-2024,CUST-61089,FRANCE,Xiaomi,POCO F5,1081.33,2.0,0.268,Credit Card,3.9,False
ORD-100665,05/02/2024,CUST-35287,Brazil,Sony,Xperia 10 V,1463.51,,0.098,Debit Card,0.0,0
ORD-104068,05/07/2022,CUST-17587,Germany,samsung,Galaxy S24,884.98,5.0,0.341,Debit Card,1.3,no
ORD-102727,25-10-2022,CUST-72073,germany,Sony,Xperia 10 V,899.79,1.0,0.255,COD,1.2,False
ORD-102018,06/06/2022,CUST-66935,USA,Sony,Xperia 10 V,432.99,2.0,0.096,COD,2.5,False
ORD-104336,2023-10-11,CUST-35270,India,OnePlus,OnePlus 12,1253.76,4.0,0.124,Bank Transfer,4.3,True
ORD-102238,12/17/2023,CUST-89463,Germany,GOOGLE,Pixel 8 Pro,1048.35,3.0,0.037,COD,4.2,False
ORD-101017,07/28/2024,CUST-66687,Brazil,oneplus,OnePlus 12,538.0,4.0,0.17,UPI,2.7,1
ORD-100557,2024-01-08,CUST-80245,Germany,Motorola,Moto G53,,2.0,0.153,Bank Transfer,4.9,no
ORD-103455,05-02-2022,CUST-81922,Japan,Samsung,Galaxy A54,1163.36,2.0,0.305,PayPal,3.2,False
ORD-101207,05/03/2022,CUST-78412,India,SAMSUNG,Galaxy S24,973.37,2.0,0.233,Debit Card,1.6,yes
ORD-102093,2022-12-22,CUST-30625,Japan,Samsung,Galaxy Z Fold 5,801.7,1.0,0.229,PayPal,2.8,True
ORD-103624,03/04/2023,CUST-92571,Australia,Sony,Xperia 1 V,1364.67,3.0,0.029,PayPal,1.0,True
ORD-104980,05/27/2022,CUST-23054,Japan,Sony,Xperia 1 V,1420.1,5.0,0.056,Debit Card,1.2,1
ORD-101510,2023-02-27,CUST-67708,,Samsung,Galaxy S23,1374.15,1.0,0.203,Debit Card,2.0,0
ORD-101844,03/01/2024,CUST-45283,germany,APPLE,iPhone 14,1484.13,2.0,0.367,UPI,3.8,0
ORD-101684,11-06-2023,CUST-18893,Singapore,Samsung,Galaxy S24,767.28,5.0,0.101,Credit Card,3.0,1
ORD-100245,2024-02-03,CUST-94004,United States,Google,Pixel 8 Pro,1105.36,1.0,0.339,UPI,4.4,yes
ORD-101163,05-01-2023,CUST-64394,Japan,XIAOMI,POCO F5,585.26,5.0,0.397,PayPal,3.2,1
ORD-102602,05/04/2022,CUST-55118,Singapore,Motorola,Edge 40 Pro,1259.65,3.0,0.298,Debit Card,1.4,False
ORD-104924,01/31/2022,CUST-62135,Japan,Sony,Xperia 1 V,325.42,2.0,0.392,COD,4.4,False
ORD-100266,2022-01-16,CUST-33800,France,XIAOMI,Xiaomi 14,343.31,4.0,0.262,Credit Card,,0
ORD-104195,11/05/2024,CUST-80460,United Kingdom,Apple,iPhone 15 Pro,1011.45,1.0,0.034,UPI,4.9,False
ORD-101114,2022-04-09,CUST-92399,Canada,GOOGLE,,829.12,5.0,,,1.1,False
ORD-100063,2022-03-11,CUST-71431,Singapore,SAMSUNG,Galaxy S24,847.97,3.0,0.313,UPI,1.4,False
ORD-104983,05/13/2023,CUST-99793,Australia,,Pixel 8,1487.32,4.0,0.242,Debit Card,3.5,yes
ORD-102680,27-02-2022,CUST-94280,Japan,oneplus,OnePlus 12,1164.12,1.0,0.374,Credit Card,3.2,False
ORD-104869,20-07-2022,CUST-98577,Australia,oneplus,OnePlus 11,733.22,-1.0,0.119,PayPal,,False
ORD-104217,25-11-2024,CUST-50285,Japan,Apple,iPhone 14,891.61,1.0,0.057,UPI,2.3,1
ORD-103121,,CUST-41399,Canada,ONEPLUS,OnePlus 11,1211.98,1.0,0.149,Debit Card,4.4,False
ORD-104049,12/22/2023,CUST-56311,Australia,Xiaomi,Xiaomi 14,658.83,5.0,,UPI,3.1,True
ORD-103467,25-07-2024,CUST-51687,Australia,Apple,iPhone 15 Pro,1353.18,5.0,0.229,Debit Card,3.7,1
ORD-104116,03/21/2024,CUST-66064,United States,Xiaomi,Redmi 12,714.95,1.0,0.202,Bank Transfer,2.7,0
ORD-102907,2024-01-30,CUST-55040,USA,Google,Pixel 7a,1158.2,3.0,0.099,PayPal,4.5,yes
ORD-102131,2023-02-13,CUST-25201,France,google,Pixel 8 Pro,1166.08,5.0,0.072,Bank Transfer,1.3,0
ORD-101765,12/16/2024,CUST-38000,Singapore,Sony,Xperia 5 V,1477.85,1.0,0.03,,3.3,False
ORD-102319,03/07/2023,CUST-29653,France,Samsung,Galaxy A54,1375.28,1.0,0.239,PayPal,3.9,True
ORD-101237,2024-10-17,CUST-34788,India,Google,Pixel 8 Pro,1251.47,,0.261,UPI,2.6,0
ORD-100103,21-02-2024,CUST-91268,Australia,samsung,Galaxy Z Fold 5,750.76,3.0,0.124,COD,2.1,True
ORD-102732,,CUST-60285,UK,OnePlus,OnePlus 11,1347.56,3.0,0.379,Bank Transfer,1.8,0
ORD-100272,,CUST-99155,U.S.A,apple,iPhone SE,1435.58,2.0,0.24,PayPal,3.2,False
ORD-100508,18-05-2024,CUST-57262,Japan,APPLE,iPhone SE,825.08,5.0,0.043,Bank Transfer,,False
ORD-102302,12/21/2024,CUST-29877,India,Google,,,5.0,1.341,Bank Transfer,3.5,yes
ORD-103989,21-12-2024,CUST-85699,Singapore,GOOGLE,Pixel 8 Pro,170.19,1.0,0.193,Credit Card,2.5,yes
ORD-104417,03/10/2022,CUST-83702,France,xiaomi,Redmi 12,409.93,-1.0,0.321,COD,3.0,True
ORD-100865,,CUST-69051,Canada,APPLE,iPhone 15 Pro,1204.93,3.0,,Debit Card,3.1,False
ORD-102512,2024-12-25,CUST-11434,Australia,XIAOMI,Xiaomi 14,1366.72,0.0,0.1,PayPal,3.9,False
ORD-100908,09/20/2024,CUST-40624,UK,APPLE,iPhone SE,1433.38,3.0,0.081,PayPal,4.1,no
ORD-103810,22-02-2024,CUST-27565,USA,OnePlus,OnePlus Nord 3,1003.59,1.0,0.334,Credit Card,4.6,no
ORD-104680,05/28/2022,CUST-51190,Canada,Google,Pixel 8 Pro,703.8,1.0,0.266,PayPal,2.0,False
ORD-104032,10/03/2023,CUST-11666,Brazil,,Pixel 8,1116.42,2.0,0.167,PayPal,4.8,False
ORD-101627,01/22/2023,CUST-12393,Japan,Sony,Xperia 1 V,849.1,5.0,0.136,Bank Transfer,1.1,
ORD-104876,21-12-2024,CUST-40080,Japan,xiaomi,Xiaomi 14,969.44,2.0,0.17,COD,2.6,yes
ORD-101522,06/01/2023,CUST-81722,Australia,apple,iPhone 15,,4.0,0.044,PayPal,1.6,0
ORD-100835,05/27/2022,CUST-87646,Singapore,Google,Pixel 8 Pro,1134.52,1.0,,,5.0,False
ORD-100358,10-01-2023,CUST-34539,Brazil,google,Pixel 8,1196.81,2.0,0.05,Bank Transfer,4.8,0
ORD-100138,2023-09-25,CUST-44121,USA,Motorola,Moto G53,1479.8,3.0,0.128,Credit Card,3.2,
ORD-100299,04/11/2023,CUST-49814,USA,Xiaomi,POCO F5,888.66,2.0,0.34,Bank Transfer,4.8,False
ORD-101556,2023-09-03,CUST-90912,France,apple,iPhone 15 Pro,737.12,4.0,0.068,Credit Card,4.1,1
ORD-101003,2022-01-20,CUST-97098,Brazil,Apple,iPhone SE,1147.89,1.0,0.155,Credit Card,2.3,False
ORD-100382,2022-11-10,CUST-32440,Canada,Google,Pixel 7a,213.25,5.0,0.002,Credit Card,3.1,True
ORD-100941,12/04/2024,CUST-56954,USA,Apple,iPhone 15,738.69,1.0,0.04,Credit Card,4.4,False
ORD-103128,06-11-2023,CUST-52135,india,Sony,Xperia 10 V,1019.12,2.0,0.3,COD,4.2,True
ORD-103878,15-09-2022,CUST-46510,Australia,Sony,Xperia 5 V,175.22,0.0,0.005,UPI,4.3,False
ORD-100761,26-11-2023,CUST-26662,France,Apple,iPhone 15,722.41,2.0,0.098,Debit Card,3.4,False
ORD-102080,04/09/2023,CUST-43414,United Kingdom,Xiaomi,Xiaomi 14,483.9,1.0,0.053,Debit Card,1.3,False
ORD-103377,,CUST-74174,Canada,Sony,Xperia 1 V,279.54,2.0,0.012,PayPal,4.2,1
ORD-103392,2024-04-08,CUST-47976,Singapore,Apple,iPhone 15,542.32,1.0,0.231,PayPal,4.7,1
ORD-104357,2023-07-24,CUST-34310,Singapore,Apple,iPhone 15 Pro,1347.75,2.0,0.151,COD,3.4,False
ORD-104631,09/22/2024,CUST-81673,USA,Sony,Xperia 10 V,934.06,3.0,0.17,Debit Card,2.9,0
ORD-100898,27-12-2023,CUST-61472,Brazil,samsung,Galaxy Z Fold 5,701.97,5.0,0.015,Credit Card,4.3,0
ORD-104113,11/24/2023,CUST-66689,USA,Apple,,1488.6,2.0,0.088,Credit Card,1.6,
ORD-104400,08-09-2023,CUST-71010,Australia,Google,Pixel 8,431.12,2.0,0.244,Credit Card,1.5,1
ORD-101402,2024-01-25,CUST-86771,FRANCE,Google,Pixel 7a,612.45,1.0,0.075,Debit Card,4.9,1
ORD-102121,25-07-2023,CUST-90490,Singapore,OnePlus,OnePlus 11,780.35,2.0,0.364,Debit Card,1.2,no
ORD-103916,10-08-2022,CUST-82662,Brazil,Samsung,Galaxy S23,614.52,2.0,0.034,Bank Transfer,4.6,False
ORD-104457,2022-09-04,CUST-87427,United States,GOOGLE,Pixel 8,543.92,4.0,0.356,PayPal,4.4,
ORD-103063,12/01/2022,CUST-53283,Canada,ONEPLUS,OnePlus 11,1401.98,4.0,0.111,PayPal,4.2,True
ORD-101512,02/25/2022,CUST-50245,Germany,Google,Pixel 7a,425.81,5.0,0.339,Credit Card,4.3,True
ORD-101188,18-09-2022,CUST-81915,France,Google,Pixel 8 Pro,372.45,2.0,0.016,Debit Card,2.8,1
ORD-103098,25-05-2024,CUST-38856,USA,XIAOMI,POCO F5,573.76,5.0,0.395,Credit Card,2.7,yes
ORD-102117,2022-04-29,CUST-56620,Japan,xiaomi,Redmi 12,1320.78,5.0,0.111,Debit Card,1.2,False
ORD-104011,2024-07-18,CUST-93625,France,XIAOMI,Xiaomi 14,782.04,5.0,0.074,Bank Transfer,4.7,no
ORD-103559,2023-11-15,CUST-97077,UK,ONEPLUS,OnePlus 11,1488.7,3.0,,UPI,4.7,0
ORD-102543,03/18/2022,CUST-93525,Japan,Samsung,Galaxy A54,285.84,5.0,0.026,UPI,1.6,1
ORD-100108,10-08-2022,CUST-48071,Singapore,OnePlus,OnePlus 12,458.66,5.0,0.075,Debit Card,3.0,1
ORD-102829,02/27/2022,CUST-19769,,apple,iPhone 15 Pro,1140.33,3.0,0.042,PayPal,4.4,True
ORD-102916,2022-11-29,CUST-44711,usa,OnePlus,OnePlus 12,1266.79,5.0,0.096,Debit Card,4.3,0
ORD-101973,2022-10-04,CUST-47221,India,Google,Pixel 8 Pro,1355.72,1.0,0.121,Debit Card,4.0,False
ORD-100058,09-02-2024,CUST-76071,Brazil,XIAOMI,Redmi Note 13,708.93,5.0,0.139,Debit Card,1.7,0
ORD-100076,11/17/2023,CUST-45479,France,Motorola,Moto G84,716.05,3.0,,Credit Card,1.4,1
ORD-100796,2023-02-09,CUST-14006,UK,Apple,iPhone 15 Pro,1224.81,3.0,0.234,Bank Transfer,2.3,False
ORD-100368,26-02-2024,CUST-37181,Canada,ONEPLUS,OnePlus 11,564.71,4.0,0.368,,1.0,0
ORD-104984,2024-08-24,CUST-74101,India,SAMSUNG,Galaxy S24,1143.94,3.0,0.248,Debit Card,2.9,no
ORD-100785,04/06/2022,CUST-79107,Australia,Samsung,Galaxy Z Fold 5,744.95,4.0,0.199,Debit Card,1.9,False
ORD-102118,,CUST-26508,UK,google,Pixel 8 Pro,973.28,3.0,0.352,,,True
ORD-104355,2022-02-18,CUST-80057,india,Google,Pixel 8 Pro,880.16,3.0,0.276,COD,3.1,False
ORD-104118,2023-12-25,CUST-28511,Australia,Motorola,Moto G84,756.69,1.0,0.177,Credit Card,3.6,False
ORD-102094,02/02/2023,CUST-83841,France,Samsung,Galaxy A54,-999.0,2.0,0.286,Bank Transfer,4.0,True
ORD-102222,2024-12-16,CUST-43479,USA,oneplus,OnePlus 12,818.78,5.0,0.251,COD,1.9,False
ORD-103657,2024-02-09,CUST-25830,Singapore,OnePlus,OnePlus 11,374.3,5.0,0.108,COD,2.6,True
ORD-102021,06/08/2024,CUST-15525,Japan,Apple,iPhone SE,924.8,5.0,0.399,Debit Card,1.6,0
ORD-101520,08/22/2023,CUST-24733,GERMANY,Motorola,Edge 40 Pro,841.69,5.0,0.018,Credit Card,,False
ORD-100121,,CUST-87562,india ,OnePlus,OnePlus Nord 3,420.75,4.0,0.116,PayPal,4.6,yes
ORD-103800,2024-05-25,CUST-41494,Brazil,XIAOMI,Redmi Note 13,849.42,-1.0,0.324,Credit Card,2.9,True
ORD-103196,12-02-2023,CUST-15247,Germany,SAMSUNG,Galaxy Z Fold 5,1340.26,5.0,0.286,PayPal,4.7,yes
ORD-101523,22-01-2024,CUST-52833,Japan,Apple,iPhone SE,1491.19,1.0,0.368,PayPal,4.1,0
ORD-100910,2023-09-21,CUST-64018,Canada,OnePlus,OnePlus 12,1034.98,2.0,0.075,Debit Card,3.7,False
ORD-100124,03/17/2024,CUST-15104,Australia,OnePlus,OnePlus 11,538.59,5.0,0.202,COD,2.6,False
ORD-104997,11/05/2023,CUST-80088,FRANCE,OnePlus,OnePlus 11,1150.04,2.0,0.319,UPI,1.6,yes
ORD-101586,02/02/2023,CUST-47082,FRANCE,Google,Pixel 7a,1140.69,4.0,0.312,UPI,1.5,
ORD-101257,04/28/2024,CUST-51833,Australia,APPLE,iPhone 15 Pro,913.64,1.0,0.077,Debit Card,3.0,False
ORD-103563,10/23/2023,CUST-38258,USA,google,Pixel 8 Pro,704.43,2.0,0.324,COD,3.3,False
ORD-103604,10/05/2022,CUST-95285,Brazil,Xiaomi,Redmi Note 13,857.5,3.0,,Debit Card,3.9,False
ORD-103504,06-01-2024,CUST-14535,,Sony,Xperia 5 V,970.29,4.0,0.201,PayPal,2.6,False
ORD-101178,26-01-2024,CUST-40411,Canada,xiaomi,Redmi Note 13,1008.16,3.0,1.912,Debit Card,3.3,False
ORD-104526,2023-01-15,CUST-50679,Germany,ONEPLUS,OnePlus Nord 3,,2.0,0.314,COD,4.5,False
ORD-102465,13-12-2024,CUST-97556,USA,Xiaomi,Redmi Note 13,246.01,5.0,0.153,Credit Card,2.0,False
ORD-103593,2024-08-17,CUST-65636,India,Sony,Xperia 10 V,1248.46,4.0,0.008,UPI,4.1,yes
ORD-103686,23-10-2023,CUST-65346,,xiaomi,Xiaomi 14,699.89,1.0,0.37,PayPal,3.2,True
ORD-102173,14-08-2024,CUST-94434,India,SAMSUNG,Galaxy S23,581.34,3.0,0.369,Bank Transfer,3.4,0
ORD-100442,01/21/2022,CUST-85165,Brazil,OnePlus,OnePlus 11,604.32,4.0,0.151,PayPal,2.9,1
ORD-102022,05/14/2023,CUST-86690,USA,Google,Pixel 8,1280.75,2.0,0.204,Bank Transfer,3.9,False
ORD-102974,2022-08-04,CUST-34785,Germany,Google,,393.89,2.0,0.323,COD,3.8,yes
ORD-100925,11-07-2024,CUST-76249,india,GOOGLE,Pixel 8,498.24,5.0,0.299,Bank Transfer,2.3,yes
ORD-102409,2022-08-02,CUST-41591,UK,oneplus,OnePlus 12,1414.08,2.0,0.266,PayPal,3.7,True
ORD-102592,28-06-2024,CUST-95421,,Motorola,Edge 40 Pro,500.17,2.0,0.395,UPI,2.9,no
ORD-104848,2022-07-07,CUST-96692,Australia,Google,Pixel 7a,869.68,2.0,0.356,Bank Transfer,4.8,False
ORD-101411,2023-06-15,CUST-56050,India,Google,Pixel 7a,436.93,4.0,0.336,UPI,3.4,no
ORD-103842,2023-04-15,CUST-58012,Germany,Samsung,Galaxy S23,744.73,4.0,0.073,Bank Transfer,2.6,False
ORD-101859,2023-07-12,CUST-82837,USA,xiaomi,POCO F5,930.03,4.0,0.301,PayPal,4.2,True
ORD-101509,2022-07-19,CUST-22699,usa,oneplus,OnePlus 12,555.77,2.0,0.283,COD,2.6,False
ORD-101227,27-10-2022,CUST-87923,USA,samsung,Galaxy S23,452.82,3.0,0.132,Debit Card,4.4,no
ORD-103728,2024-10-12,CUST-73742,Japan,OnePlus,OnePlus 12,484.65,4.0,0.151,PayPal,1.9,0
ORD-102432,2024-02-20,CUST-21009,Germany,samsung,Galaxy S23,363.68,4.0,0.309,UPI,2.8,0
ORD-104508,17-04-2023,CUST-85020,Canada,ONEPLUS,OnePlus 12,603.12,3.0,0.104,,1.8,yes
ORD-102220,2023-12-06,CUST-63307,India,Sony,Xperia 1 V,1160.61,,0.232,Debit Card,2.0,1
ORD-103398,01/30/2022,CUST-30539,UK,Samsung,Galaxy S23,1204.6,1.0,0.02,Debit Card,2.9,no
ORD-100324,07/29/2024,CUST-19520,Singapore,Xiaomi,Redmi 12,935.69,1.0,0.261,PayPal,2.8,False
ORD-103193,02/09/2024,CUST-56613,Singapore,xiaomi,Redmi 12,288.87,3.0,0.174,Credit Card,1.3,False
ORD-102669,2023-03-03,CUST-13823,Japan,oneplus,OnePlus 11,877.5,4.0,0.215,PayPal,,yes
ORD-102042,2024-08-07,CUST-70258,Brazil,oneplus,OnePlus Nord 3,1119.01,3.0,0.047,COD,2.4,False
ORD-102683,02/04/2024,CUST-37540,Canada,oneplus,OnePlus 12,580.37,3.0,0.222,PayPal,1.8,False
ORD-104554,2023-06-14,CUST-59065,FRANCE,APPLE,iPhone 15,978.46,4.0,0.016,Debit Card,1.2,1
ORD-104701,2023-06-12,CUST-24765,USA,apple,iPhone 15,1321.81,1.0,0.3,COD,1.3,False
ORD-101498,28-09-2023,CUST-85265,India,APPLE,iPhone 15,314.16,3.0,0.373,COD,1.5,
ORD-101502,,CUST-50333,Germany,Google,Pixel 7a,440.29,4.0,0.153,Credit Card,2.7,0
ORD-101006,03/02/2023,CUST-97296,Canada,samsung,Galaxy S24,99999.0,4.0,0.12,Debit Card,2.9,1
ORD-103705,2022-01-30,CUST-53448,Canada,SAMSUNG,Galaxy A54,230.27,5.0,0.066,Bank Transfer,3.2,False
ORD-102819,2023-05-04,CUST-22221,India,samsung,Galaxy S23,918.72,3.0,0.106,,2.7,False
ORD-103879,08-06-2022,CUST-20336,UK,Apple,iPhone 15 Pro,744.89,1.0,0.14,PayPal,2.6,False
ORD-101467,2024-08-25,CUST-62453,Canada,Sony,Xperia 10 V,792.82,2.0,0.108,Bank Transfer,4.9,False
ORD-101225,16-05-2022,CUST-85830,Singapore,OnePlus,OnePlus 11,364.32,1.0,0.022,Credit Card,3.9,False
ORD-103424,02/02/2024,CUST-87543,Australia,OnePlus,OnePlus 12,868.78,2.0,0.272,COD,2.7,False
ORD-102654,2023-12-06,CUST-75362,France,Xiaomi,Redmi Note 13,162.1,1.0,0.223,Debit Card,2.3,1
ORD-103907,12/14/2024,CUST-11155,Brazil,google,Pixel 7a,1104.02,3.0,0.375,Credit Card,2.5,False
ORD-100312,2023-06-05,CUST-77228,UK,,Galaxy S24,388.21,3.0,0.013,Bank Transfer,4.1,False
ORD-101216,10/10/2023,CUST-62212,France,OnePlus,OnePlus 12,412.14,5.0,0.05,Bank Transfer,4.1,yes
ORD-104103,22-10-2024,CUST-31791,France,Motorola,Moto G53,1308.51,3.0,0.3,Credit Card,1.6,False
ORD-103622,08-10-2022,CUST-10555,Inda,,iPhone 15,890.67,1.0,0.168,PayPal,2.0,False
ORD-100420,2023-11-06,CUST-57152,Canada,APPLE,iPhone 14,244.27,5.0,0.218,Bank Transfer,3.1,0
ORD-103543,06/27/2023,CUST-75509,Canada,samsung,Galaxy Z Fold 5,758.21,3.0,0.335,PayPal,1.9,0
ORD-100006,25-06-2023,CUST-46826,usa,apple,iPhone 15 Pro,,4.0,0.061,Bank Transfer,2.8,no
ORD-100932,2024-02-26,CUST-95874,Canada,Samsung,Galaxy A54,1001.85,1.0,0.274,PayPal,1.5,False
ORD-101691,10/20/2022,CUST-52015,USA,Xiaomi,Xiaomi 14,189.64,2.0,0.287,UPI,3.7,False
ORD-100439,30-08-2023,CUST-32299,India,apple,iPhone 15,1251.75,5.0,0.023,Credit Card,2.5,no
ORD-101313,29-06-2022,CUST-89676,UK,Apple,iPhone SE,1200.59,2.0,0.097,UPI,3.5,False
ORD-100678,10-09-2022,CUST-91559,Germany,oneplus,OnePlus 12,366.23,5.0,0.198,COD,1.1,True
ORD-102718,12/04/2023,CUST-78327,Singapore,Sony,Xperia 5 V,0.0,2.0,0.165,Bank Transfer,1.7,0
ORD-104685,30-01-2022,CUST-42675,United Kingdom,Apple,iPhone 15 Pro,1497.71,1.0,0.327,Credit Card,3.4,1
ORD-101935,16-07-2024,CUST-19698,UK,xiaomi,Redmi Note 13,,3.0,0.046,Credit Card,3.7,False
ORD-104447,31-12-2022,CUST-13531,Canada,samsung,Galaxy S24,586.81,3.0,0.393,Credit Card,4.4,1
ORD-102344,07-06-2024,CUST-48673,Brazil,SAMSUNG,Galaxy A54,873.91,5.0,0.288,Credit Card,4.7,False
ORD-104709,05/17/2022,CUST-19818,Singapore,OnePlus,OnePlus 12,1342.92,5.0,0.061,Credit Card,4.8,yes
ORD-104246,05/23/2022,CUST-15973,Brazil,Samsung,Galaxy Z Fold 5,268.68,3.0,0.043,PayPal,,False
ORD-102600,2023-06-28,CUST-31134,,Apple,iPhone 15,151.59,2.0,0.175,,4.5,no
ORD-102518,2022-02-11,CUST-72659,Brazil,samsung,Galaxy S23,553.94,2.0,0.231,Debit Card,3.9,True
ORD-101086,2024-04-24,CUST-62683,Australia,GOOGLE,Pixel 8,1392.6,5.0,0.349,UPI,1.3,yes
ORD-102011,18-08-2022,CUST-11924,Singapore,Sony,Xperia 10 V,1106.75,4.0,0.183,UPI,3.9,False
ORD-104313,12/01/2022,CUST-61674,Japan,oneplus,OnePlus 11,844.85,5.0,0.065,PayPal,3.7,True
ORD-102874,2024-10-25,CUST-34666,Singapore,Apple,iPhone 15 Pro,1029.04,1.0,0.078,Credit Card,4.2,False
ORD-102957,05/26/2024,CUST-49473,USA,Apple,iPhone 14,1434.9,1.0,0.357,Bank Transfer,2.9,False
ORD-100194,17-09-2023,CUST-23431,Canada,XIAOMI,Xiaomi 14,261.27,5.0,0.208,UPI,2.9,False
ORD-101474,17-06-2023,CUST-46181,France,Apple,iPhone SE,852.66,1.0,0.393,UPI,1.4,True
ORD-104890,04/27/2022,CUST-51899,France,GOOGLE,Pixel 8,817.21,5.0,0.338,Debit Card,3.6,True
ORD-103185,05/07/2024,CUST-89766,Japan,google,Pixel 8 Pro,593.75,5.0,0.14,Credit Card,2.6,0
ORD-101211,11/30/2024,CUST-13356,Australia,APPLE,iPhone SE,556.47,4.0,0.4,Debit Card,4.4,False
ORD-104080,2023-01-13,CUST-36590,Canada,,POCO F5,1427.49,2.0,0.325,COD,1.4,0
ORD-101657,23-07-2022,CUST-88741,India,Samsung,Galaxy Z Fold 5,1005.79,2.0,0.309,COD,2.1,False
ORD-103621,2024-01-25,CUST-53437,usa,Xiaomi,Redmi 12,865.21,5.0,0.368,Bank Transfer,2.4,False
ORD-103130,02/11/2024,CUST-67098,Brazil,Apple,iPhone 15,566.98,4.0,0.249,COD,4.7,
ORD-102883,23-05-2024,CUST-12756,Japan,Apple,iPhone SE,1440.34,4.0,0.288,Credit Card,2.7,False
ORD-102295,2023-08-05,CUST-46025,Brazil,Motorola,Moto G53,1041.64,1.0,0.355,UPI,1.1,False
ORD-101962,07/14/2024,CUST-56850,Brazil,Sony,Xperia 1 V,1215.67,2.0,0.279,Bank Transfer,2.2,no
ORD-104114,,CUST-27905,France,Samsung,Galaxy S23,932.72,4.0,0.27,Bank Transfer,2.6,False
ORD-101130,04/06/2024,CUST-88494,Japan,,iPhone 14,1241.53,4.0,0.085,UPI,4.7,False
ORD-101461,2024-09-01,CUST-30541,Singapore,Xiaomi,Redmi Note 13,313.3,2.0,0.22,Bank Transfer,3.3,False
ORD-100276,22-06-2022,CUST-29810,Germany,APPLE,iPhone 15 Pro,405.09,5.0,0.287,,4.5,yes
ORD-104603,2023-09-13,CUST-23424,India,Apple,iPhone 15 Pro,1209.5,2.0,0.1,Bank Transfer,4.2,True
ORD-102298,,CUST-70559,India,Samsung,Galaxy A54,185.1,4.0,0.366,Bank Transfer,2.9,1
ORD-103350,2023-03-22,CUST-84945,Germany,google,Pixel 8,705.1,,0.322,Bank Transfer,3.9,True
ORD-102373,2022-02-03,CUST-81806,Australia,SAMSUNG,Galaxy S23,885.17,3.0,0.335,Bank Transfer,4.7,True
ORD-101302,04/06/2022,CUST-68958,germany,Motorola,Moto G53,1286.72,1.0,0.014,PayPal,2.0,no
ORD-104017,2022-08-19,CUST-40353,UK,Samsung,Galaxy S24,1290.53,2.0,0.295,Debit Card,3.3,False
ORD-100222,2024-01-03,CUST-35268,Singapore,xiaomi,Redmi Note 13,,2.0,0.305,COD,2.1,False
ORD-104716,02-02-2023,CUST-13198,UK,SAMSUNG,Galaxy A54,304.7,3.0,0.256,UPI,2.5,True
ORD-102404,2022-09-24,CUST-36255,,Samsung,Galaxy A54,1186.62,3.0,0.317,UPI,4.5,1
ORD-100573,2023-10-14,CUST-83460,Brazil,Xiaomi,Redmi Note 13,723.05,5.0,0.011,UPI,3.3,False
ORD-101236,12/16/2022,CUST-44115,Canada,apple,iPhone SE,357.25,5.0,0.149,Bank Transfer,3.6,False
ORD-103669,01/26/2024,CUST-99298,India,Xiaomi,POCO F5,930.32,5.0,0.079,PayPal,4.0,0
ORD-103493,24-05-2024,CUST-82370,Japan,,OnePlus 11,508.81,3.0,0.168,Credit Card,,yes
ORD-103309,,CUST-22090,Singapore,Xiaomi,Redmi Note 13,816.91,5.0,0.397,Bank Transfer,4.4,yes
ORD-101334,04/17/2022,CUST-85051,Australia,Google,Pixel 7a,277.06,4.0,0.36,UPI,1.4,0
ORD-104570,07/06/2022,CUST-48240,Japan,Samsung,Galaxy Z Fold 5,760.45,2.0,0.258,PayPal,4.1,False
ORD-104086,17-01-2023,CUST-30302,germany,Apple,iPhone 14,427.41,5.0,0.007,Debit Card,2.5,False
ORD-100418,2022-12-07,CUST-43131,Singapore,oneplus,OnePlus 11,1158.07,3.0,0.052,COD,3.8,False
ORD-100267,2023-09-14,CUST-27905,Brazil,Samsung,Galaxy S23,989.44,2.0,0.334,COD,3.2,1
ORD-101104,21-01-2022,CUST-12027,Australia,Google,Pixel 8 Pro,709.98,1.0,0.038,UPI,1.1,True
ORD-100257,2022-07-09,CUST-59709,UK,Motorola,Moto G84,1094.96,3.0,0.298,Bank Transfer,3.0,True
ORD-100295,04/01/2024,CUST-29811,germany,OnePlus,OnePlus Nord 3,608.53,2.0,0.143,Debit Card,2.0,False
ORD-102438,11/13/2022,CUST-52445,UK,OnePlus,OnePlus 11,314.06,5.0,0.398,PayPal,1.4,False
ORD-100386,04-06-2022,CUST-88645,USA,google,Pixel 8 Pro,156.0,1.0,0.366,Credit Card,2.6,0
ORD-103426,11-01-2023,CUST-75125,Canada,samsung,Galaxy A54,1384.24,4.0,0.151,Credit Card,4.6,0
ORD-103204,2023-04-21,CUST-62255,USA,Apple,iPhone 14,382.06,2.0,0.34,PayPal,4.7,False
ORD-102307,09/22/2024,CUST-78479,Germany,Samsung,Galaxy A54,223.02,4.0,0.279,UPI,2.6,False
ORD-102323,08-02-2022,CUST-63818,France,google,Pixel 8 Pro,771.7,4.0,0.05,UPI,1.4,no
ORD-104406,2023-09-21,CUST-91281,Germany,google,Pixel 8,99999.0,5.0,0.241,COD,1.2,False
ORD-103639,,CUST-91612,India,OnePlus,OnePlus Nord 3,1147.66,0.0,0.109,Credit Card,2.8,False
ORD-104307,2023-06-20,CUST-92202,France,Google,Pixel 8,1329.38,3.0,0.244,Credit Card,3.0,1
ORD-104455,06/28/2024,CUST-84902,Brazil,Apple,iPhone SE,1309.85,4.0,0.19,COD,1.4,False
ORD-101563,01/12/2022,CUST-57797,Singapore,Google,Pixel 8 Pro,,5.0,0.369,COD,4.9,False
ORD-102347,2023-06-08,CUST-24236,Japan,Sony,Xperia 1 V,501.73,-1.0,,UPI,-1.0,0
ORD-101400,24-03-2023,CUST-14003,UK,Samsung,Galaxy Z Fold 5,959.77,1.0,0.048,COD,2.0,True
ORD-100712,29-04-2023,CUST-11318,India,Google,Pixel 7a,462.43,2.0,0.228,Debit Card,3.4,0
ORD-102426,04/27/2024,CUST-56923,germany,xiaomi,Xiaomi 14,677.73,4.0,0.215,Bank Transfer,,False
ORD-100622,20-05-2023,CUST-22687,Inda,OnePlus,OnePlus Nord 3,1423.23,1.0,0.112,UPI,,no
ORD-100209,10/17/2024,CUST-71122,USA,Apple,iPhone 15 Pro,1265.64,4.0,0.26,Bank Transfer,2.5,
ORD-104623,02/24/2022,CUST-49768,USA,Google,Pixel 8 Pro,789.74,4.0,0.374,COD,5.0,False
ORD-101289,06/06/2022,CUST-58946,Japan,SAMSUNG,Galaxy Z Fold 5,378.08,1.0,0.112,PayPal,3.0,False
ORD-102815,2022-02-22,CUST-11483,Singapore,Apple,iPhone 14,1462.16,,0.193,UPI,3.8,
ORD-101842,2023-03-24,CUST-53806,,oneplus,,1249.78,4.0,0.217,COD,1.2,True
ORD-100449,,CUST-53804,USA,oneplus,OnePlus Nord 3,242.71,5.0,0.013,Debit Card,1.3,False
ORD-104159,07/30/2024,CUST-90782,France,Apple,iPhone SE,1185.26,3.0,0.381,UPI,1.2,False
ORD-102655,2024-04-26,CUST-94571,,oneplus,OnePlus 11,1359.6,4.0,0.163,UPI,1.8,False
ORD-101820,17-11-2022,CUST-89835,FRANCE,XIAOMI,Xiaomi 14,1212.71,4.0,0.068,Debit Card,1.3,False
ORD-100958,2022-10-17,CUST-59110,Japan,oneplus,OnePlus 12,698.85,4.0,0.246,,4.1,0
ORD-101793,07-12-2022,CUST-12221,Singapore,SAMSUNG,Galaxy S24,517.59,4.0,0.255,COD,4.2,yes
ORD-102119,04-09-2022,CUST-71340,USA,xiaomi,Redmi Note 13,532.49,1.0,0.17,Debit Card,4.6,False
ORD-100654,19-01-2024,CUST-39625,Germany,Samsung,Galaxy Z Fold 5,1468.3,1.0,0.239,Bank Transfer,1.7,False
ORD-104813,12/03/2022,CUST-42612,Australia,GOOGLE,Pixel 7a,184.33,2.0,0.051,COD,4.1,False
ORD-103986,12/31/2023,CUST-61055,Germany,Samsung,Galaxy S24,252.0,1.0,,Bank Transfer,3.3,False
ORD-100331,12/14/2023,CUST-68310,UK,SAMSUNG,Galaxy S24,1317.0,,0.045,Debit Card,3.1,
ORD-101760,0000-00-00,CUST-23914,USA,Xiaomi,POCO F5,888.88,2.0,0.284,Bank Transfer,3.4,no
ORD-103137,2024-09-25,CUST-27255,Canada,XIAOMI,Redmi Note 13,544.2,4.0,0.383,PayPal,4.5,False
ORD-102837,09-08-2023,CUST-82488,India,Google,Pixel 8 Pro,-999.0,2.0,0.364,Bank Transfer,3.7,False
ORD-104888,25-10-2024,CUST-74575,,xiaomi,Xiaomi 14,766.08,3.0,,PayPal,2.6,False
ORD-100411,2022-12-09,CUST-25848,Japan,OnePlus,OnePlus Nord 3,483.6,2.0,0.078,UPI,1.6,1
ORD-101774,19-04-2022,CUST-73585,Germany,OnePlus,OnePlus 11,602.23,2.0,0.301,COD,3.6,1
ORD-102005,09-02-2024,CUST-30597,Japan,SAMSUNG,Galaxy S24,767.04,1.0,0.34,UPI,4.5,no
ORD-102451,2023-12-09,CUST-74540,Australia,ONEPLUS,OnePlus Nord 3,1334.99,,,COD,2.6,1
ORD-102456,19-09-2024,CUST-82902,Australia,Google,,,,0.301,Bank Transfer,1.6,
ORD-102715,2022-07-25,CUST-91622,USA,Xiaomi,Xiaomi 14,1426.73,3.0,0.283,UPI,2.7,yes
ORD-104382,,CUST-11316,India,OnePlus,OnePlus 12,281.54,4.0,0.003,Bank Transfer,3.8,1
ORD-104852,05-10-2023,CUST-61628,India,Google,,178.67,2.0,0.329,Debit Card,2.2,True
ORD-103832,14-03-2024,CUST-66893,Brazil,Google,Pixel 7a,1334.8,5.0,0.101,PayPal,3.6,False
ORD-102095,15-07-2024,CUST-84990,Brazil,OnePlus,OnePlus 12,545.01,3.0,0.25,PayPal,4.8,False
ORD-102757,2024-05-14,CUST-31028,USA,Xiaomi,Redmi Note 13,519.58,4.0,0.013,Credit Card,1.9,False
ORD-103683,10/28/2024,CUST-64488,United Kingdom,OnePlus,OnePlus Nord 3,428.62,4.0,0.049,Credit Card,2.2,False
ORD-103757,2024-06-20,CUST-33645,Canada,GOOGLE,Pixel 8,1254.16,4.0,0.389,Debit Card,1.9,0
ORD-103488,07/11/2024,CUST-17713,Singapore,GOOGLE,Pixel 8,352.34,3.0,0.131,,1.6,1
ORD-102177,14-11-2022,CUST-85372,India,Sony,Xperia 1 V,511.64,1.0,0.36,Bank Transfer,3.0,False
ORD-104832,2022-07-31,CUST-92985,Japan,Motorola,Moto G53,529.55,3.0,0.298,PayPal,4.5,False
ORD-100430,2022-06-07,CUST-32383,Canada,Xiaomi,POCO F5,1291.44,1.0,0.063,Debit Card,2.0,False
ORD-103027,02/20/2022,CUST-91992,Brazil,samsung,Galaxy S24,263.37,5.0,0.173,COD,3.0,1
ORD-103682,2022-09-09,CUST-87377,uk,OnePlus,OnePlus 12,1345.21,5.0,0.051,,3.7,False
ORD-101366,13-06-2024,CUST-61709,Singapore,Google,Pixel 7a,840.04,3.0,0.227,Debit Card,1.5,True
ORD-100173,2023-09-29,CUST-72077,U.K.,OnePlus,OnePlus 11,1277.96,2.0,0.023,Debit Card,1.9,False
ORD-102952,21-11-2022,CUST-87516,Germany,Motorola,Moto G53,1183.84,3.0,0.158,Bank Transfer,3.9,no
ORD-101176,02-01-2022,CUST-54533,France,GOOGLE,Pixel 7a,1284.58,-1.0,0.227,COD,2.5,False
ORD-103731,07-01-2022,CUST-10926,France,Samsung,Galaxy Z Fold 5,533.0,3.0,0.381,,4.4,False
ORD-101476,22-06-2024,CUST-18892,india,oneplus,OnePlus Nord 3,191.99,4.0,0.39,Credit Card,1.9,1
ORD-103269,16-02-2023,CUST-54188,USA,Sony,Xperia 1 V,1207.79,2.0,0.081,,2.3,True
ORD-103929,2022-07-19,CUST-44000,France,Google,Pixel 8 Pro,1452.75,5.0,0.277,PayPal,3.0,False
ORD-100102,03/17/2022,CUST-42799,Brazil,samsung,Galaxy A54,1102.82,3.0,0.374,COD,1.5,False
ORD-103447,2024-05-06,CUST-40305,INDIA,Sony,Xperia 1 V,481.22,1.0,0.043,Credit Card,4.7,False
ORD-103316,10/28/2024,CUST-63885,Germany,XIAOMI,Redmi 12,292.32,5.0,0.241,COD,2.8,no
ORD-101952,2024-11-19,CUST-78716,Canada,Apple,iPhone 15,826.65,4.0,0.376,UPI,4.0,False
ORD-101263,07/30/2024,CUST-11496,Brazil,oneplus,OnePlus Nord 3,1227.85,1.0,0.375,COD,2.5,no
ORD-102984,10-02-2023,CUST-52652,France,OnePlus,OnePlus 12,1206.23,2.0,0.032,PayPal,2.1,0
ORD-103254,2024-08-22,CUST-57506,Australia,samsung,Galaxy A54,351.31,1.0,0.186,UPI,4.0,False
ORD-103393,12/23/2023,CUST-34504,USA,OnePlus,OnePlus 11,258.67,3.0,0.274,Debit Card,1.5,False
ORD-103370,19-05-2023,CUST-54696,Singapore,Xiaomi,Redmi 12,938.29,0.0,0.188,Bank Transfer,3.8,0
ORD-102835,2022-02-02,CUST-90284,Singapore,google,Pixel 7a,578.1,5.0,0.232,Bank Transfer,1.1,yes
ORD-104320,2024-10-09,CUST-24110,Canada,Sony,Xperia 1 V,,1.0,0.21,Debit Card,3.9,False
ORD-103288,,CUST-86325,Australia,google,Pixel 8,1338.26,3.0,0.145,UPI,1.6,False
ORD-103209,2024-09-24,CUST-58287,Canada,Samsung,Galaxy Z Fold 5,426.21,1.0,0.088,UPI,2.4,False
ORD-101643,2022-10-28,CUST-24334,Singapore,Motorola,Edge 40 Pro,331.03,2.0,0.154,Credit Card,2.4,0
ORD-104579,16-02-2023,CUST-52521,,Google,Pixel 7a,806.88,4.0,0.059,UPI,2.4,False
ORD-100000,14-08-2024,CUST-18032,USA,apple,iPhone 14,1467.08,4.0,0.18,Debit Card,4.7,False
ORD-101580,2022-03-03,CUST-43897,India,Xiaomi,Xiaomi 14,1012.17,2.0,0.129,COD,5.0,1
ORD-104751,23-10-2023,CUST-43035,Brazil,Apple,iPhone 15,,3.0,0.204,PayPal,1.6,True
ORD-104183,2023-11-11,CUST-78580,Singapore,Sony,Xperia 10 V,329.07,2.0,0.178,Credit Card,3.6,1
ORD-101356,30-04-2023,CUST-13189,France,apple,iPhone SE,1086.79,2.0,0.298,COD,3.4,yes
ORD-104524,02/19/2024,CUST-19966,France,Motorola,Edge 40 Pro,,4.0,0.209,Debit Card,3.8,False
ORD-104476,2023-04-09,CUST-30515,Australia,oneplus,OnePlus 11,1328.8,4.0,0.04,UPI,,True
ORD-102726,18-01-2023,CUST-90124,Australia,apple,iPhone 14,1455.29,1.0,0.309,Credit Card,1.7,1
ORD-102107,08-10-2022,CUST-61851,India,Samsung,Galaxy A54,381.33,4.0,0.129,PayPal,3.6,1
ORD-104702,12/21/2024,CUST-24652,Singapore,SAMSUNG,Galaxy Z Fold 5,,4.0,0.034,Bank Transfer,3.3,True
ORD-100396,2023-08-12,CUST-39495,Germany,apple,iPhone 14,341.94,3.0,0.171,PayPal,4.3,False
ORD-103571,06/05/2022,CUST-70650,GERMANY,Apple,iPhone 15 Pro,620.66,2.0,0.179,UPI,1.7,no
ORD-101064,02-12-2022,CUST-56226,UK,Sony,Xperia 10 V,600.88,4.0,0.178,COD,4.0,1
ORD-102437,2024-06-06,CUST-72966,Germany,Apple,iPhone 15 Pro,468.75,4.0,0.053,,4.0,False
ORD-103199,2023-05-18,CUST-10297,Singapore,Google,Pixel 8 Pro,1259.35,5.0,0.083,,1.5,True
ORD-102225,2022-02-07,CUST-39937,india,Apple,iPhone 14,1052.0,3.0,0.078,Credit Card,3.9,True
ORD-100818,02/07/2023,CUST-33821,USA,SAMSUNG,Galaxy Z Fold 5,1362.97,,,PayPal,4.5,False
ORD-101812,05/22/2023,CUST-83324,UK,google,Pixel 8,716.33,2.0,0.331,UPI,2.5,False
ORD-102638,2024-10-06,CUST-96472,France,Xiaomi,Redmi Note 13,877.93,,0.074,Bank Transfer,2.8,1
ORD-101552,2024-01-24,CUST-99173,France,ONEPLUS,OnePlus Nord 3,1018.42,5.0,0.046,,4.5,False
ORD-104574,09/12/2024,CUST-10224,Brazil,Apple,iPhone 15,608.13,1.0,0.11,Bank Transfer,3.9,False
ORD-100816,28-04-2024,CUST-21786,Japan,Motorola,Moto G53,1294.44,2.0,0.114,,4.2,False
ORD-101572,10/16/2022,CUST-81015,UK,Apple,iPhone SE,311.38,3.0,0.134,COD,2.5,False
ORD-103075,24-03-2023,CUST-48027,UK,Sony,Xperia 5 V,473.47,4.0,0.291,COD,2.9,False
ORD-101800,2024-03-29,CUST-33890,Australia,Motorola,Moto G84,314.65,4.0,0.37,UPI,4.7,False
ORD-104358,2024-08-28,CUST-77815,UK,samsung,Galaxy S24,303.3,4.0,0.29,Debit Card,1.5,0
ORD-100381,2023-01-14,CUST-90485,Australia,GOOGLE,Pixel 8 Pro,1488.11,2.0,0.166,Credit Card,3.9,0
ORD-102977,16-10-2023,CUST-80266,France,,,1049.55,5.0,0.105,COD,4.2,True
ORD-103955,2024-04-21,CUST-13529,Singapore,APPLE,iPhone SE,512.1,4.0,,PayPal,4.3,True
ORD-103751,25-11-2024,CUST-94771,Singapore,Motorola,Edge 40 Pro,360.61,5.0,0.355,UPI,2.0,0
ORD-104532,10/21/2024,CUST-32679,Australia,XIAOMI,Redmi 12,,5.0,0.262,PayPal,2.7,0
ORD-102388,14-02-2023,CUST-53250,UK,OnePlus,OnePlus Nord 3,815.47,,0.119,Bank Transfer,1.8,False
ORD-104395,05-01-2024,CUST-78545,Japan,OnePlus,OnePlus Nord 3,745.34,3.0,0.249,COD,3.6,False
ORD-101780,07/09/2024,CUST-18969,Australia,Motorola,Edge 40 Pro,904.66,3.0,0.24,Bank Transfer,1.9,True
ORD-102820,05/28/2022,CUST-41026,India,Google,Pixel 7a,1291.71,3.0,0.143,Debit Card,4.9,True
ORD-102515,09/18/2023,CUST-81811,Germany,Xiaomi,POCO F5,1343.99,1.0,0.32,Credit Card,3.6,1
ORD-103585,27-07-2022,CUST-84077,India,google,Pixel 8,504.24,5.0,0.19,Bank Transfer,2.4,1
ORD-100864,11/29/2024,CUST-11298,India,ONEPLUS,OnePlus Nord 3,512.71,3.0,0.299,PayPal,2.1,False
ORD-103131,05/11/2024,CUST-29290,India,oneplus,OnePlus Nord 3,1367.64,5.0,0.097,Bank Transfer,1.4,0
ORD-104152,29-01-2023,CUST-39851,Germany,google,Pixel 7a,1450.26,2.0,0.356,Debit Card,3.6,yes
ORD-100554,02/04/2024,CUST-34056,Germany,ONEPLUS,OnePlus 11,828.07,3.0,0.293,Credit Card,2.8,0
ORD-101159,10-12-2023,CUST-97076,Germany,APPLE,iPhone 14,1004.81,2.0,0.066,Debit Card,1.1,0
ORD-101213,2022-07-20,CUST-53369,Germany,Xiaomi,Redmi 12,812.15,5.0,0.155,Debit Card,2.9,False
ORD-102277,2022-07-27,CUST-19452,Germany,,iPhone 14,470.12,,0.331,Bank Transfer,4.7,False
ORD-103859,07/10/2022,CUST-93831,UK,Apple,iPhone SE,1424.95,3.0,0.168,UPI,3.7,1
ORD-100048,13-10-2022,CUST-57754,Australia,ONEPLUS,OnePlus Nord 3,1301.24,4.0,0.236,COD,2.1,False
ORD-102656,01/08/2024,CUST-35502,India,APPLE,iPhone 15 Pro,989.62,4.0,0.326,UPI,3.8,False
ORD-100700,2022-12-07,CUST-28045,France,samsung,Galaxy Z Fold 5,1054.98,1.0,0.146,Credit Card,3.2,no
ORD-100652,03/25/2024,CUST-59399,India,Sony,Xperia 10 V,1014.06,5.0,0.289,Debit Card,1.7,True
ORD-103273,16-06-2023,CUST-94650,France,Motorola,Moto G84,,2.0,0.01,PayPal,1.9,no
ORD-103181,,CUST-45644,UK,Samsung,Galaxy S24,1311.8,4.0,0.012,COD,4.9,no
ORD-103429,07-04-2023,CUST-67827,France,xiaomi,POCO F5,1488.77,3.0,1.104,UPI,1.9,False
ORD-101455,2022-02-27,CUST-51053,USA,Sony,Xperia 1 V,376.15,2.0,0.249,Debit Card,1.6,1
ORD-104263,2023-12-21,CUST-31826,Germany,oneplus,OnePlus 11,395.24,2.0,0.013,UPI,2.2,0
ORD-104905,2024-02-16,CUST-70203,USA,Motorola,Moto G53,1246.9,3.0,0.02,Debit Card,1.6,yes
ORD-102088,01/21/2022,CUST-79496,usa,Xiaomi,Xiaomi 14,1390.24,5.0,0.215,Debit Card,2.2,False
ORD-100866,02/18/2023,CUST-80229,,XIAOMI,POCO F5,1287.62,5.0,0.231,PayPal,1.4,0
ORD-101644,2022-05-02,CUST-27507,Australia,oneplus,OnePlus Nord 3,1117.69,,0.161,Debit Card,3.5,no
ORD-104558,2022-12-08,CUST-91787,France,Sony,Xperia 10 V,928.83,1.0,0.024,Bank Transfer,1.9,True
ORD-104201,06-03-2024,CUST-49467,Canada,Sony,Xperia 10 V,994.51,4.0,0.276,Debit Card,4.9,True
ORD-101490,26-03-2023,CUST-84959,Australia,Apple,iPhone 14,797.12,5.0,0.16,COD,4.4,False
ORD-103270,09/18/2023,CUST-29381,France,GOOGLE,Pixel 8,520.02,2.0,0.289,Debit Card,1.7,False
ORD-100729,08/11/2022,CUST-32867,USA,Sony,Xperia 10 V,230.91,3.0,1.808,UPI,1.7,True
ORD-102809,01/20/2024,CUST-27313,Singapore,Xiaomi,Xiaomi 14,414.62,1.0,0.39,UPI,2.4,False
ORD-102552,2022-05-27,CUST-57144,U.S.A,XIAOMI,Redmi 12,219.32,2.0,0.053,Bank Transfer,4.5,False
ORD-101936,02/24/2023,CUST-79952,Brazil,Google,Pixel 8,1436.2,1.0,0.332,PayPal,3.5,1
ORD-101110,10-11-2022,CUST-88384,Germany,Xiaomi,Redmi Note 13,356.63,3.0,0.174,Credit Card,2.5,True
ORD-104553,12/26/2024,CUST-60133,Canada,OnePlus,OnePlus 11,646.35,4.0,0.333,Debit Card,2.8,yes
ORD-104545,02/11/2023,CUST-20793,Germany,XIAOMI,POCO F5,798.13,1.0,0.036,Debit Card,1.3,no
ORD-101185,09/10/2024,CUST-57370,Canada,Sony,Xperia 1 V,1232.18,5.0,0.199,Debit Card,4.3,no
ORD-102007,2024-03-01,CUST-38174,Canada,,OnePlus 12,1148.23,5.0,0.39,PayPal,1.6,1
ORD-100193,06/10/2023,CUST-22973,France,,POCO F5,1312.19,4.0,0.351,,1.9,1
ORD-101515,2024-05-22,CUST-92120,Canada,Samsung,Galaxy S24,1426.33,2.0,0.229,Credit Card,1.7,True
ORD-100578,,CUST-10903,Singapore,Xiaomi,Redmi 12,930.34,3.0,0.083,Credit Card,1.6,False
ORD-101429,21-04-2023,CUST-80475,USA,ONEPLUS,OnePlus 11,0.0,2.0,0.0,Bank Transfer,5.0,0
ORD-103718,2022-12-31,CUST-83672,Brazil,Apple,iPhone 15 Pro,1018.67,5.0,0.339,Bank Transfer,2.2,True
ORD-100702,18-06-2024,CUST-23640,UK,apple,iPhone SE,295.78,3.0,0.255,Bank Transfer,1.8,0
ORD-101846,09/23/2023,CUST-67391,Singapore,GOOGLE,Pixel 8 Pro,625.57,5.0,0.155,Credit Card,3.0,0
ORD-100131,11/10/2023,CUST-99083,UK,Motorola,Edge 40 Pro,,4.0,0.319,Debit Card,1.6,False
ORD-100178,22-07-2024,CUST-58075,India,,Galaxy A54,807.6,2.0,0.027,UPI,1.5,False
ORD-104540,2023-11-15,CUST-69162,UK,Google,Pixel 7a,1092.8,1.0,0.09,PayPal,-1.0,False
ORD-104625,2024-11-06,CUST-57079,UK,xiaomi,POCO F5,902.49,3.0,0.013,COD,2.1,False
ORD-103603,19-03-2024,CUST-40602,Singapore,OnePlus,OnePlus Nord 3,266.03,2.0,0.072,,2.3,False
ORD-102450,05/14/2023,CUST-20653,UK,APPLE,iPhone 14,1011.31,2.0,0.201,Debit Card,2.0,False
ORD-103123,2024-08-01,CUST-32240,France,Apple,iPhone 15,576.88,4.0,0.393,Debit Card,4.9,no
ORD-102073,2024-08-15,CUST-72828,FRANCE,,Pixel 8 Pro,435.17,,0.041,Debit Card,4.5,False
ORD-100658,06-11-2022,CUST-95916,Australia,Google,Pixel 8 Pro,615.03,4.0,0.325,UPI,1.9,1
ORD-101896,01-02-2024,CUST-25963,Germany,Xiaomi,POCO F5,677.42,1.0,0.207,PayPal,1.1,1
ORD-104815,2022-01-01,CUST-88627,UK,OnePlus,OnePlus Nord 3,1118.43,1.0,0.118,,2.5,False
ORD-103214,08/02/2023,CUST-70866,U.S.A,OnePlus,OnePlus 12,1053.39,,0.165,Bank Transfer,1.6,True
ORD-100342,06-06-2022,CUST-88294,India,Xiaomi,Redmi Note 13,590.04,4.0,0.136,PayPal,1.7,yes
ORD-104038,2023-06-18,CUST-63491,India,apple,iPhone 15,870.85,5.0,0.168,Bank Transfer,4.1,False
ORD-100727,2022-10-06,CUST-50386,India,Motorola,Edge 40 Pro,161.71,,0.34,UPI,3.4,False
ORD-103914,03/12/2024,CUST-90386,India,GOOGLE,Pixel 8,702.35,2.0,0.345,Credit Card,4.7,False
ORD-100976,12/27/2023,CUST-82696,germany,Google,Pixel 7a,-999.0,3.0,0.165,Debit Card,2.6,1
ORD-103733,10-06-2022,CUST-63935,Brazil,samsung,Galaxy S24,1320.18,2.0,0.104,Bank Transfer,3.9,
ORD-103085,10/03/2023,CUST-13733,France,samsung,Galaxy Z Fold 5,1308.15,5.0,0.108,UPI,2.1,False
ORD-101928,14-09-2023,CUST-41007,Australia,google,Pixel 8,635.89,5.0,0.098,Bank Transfer,4.4,True
ORD-104750,03/08/2023,CUST-58138,,,Galaxy S24,616.86,5.0,0.091,COD,4.8,True
ORD-104812,07/24/2023,CUST-96168,Japan,GOOGLE,Pixel 8 Pro,1397.89,3.0,0.329,PayPal,1.0,True
ORD-101299,03-10-2024,CUST-20089,Brazil,apple,iPhone 14,486.77,5.0,0.269,Debit Card,1.7,False
ORD-104985,2024-03-02,CUST-60259,usa,Xiaomi,,1394.57,4.0,0.143,COD,2.6,False
ORD-104674,01/26/2022,CUST-28450,Canada,Samsung,Galaxy A54,,4.0,0.001,Bank Transfer,2.9,False
ORD-100660,2023-04-23,CUST-65653,France,GOOGLE,Pixel 7a,,1.0,0.324,Credit Card,1.9,False
ORD-101790,27-04-2024,CUST-54338,Japan,Motorola,Edge 40 Pro,909.25,1.0,0.381,Debit Card,4.1,yes
ORD-102893,30-07-2023,CUST-34230,UK,oneplus,OnePlus 12,692.17,5.0,0.138,PayPal,3.6,1
ORD-102881,2024-12-24,CUST-65015,Brazil,OnePlus,OnePlus Nord 3,300.05,5.0,0.09,COD,2.2,yes
ORD-103084,2024-12-04,CUST-56767,U.S.A,GOOGLE,Pixel 8 Pro,469.54,1.0,0.297,Debit Card,3.3,False
ORD-103680,11/17/2023,CUST-91202,Singapore,xiaomi,Xiaomi 14,874.27,1.0,0.227,PayPal,1.8,0
ORD-103163,29-07-2024,CUST-55419,Canada,Samsung,Galaxy S24,813.57,5.0,0.157,UPI,2.3,no
ORD-102794,04/22/2022,CUST-64967,Canada,APPLE,iPhone 15,1142.81,4.0,0.111,COD,1.8,False
ORD-104863,06-06-2023,CUST-68171,Canada,Motorola,Moto G84,628.19,3.0,,UPI,4.7,False
ORD-103308,2024-08-31,CUST-35073,Brazil,OnePlus,OnePlus 11,971.92,3.0,0.029,Credit Card,2.5,yes
ORD-101278,12/11/2023,CUST-52814,U.K.,Google,Pixel 8,0.0,1.0,0.225,PayPal,2.4,0
ORD-102731,04-07-2022,CUST-49353,Australia,Google,,929.38,3.0,0.016,Debit Card,2.8,1
ORD-101621,2023-06-19,CUST-51474,U.S.A,Xiaomi,Redmi Note 13,869.59,5.0,0.101,UPI,4.2,1
ORD-104734,22-01-2024,CUST-99115,Brazil,Motorola,Moto G53,821.35,4.0,0.331,COD,4.1,1
ORD-104973,02-07-2024,CUST-55939,France,Xiaomi,Xiaomi 14,1070.14,1.0,0.18,,4.9,False
ORD-100067,,CUST-33349,,Apple,iPhone SE,1479.16,2.0,0.029,UPI,2.2,True
ORD-102905,2024-07-06,CUST-99579,Japan,Sony,Xperia 1 V,861.62,4.0,0.038,PayPal,3.4,1
ORD-102550,09/29/2022,CUST-76373,Australia,Samsung,Galaxy A54,157.24,5.0,0.191,COD,4.2,yes
ORD-103921,08/23/2024,CUST-22035,Australia,ONEPLUS,OnePlus 11,1144.17,2.0,0.196,PayPal,5.0,1
ORD-100820,18-06-2024,CUST-55982,Japan,Xiaomi,Xiaomi 14,655.76,5.0,0.269,PayPal,2.7,True
ORD-101226,2024-06-10,CUST-17195,U.S.A,Sony,Xperia 1 V,203.97,2.0,,Bank Transfer,1.1,False
ORD-103100,11/22/2022,CUST-84811,Japan,Xiaomi,Redmi 12,1016.0,3.0,0.345,Credit Card,,False
ORD-102218,01-12-2022,CUST-31170,UK,SAMSUNG,Galaxy S23,1035.49,5.0,0.146,Debit Card,4.1,
ORD-104671,10/26/2024,CUST-53083,U.K.,Motorola,Moto G84,891.54,3.0,0.355,PayPal,1.5,1
ORD-104531,N/A,CUST-39266,UK,Samsung,Galaxy Z Fold 5,1353.49,1.0,0.343,Debit Card,-1.0,False
ORD-104340,2024-05-23,CUST-45613,UK,Samsung,Galaxy S24,1337.78,3.0,0.059,Bank Transfer,2.9,
ORD-103469,02/25/2022,CUST-61081,UK,XIAOMI,Xiaomi 14,1315.58,2.0,0.32,Bank Transfer,2.8,False
ORD-101143,2023-08-05,CUST-91585,USA,Apple,iPhone 15,1199.34,5.0,0.188,Bank Transfer,3.2,True
ORD-100397,26-12-2023,CUST-89603,Australia,Motorola,Moto G53,495.09,1.0,0.332,COD,3.8,False
ORD-103010,30-03-2023,CUST-14380,Japan,,Redmi Note 13,326.75,4.0,0.105,Debit Card,2.5,True
ORD-104372,27-08-2022,CUST-66135,UK,OnePlus,OnePlus 12,536.15,2.0,0.033,UPI,1.6,1
ORD-102855,05-06-2022,CUST-10299,Germany,oneplus,OnePlus 12,1417.1,4.0,0.201,PayPal,2.0,yes
ORD-101398,09/08/2024,CUST-41183,UK,APPLE,iPhone 14,1260.28,5.0,0.211,Credit Card,2.4,False
ORD-101659,11/25/2024,CUST-13594,Japan,Xiaomi,POCO F5,713.19,4.0,0.275,,2.1,False
ORD-100979,11-02-2024,CUST-76125,france,samsung,Galaxy A54,572.27,4.0,0.119,Bank Transfer,,False
ORD-101298,07/17/2024,CUST-27302,Singapore,samsung,Galaxy S24,639.62,3.0,0.353,COD,1.0,True
ORD-102339,24-05-2024,CUST-16175,germany,,Xperia 10 V,383.24,2.0,0.024,Bank Transfer,2.8,1
ORD-100082,14-01-2022,CUST-95130,Brazil,Samsung,Galaxy S23,244.0,3.0,0.354,Debit Card,1.4,False
ORD-103458,2023-10-01,CUST-77712,Canada,Xiaomi,Redmi Note 13,441.18,2.0,0.064,COD,1.7,False
ORD-103459,2024-01-02,CUST-59837,Japan,SAMSUNG,Galaxy S23,919.88,2.0,0.314,COD,2.1,no
ORD-103869,2024-08-26,CUST-73380,UK,APPLE,iPhone 14,517.97,3.0,0.274,PayPal,1.2,True
ORD-103912,2023-10-18,CUST-54624,Japan,Motorola,Moto G84,880.17,3.0,0.256,PayPal,4.0,yes
ORD-103235,01/11/2024,CUST-47505,France,Samsung,,897.64,2.0,0.388,PayPal,1.5,False
ORD-100423,21-01-2022,CUST-27846,UK,Motorola,Edge 40 Pro,585.41,5.0,0.11,UPI,3.7,False
ORD-104410,02/05/2022,CUST-41474,Germany,xiaomi,Redmi Note 13,1402.17,5.0,0.115,Credit Card,4.5,False
ORD-101904,2024-04-17,CUST-14769,UK,ONEPLUS,OnePlus Nord 3,309.7,1.0,0.112,Debit Card,4.4,False
ORD-104612,05/22/2022,CUST-10501,Singapore,Motorola,Moto G53,159.09,5.0,0.212,PayPal,3.5,False
ORD-103966,19-12-2024,CUST-87978,Germany,Motorola,Moto G53,471.83,2.0,0.325,Debit Card,3.0,False
ORD-103821,18-10-2024,CUST-58260,Singapore,Google,Pixel 8,1222.01,2.0,0.028,Debit Card,1.7,False
ORD-101565,04/14/2022,CUST-10838,Germany,APPLE,iPhone 15 Pro,668.2,5.0,0.059,Bank Transfer,1.9,False
ORD-103475,21-12-2023,CUST-68258,Brazil,apple,iPhone 15,681.56,5.0,0.259,Credit Card,1.5,False
ORD-100839,07/03/2024,CUST-55690,USA,OnePlus,OnePlus Nord 3,222.38,4.0,0.059,COD,1.6,False
ORD-100500,2024-12-22,CUST-63469,UK,Xiaomi,Redmi Note 13,792.36,2.0,0.233,Credit Card,4.9,True
ORD-100141,2023-11-04,CUST-86390,Singapore,Samsung,,352.54,1.0,0.29,Bank Transfer,4.8,no
ORD-101377,2022-08-31,CUST-62581,France,Samsung,Galaxy S24,170.62,3.0,0.133,Credit Card,1.9,False
ORD-103827,08-03-2022,CUST-84652,France,Samsung,Galaxy S24,331.11,2.0,0.264,Credit Card,3.8,False
ORD-102215,2023-11-03,CUST-10182,USA,Motorola,Moto G53,,2.0,0.325,COD,1.0,1
ORD-101138,04-08-2024,CUST-11282,Japan,APPLE,iPhone 15 Pro,980.79,4.0,0.342,COD,1.9,False
ORD-102630,02/23/2024,CUST-21347,USA,ONEPLUS,OnePlus 11,1283.91,4.0,0.111,Debit Card,4.7,False
ORD-101787,2023-09-26,CUST-69664,UK,SAMSUNG,Galaxy A54,534.25,2.0,0.239,UPI,4.8,yes
ORD-103066,06-01-2024,CUST-41395,France,Samsung,Galaxy S23,1393.17,3.0,0.278,COD,2.0,False
ORD-100550,06/28/2022,CUST-18793,UK,Motorola,Moto G53,357.99,4.0,0.148,COD,3.0,no
ORD-103213,2023-06-27,CUST-52892,UK,ONEPLUS,OnePlus Nord 3,313.9,4.0,0.119,Debit Card,1.7,
ORD-102019,01/16/2024,CUST-48714,Japan,Google,Pixel 8,914.94,2.0,0.031,Bank Transfer,4.0,1
ORD-100948,10/10/2024,CUST-79304,Singapore,XIAOMI,,237.74,3.0,0.349,Debit Card,4.0,True
ORD-104223,2023-06-02,CUST-14456,Australia,Google,Pixel 7a,497.59,4.0,0.35,UPI,3.5,yes
ORD-100532,08/05/2024,CUST-37595,Australia,Apple,iPhone 15 Pro,655.3,5.0,0.243,Bank Transfer,3.2,False
ORD-101829,2022-06-13,CUST-83713,Germany,Motorola,Edge 40 Pro,947.65,2.0,0.33,Bank Transfer,3.3,1
ORD-103055,10/30/2022,CUST-92764,United States,XIAOMI,Xiaomi 14,1392.89,1.0,0.356,PayPal,3.0,False
ORD-104490,10/03/2023,CUST-22729,UK,OnePlus,,415.67,1.0,0.012,UPI,3.3,False
ORD-104006,12/06/2022,CUST-70417,GERMANY,OnePlus,OnePlus Nord 3,579.49,3.0,0.368,COD,4.4,False
ORD-101602,04-12-2022,CUST-13325,USA,Xiaomi,POCO F5,772.8,2.0,0.07,COD,3.3,yes
ORD-100639,06-01-2022,CUST-53086,Brazil,Google,Pixel 7a,484.44,2.0,0.129,Bank Transfer,4.9,no
ORD-104910,05/13/2022,CUST-67047,Germany,Apple,iPhone 15,428.85,3.0,0.367,Bank Transfer,1.5,False
ORD-100967,01/22/2022,CUST-84463,Brazil,Motorola,Moto G53,1491.49,5.0,,UPI,2.9,True
ORD-104306,2023-01-24,CUST-72711,UK,SAMSUNG,Galaxy A54,455.39,2.0,0.334,Bank Transfer,4.0,0
ORD-102714,2023-02-19,CUST-18563,Singapore,Apple,iPhone 15,498.21,3.0,0.119,Debit Card,2.9,True
ORD-101683,11/09/2023,CUST-78767,Singapore,ONEPLUS,OnePlus Nord 3,909.82,4.0,0.211,Debit Card,,False
ORD-104544,,CUST-19381,UK,Apple,iPhone 15 Pro,425.07,1.0,0.389,UPI,4.4,False
ORD-103831,09-05-2023,CUST-55245,Japan,Motorola,Edge 40 Pro,1014.61,4.0,0.108,PayPal,2.4,False
ORD-100155,02/27/2023,CUST-86735,Canada,Samsung,Galaxy S23,1414.81,2.0,0.285,UPI,2.4,1
ORD-102569,2024-04-07,CUST-92491,Germany,oneplus,OnePlus 12,186.58,5.0,0.202,UPI,2.9,False
ORD-102970,2022-05-22,CUST-16607,india ,,iPhone 15 Pro,862.6,4.0,0.024,Debit Card,2.5,yes
ORD-101089,03/08/2024,CUST-69317,Australia,Samsung,Galaxy S24,868.3,4.0,0.197,Credit Card,1.9,0
ORD-104697,10-11-2022,CUST-93687,Japan,Apple,iPhone SE,1244.81,3.0,0.218,PayPal,2.6,False
ORD-104309,10/27/2023,CUST-84458,uk,Samsung,Galaxy A54,961.59,4.0,0.266,Bank Transfer,3.1,False
ORD-100288,2022-07-06,CUST-88453,Japan,Google,Pixel 8,865.96,3.0,0.352,Credit Card,4.3,False
ORD-100930,13-06-2023,CUST-74500,UK,xiaomi,Xiaomi 14,783.05,2.0,0.3,UPI,2.3,False
ORD-102620,21-05-2022,CUST-76157,GERMANY,Xiaomi,Redmi Note 13,202.37,5.0,0.274,Debit Card,2.6,no
ORD-103000,04/05/2023,CUST-21095,Singapore,Samsung,Galaxy S23,780.71,1.0,0.009,Debit Card,4.3,0
ORD-103492,2024-06-12,CUST-40676,USA,Motorola,Moto G53,982.54,3.0,0.001,Debit Card,1.9,yes
ORD-102445,10/26/2023,CUST-41261,Japan,Apple,iPhone 14,391.87,1.0,0.002,COD,1.5,1
ORD-103409,2023-08-05,CUST-70825,usa,GOOGLE,Pixel 7a,740.55,5.0,0.177,UPI,4.3,False
ORD-100942,2022-02-27,CUST-69505,UK,OnePlus,OnePlus Nord 3,380.55,4.0,0.032,COD,2.4,no
ORD-103544,2022-04-09,CUST-22160,India,XIAOMI,Redmi 12,224.81,5.0,0.289,Debit Card,2.0,0
ORD-104738,2023-06-13,CUST-54102,Australia,samsung,Galaxy S24,460.0,2.0,0.307,Bank Transfer,2.3,False
ORD-101698,10/28/2024,CUST-52040,UK,Apple,iPhone SE,418.65,2.0,0.021,Bank Transfer,1.6,1
ORD-104785,08/12/2023,CUST-70435,India,xiaomi,Redmi Note 13,1024.78,5.0,0.134,Bank Transfer,4.1,1
ORD-103064,2023-02-14,CUST-31755,UK,Xiaomi,Redmi 12,897.89,5.0,0.331,Bank Transfer,4.2,False
ORD-102588,11-01-2023,CUST-70265,Canada,xiaomi,Redmi 12,1350.34,4.0,0.164,Debit Card,3.6,True
ORD-102910,23-02-2022,CUST-60785,USA,apple,iPhone 15 Pro,972.52,4.0,0.067,PayPal,4.5,1
ORD-104004,2022-08-30,CUST-98021,Australia,,OnePlus 12,1028.23,2.0,0.298,Credit Card,5.3,True
ORD-100985,2024-04-13,CUST-61623,Germany,GOOGLE,Pixel 7a,1200.69,4.0,0.236,PayPal,2.0,1
ORD-103970,09/14/2024,CUST-59761,UK,Apple,iPhone 15,1116.33,2.0,0.087,Bank Transfer,4.8,False
ORD-102284,10-02-2024,CUST-93460,Singapore,samsung,Galaxy S23,1096.65,4.0,0.147,Bank Transfer,2.7,False
ORD-102780,30-08-2023,CUST-82037,Germany,Motorola,Moto G84,203.46,5.0,0.038,Credit Card,4.2,False
ORD-104855,15-08-2022,CUST-50106,Germany,Samsung,Galaxy A54,512.59,5.0,0.158,Debit Card,,False
ORD-100981,05/21/2023,CUST-51840,Australia,Google,Pixel 7a,726.48,1.0,0.249,Debit Card,1.9,False
ORD-102574,02/20/2022,CUST-72672,France,samsung,Galaxy S24,778.07,4.0,0.21,Credit Card,1.1,False
ORD-104854,07-07-2023,CUST-72151,Japan,Google,Pixel 8 Pro,1078.25,5.0,0.048,Bank Transfer,3.8,
ORD-103277,2024-06-24,CUST-43920,India,SAMSUNG,Galaxy A54,194.49,4.0,0.113,COD,,False
ORD-103047,18-10-2022,CUST-45596,Australia,GOOGLE,Pixel 8 Pro,1254.99,5.0,0.012,UPI,6.1,
ORD-103651,2023-11-09,CUST-26014,Australia,APPLE,iPhone SE,1303.69,4.0,0.049,Credit Card,1.7,True
ORD-103977,12/18/2022,CUST-79767,india ,Xiaomi,Redmi Note 13,558.54,1.0,0.313,Credit Card,2.6,False
ORD-101457,2024-01-18,CUST-67557,UK,Sony,Xperia 5 V,1009.61,1.0,0.245,COD,4.3,False
ORD-101395,08-09-2022,CUST-73251,Japan,Sony,Xperia 1 V,321.13,1.0,0.043,PayPal,0.0,0
ORD-100264,2022-08-12,CUST-35373,USA,Sony,Xperia 5 V,249.5,4.0,0.289,Bank Transfer,4.2,False
ORD-103848,2024-05-06,CUST-95624,Japan,Samsung,Galaxy Z Fold 5,1224.37,1.0,0.107,UPI,3.3,False
ORD-100929,05/28/2023,CUST-94295,USA,google,Pixel 8 Pro,717.85,4.0,0.186,UPI,4.7,
ORD-103173,09-11-2023,CUST-14584,Canada,Motorola,Moto G53,485.18,2.0,0.111,Debit Card,3.0,1
ORD-102178,30-11-2023,CUST-61103,Germany,GOOGLE,Pixel 8 Pro,982.96,1.0,0.216,UPI,3.1,
ORD-104513,15-02-2023,CUST-43663,germany,Samsung,Galaxy S24,288.23,2.0,0.36,UPI,4.6,yes
ORD-100246,06/09/2024,CUST-16072,France,apple,iPhone SE,624.31,3.0,0.208,PayPal,4.3,False
ORD-103717,2023-11-25,CUST-25457,Australia,GOOGLE,Pixel 8,1380.42,3.0,0.271,COD,1.8,True
ORD-101758,26-08-2022,CUST-80991,UK,Sony,Xperia 1 V,1392.84,2.0,0.024,Bank Transfer,1.0,0
ORD-104943,09-12-2024,CUST-81021,Brazil,Samsung,Galaxy A54,778.73,1.0,0.145,Debit Card,1.9,0
ORD-104377,04-12-2022,CUST-47710,United Kingdom,Google,Pixel 8 Pro,373.85,3.0,0.258,Debit Card,2.7,no
ORD-100923,15-06-2023,CUST-29448,Inda,Apple,iPhone 14,938.91,5.0,0.175,Bank Transfer,5.5,False
ORD-102422,2023-06-19,CUST-55607,Germany,Google,Pixel 8 Pro,1284.25,3.0,0.369,Bank Transfer,,1
ORD-100268,02/06/2023,CUST-92316,,Xiaomi,Redmi Note 13,711.16,2.0,0.087,COD,3.1,True
ORD-100669,2022-05-15,CUST-19983,FRANCE,Xiaomi,Redmi 12,1391.5,5.0,0.371,COD,5.0,False
ORD-104512,2024-07-22,CUST-61043,United States,OnePlus,OnePlus 12,271.14,3.0,0.079,COD,3.1,yes
ORD-101910,06/24/2023,CUST-12535,Canada,Motorola,Moto G53,711.36,1.0,0.054,Bank Transfer,3.9,1
ORD-103094,02/22/2022,CUST-78511,Canada,google,Pixel 8,654.06,2.0,0.253,PayPal,1.1,
ORD-101152,08/24/2022,CUST-88826,India,Apple,iPhone 15 Pro,213.41,2.0,0.086,COD,1.4,0
ORD-104895,2024-07-28,CUST-48007,Singapore,OnePlus,OnePlus Nord 3,,0.0,0.355,UPI,2.1,False
ORD-104035,2023-02-26,CUST-88774,USA,,Pixel 8,1099.27,4.0,0.295,UPI,4.6,False
ORD-104310,17-10-2022,CUST-42432,Canada,OnePlus,OnePlus 12,508.18,2.0,0.326,UPI,,False
ORD-104012,03/17/2023,CUST-13450,Germany,Google,Pixel 8,275.85,4.0,0.393,Credit Card,1.1,0
ORD-102244,10-07-2024,CUST-80878,Brazil,Motorola,Edge 40 Pro,790.01,1.0,0.309,Debit Card,4.6,True
ORD-103091,2022-08-08,CUST-77918,GERMANY,ONEPLUS,OnePlus 12,903.41,2.0,0.155,Credit Card,2.8,True
ORD-101915,02-10-2022,CUST-19198,UK,GOOGLE,Pixel 8,1257.75,2.0,0.37,Bank Transfer,3.9,no
ORD-100612,2023-11-13,CUST-69538,France,xiaomi,Redmi 12,787.87,3.0,,Credit Card,2.6,no
ORD-102484,2024-11-18,CUST-67924,Brazil,SAMSUNG,Galaxy S24,718.82,1.0,0.105,Debit Card,1.5,yes
ORD-103654,26-08-2022,CUST-68804,Germany,Sony,Xperia 10 V,501.28,1.0,0.102,PayPal,4.0,False
ORD-101898,2024-05-24,CUST-99495,Brazil,GOOGLE,Pixel 7a,1184.79,4.0,0.337,Credit Card,2.9,0
ORD-101649,2022-02-24,CUST-67107,India,apple,iPhone 15 Pro,811.94,4.0,0.089,PayPal,4.3,False
ORD-103161,,CUST-20960,Brazil,Samsung,Galaxy A54,314.17,,0.325,PayPal,2.6,1
ORD-100258,19-07-2024,CUST-96117,Australia,Motorola,Moto G53,1173.69,3.0,1.68,PayPal,3.9,False
ORD-100847,18-02-2022,CUST-80955,Germany,XIAOMI,POCO F5,0.0,4.0,0.17,Credit Card,2.2,0
ORD-104321,06/18/2022,CUST-36137,france,SAMSUNG,Galaxy A54,619.65,3.0,0.24,Credit Card,3.1,False
ORD-101233,12/03/2022,CUST-55986,Japan,Sony,Xperia 5 V,1391.96,,0.354,PayPal,2.1,True
ORD-101127,,CUST-21855,France,SAMSUNG,Galaxy A54,965.2,4.0,0.384,,4.9,no
ORD-101967,29-07-2024,CUST-81008,Singapore,OnePlus,OnePlus Nord 3,382.05,1.0,0.191,UPI,3.7,False
ORD-100558,02-04-2023,CUST-52461,U.K.,Samsung,Galaxy S23,1056.22,4.0,0.368,Debit Card,2.3,False
ORD-104041,2023-12-10,CUST-57321,Canada,Motorola,Moto G84,1239.21,5.0,0.196,COD,2.4,False
ORD-100484,2024-12-02,CUST-16359,France,google,Pixel 8 Pro,1315.7,1.0,0.064,Debit Card,4.4,False
ORD-102211,17-05-2023,CUST-71386,France,Sony,Xperia 5 V,1315.16,5.0,0.278,Bank Transfer,2.7,
ORD-101320,11-09-2024,CUST-97903,U.K.,APPLE,iPhone 15 Pro,863.45,1.0,0.09,PayPal,2.2,0
ORD-103337,05/02/2022,CUST-26578,USA,OnePlus,OnePlus Nord 3,,3.0,0.376,UPI,2.1,no
ORD-100007,08/19/2024,CUST-24514,U.S.A,OnePlus,OnePlus 12,1376.57,2.0,0.388,Debit Card,3.9,yes
ORD-104889,10-09-2022,CUST-96013,France,XIAOMI,Xiaomi 14,858.3,4.0,0.145,PayPal,1.2,yes
ORD-104010,2023-01-13,CUST-14818,Germany,Motorola,Moto G84,181.11,2.0,0.133,Debit Card,4.9,0
ORD-101450,18-05-2024,CUST-40153,Australia,Sony,Xperia 5 V,1399.67,4.0,0.328,Bank Transfer,2.4,yes
ORD-101201,05-06-2023,CUST-22416,France,Xiaomi,Redmi Note 13,1323.28,1.0,0.135,Credit Card,1.3,False
ORD-101814,,CUST-24706,,Apple,iPhone 14,801.11,4.0,0.354,Bank Transfer,2.6,False
ORD-100773,18-05-2022,CUST-17542,Singapore,apple,iPhone 15 Pro,995.0,4.0,0.006,PayPal,2.0,True
ORD-101011,02-08-2023,CUST-59978,Australia,APPLE,iPhone 14,414.37,4.0,0.196,Debit Card,3.1,
ORD-102917,04-07-2022,CUST-89056,france,Sony,Xperia 1 V,-999.0,3.0,0.146,Credit Card,1.4,
ORD-102528,11/18/2022,CUST-57575,Brazil,samsung,Galaxy S23,245.25,4.0,0.09,PayPal,4.7,yes
ORD-101991,2023-12-21,CUST-15082,Australia,Sony,Xperia 1 V,359.06,5.0,0.395,Debit Card,3.3,False
ORD-101277,,CUST-39302,India,OnePlus,OnePlus 11,99999.0,3.0,0.175,Credit Card,1.5,False
ORD-101783,31-07-2022,CUST-92672,Brazil,ONEPLUS,OnePlus Nord 3,631.11,3.0,0.137,Bank Transfer,4.3,
ORD-104845,05/23/2024,CUST-37778,UK,ONEPLUS,,1006.2,2.0,0.035,Bank Transfer,2.2,False
ORD-100446,04/01/2022,CUST-33359,Singapore,Samsung,Galaxy Z Fold 5,534.15,5.0,0.002,Bank Transfer,5.0,True
ORD-100880,30-10-2023,CUST-90512,Germany,Sony,Xperia 1 V,528.45,3.0,0.325,PayPal,3.4,False
ORD-104533,05/22/2022,CUST-51517,UK,ONEPLUS,OnePlus 11,1473.98,3.0,0.127,Credit Card,2.5,False
ORD-100781,2022-10-23,CUST-92769,India,APPLE,iPhone 15 Pro,1272.43,1.0,0.228,Bank Transfer,2.7,False
ORD-101749,2024-01-05,CUST-34484,Japan,Xiaomi,Redmi Note 13,385.7,0.0,0.232,Debit Card,,True
ORD-103509,01/10/2024,CUST-69741,Brazil,APPLE,,547.17,1.0,0.152,Debit Card,1.1,False
ORD-102688,,CUST-39472,germany,Motorola,Moto G53,520.67,1.0,0.242,Debit Card,3.8,1
ORD-104960,26-05-2022,CUST-33277,U.S.A,Sony,Xperia 10 V,1200.35,5.0,0.013,COD,4.9,False
ORD-104392,2024-12-30,CUST-45715,USA,apple,iPhone 14,1154.45,4.0,0.147,COD,4.9,True
ORD-100883,2024-09-07,CUST-22595,Germany,oneplus,OnePlus 11,399.7,3.0,0.173,PayPal,2.8,
ORD-102525,05/22/2024,CUST-26452,Brazil,SAMSUNG,Galaxy Z Fold 5,843.32,4.0,,Debit Card,3.0,yes
ORD-101091,2023-12-28,CUST-55653,Singapore,APPLE,iPhone 15 Pro,1337.79,5.0,0.11,COD,1.1,True
ORD-103043,17-05-2024,CUST-21204,Australia,Sony,Xperia 1 V,753.84,4.0,,COD,3.6,1
ORD-100531,2023-09-12,CUST-10515,Australia,ONEPLUS,OnePlus Nord 3,588.65,2.0,0.211,COD,3.2,False
ORD-104125,05-02-2022,CUST-91116,INDIA,Xiaomi,Redmi 12,549.19,4.0,0.332,COD,2.2,1
ORD-103443,2022-06-28,CUST-32720,Germany,GOOGLE,Pixel 7a,934.44,2.0,0.382,PayPal,2.2,False
ORD-104423,2022-07-13,CUST-69367,Canada,Google,Pixel 8 Pro,803.28,4.0,0.313,Bank Transfer,2.3,False
ORD-102290,27-03-2024,CUST-70019,USA,GOOGLE,Pixel 8,559.47,,0.271,COD,1.7,0
ORD-101727,01/21/2023,CUST-15175,Australia,ONEPLUS,OnePlus 12,471.36,5.0,0.074,Bank Transfer,4.3,0
ORD-100610,2023-01-02,CUST-54929,USA,OnePlus,OnePlus 11,1275.03,4.0,0.1,Credit Card,3.3,True
ORD-100570,2023-05-21,CUST-61671,Canada,Google,Pixel 7a,468.28,4.0,0.332,Bank Transfer,2.8,False
ORD-104819,08/12/2023,CUST-22169,Singapore,Xiaomi,Redmi 12,586.55,4.0,0.21,PayPal,2.7,False
ORD-103139,04/16/2023,CUST-81137,France,Google,Pixel 8 Pro,201.82,1.0,0.239,UPI,1.9,0
ORD-100343,01-01-2022,CUST-68365,Canada,Google,Pixel 8,1389.82,3.0,0.185,,4.2,False
ORD-103349,20-12-2023,CUST-77577,,OnePlus,OnePlus 12,1108.25,5.0,0.382,,1.8,False
ORD-104903,05/10/2024,CUST-91817,Australia,Apple,iPhone SE,1395.82,2.0,0.114,Debit Card,,yes
ORD-100434,07/09/2023,CUST-64628,Brazil,oneplus,OnePlus 12,795.01,3.0,0.112,PayPal,1.9,False
ORD-101903,15-09-2024,CUST-31003,usa,XIAOMI,Redmi 12,854.34,4.0,0.153,Bank Transfer,1.9,yes
ORD-103935,06/15/2024,CUST-60473,Japan,Samsung,Galaxy S24,663.99,4.0,0.263,Debit Card,,True
ORD-102463,24-03-2024,CUST-54496,UK,xiaomi,Xiaomi 14,1081.04,3.0,0.094,Bank Transfer,1.9,False
ORD-102069,16-01-2024,CUST-19574,USA,APPLE,iPhone 15 Pro,390.52,2.0,0.005,Debit Card,3.6,1
ORD-101537,19-10-2023,CUST-17025,UK,Motorola,Moto G53,1489.6,2.0,0.204,Credit Card,2.3,True
ORD-102328,26-10-2023,CUST-65424,UK,Sony,Xperia 1 V,1235.77,2.0,0.338,Debit Card,1.6,0
ORD-102423,2022-11-29,CUST-91264,France,Apple,iPhone 14,713.68,5.0,0.248,Debit Card,3.6,False
ORD-101517,06/12/2022,CUST-97399,Australia,GOOGLE,Pixel 8,990.42,5.0,0.113,UPI,,1
ORD-100965,22-08-2022,CUST-97801,Germany,Sony,Xperia 10 V,,5.0,,COD,3.3,
ORD-104477,2023-08-09,CUST-86489,India,google,Pixel 7a,1278.42,4.0,0.239,Debit Card,3.7,1
ORD-100528,2024-03-24,CUST-40299,,Apple,iPhone 15,608.04,2.0,0.223,COD,5.0,False
ORD-100176,2022-07-01,CUST-49303,India,OnePlus,OnePlus Nord 3,210.58,1.0,0.302,Credit Card,1.0,False
ORD-103606,04/28/2022,CUST-38933,Australia,Apple,iPhone 14,615.47,1.0,0.075,COD,2.7,1
ORD-104578,19-09-2022,CUST-79776,Australia,Motorola,Moto G53,1475.93,4.0,0.351,UPI,3.5,no
ORD-104368,29-09-2023,CUST-64674,India,Sony,Xperia 1 V,403.68,4.0,0.361,COD,4.8,True
ORD-100572,2023-07-23,CUST-57747,GERMANY,Motorola,Edge 40 Pro,835.37,3.0,0.315,Debit Card,3.2,no
ORD-102598,07/31/2022,CUST-16354,United States,Motorola,Moto G84,286.56,4.0,0.093,PayPal,3.4,False
ORD-103632,11/28/2023,CUST-96371,Australia,Motorola,Edge 40 Pro,756.58,2.0,0.054,COD,2.5,False
ORD-102685,14-01-2022,CUST-14556,USA,apple,iPhone SE,1489.31,2.0,0.09,PayPal,,False
ORD-103580,2024-10-16,CUST-54646,Japan,Apple,iPhone 15,979.25,3.0,0.085,Credit Card,3.3,True
ORD-103933,23-08-2024,CUST-59369,Japan,Apple,iPhone SE,883.32,1.0,0.319,PayPal,3.9,True
ORD-102208,07/13/2024,CUST-39848,Singapore,APPLE,iPhone 15 Pro,182.68,3.0,0.115,COD,,False
ORD-102651,2022-05-01,CUST-47600,Singapore,oneplus,OnePlus 12,1183.18,4.0,0.004,Credit Card,3.0,yes
ORD-102851,01-11-2023,CUST-39760,Canada,Sony,Xperia 1 V,1166.57,3.0,0.312,Debit Card,2.5,1
ORD-100383,08-01-2023,CUST-14364,Brazil,GOOGLE,Pixel 8,866.13,4.0,0.243,Bank Transfer,1.5,False
ORD-100852,02-08-2023,CUST-18550,Inda,Motorola,Moto G53,1219.0,2.0,0.241,PayPal,1.2,0
ORD-101880,27-04-2024,CUST-41269,Singapore,Sony,Xperia 5 V,841.61,1.0,0.13,Debit Card,3.0,False
ORD-100370,2024-09-20,CUST-68842,UK,oneplus,OnePlus Nord 3,867.89,5.0,0.117,UPI,2.9,False
ORD-104758,2023-04-08,CUST-70136,Brazil,Samsung,Galaxy Z Fold 5,1063.9,2.0,0.348,UPI,1.5,0
ORD-104394,04/13/2023,CUST-46079,Singapore,Apple,iPhone 14,999.12,4.0,0.045,COD,2.3,no
ORD-101105,10/02/2024,CUST-27948,Australia,Motorola,Moto G84,390.72,2.0,0.005,COD,4.2,False
ORD-102658,2023-02-02,CUST-41234,UK,OnePlus,OnePlus 11,1083.23,2.0,0.313,Credit Card,3.7,False
ORD-104082,01-08-2023,CUST-48308,India,SAMSUNG,Galaxy S24,1168.23,,0.06,PayPal,1.4,no
ORD-101336,2024-11-12,CUST-88128,Brazil,APPLE,iPhone SE,845.77,3.0,,COD,2.6,False
ORD-102189,07/26/2023,CUST-56418,India,Motorola,Edge 40 Pro,776.96,2.0,0.12,COD,4.4,False
ORD-104668,,CUST-51276,Japan,google,Pixel 7a,740.09,5.0,,UPI,2.4,
ORD-103626,,CUST-93150,Germany,APPLE,iPhone 15,171.74,4.0,0.123,COD,3.6,0
ORD-104818,11/10/2023,CUST-76763,UK,xiaomi,Redmi Note 13,1449.85,5.0,0.35,PayPal,4.7,yes
ORD-103034,17-12-2022,CUST-44144,UK,OnePlus,OnePlus 11,1445.39,1.0,0.201,Bank Transfer,4.0,0
ORD-104926,04/06/2022,CUST-39564,Singapore,Xiaomi,Redmi Note 13,608.88,5.0,0.389,COD,4.7,True
ORD-101171,02-10-2023,CUST-64579,Canada,APPLE,iPhone SE,1141.38,2.0,0.379,UPI,3.1,False
ORD-103961,09/19/2024,CUST-70762,UK,Samsung,Galaxy Z Fold 5,453.51,0.0,0.112,Credit Card,1.3,0
ORD-103090,29-07-2022,CUST-89208,Japan,APPLE,iPhone 15 Pro,756.06,1.0,0.161,Debit Card,3.7,False
ORD-101422,18-06-2022,CUST-34792,Canada,Apple,iPhone SE,290.83,1.0,0.354,PayPal,1.1,yes
ORD-102418,2023-12-29,CUST-93102,Japan,oneplus,OnePlus 12,1007.94,5.0,0.272,UPI,4.3,1
ORD-103151,10/03/2023,CUST-18362,germany,samsung,Galaxy S23,712.58,3.0,0.025,Debit Card,1.1,
ORD-104222,17-11-2023,CUST-84372,Brazil,Motorola,Moto G53,885.36,1.0,0.271,PayPal,1.2,False
ORD-101464,30-01-2023,CUST-44218,Canada,APPLE,iPhone 15 Pro,1096.72,2.0,0.217,Bank Transfer,3.5,True
ORD-100874,2022-11-02,CUST-29319,France,ONEPLUS,OnePlus Nord 3,1208.98,1.0,0.188,UPI,2.0,False
ORD-102297,02-02-2024,CUST-28098,UK,,iPhone SE,196.83,1.0,0.108,PayPal,3.0,False
ORD-104585,12/06/2022,CUST-55808,UK,Samsung,Galaxy A54,1443.15,2.0,0.094,UPI,3.2,1
ORD-104411,18-06-2022,CUST-19555,Germany,apple,iPhone 15,1285.9,3.0,0.022,UPI,2.8,False
ORD-101251,28-10-2022,CUST-49505,France,google,Pixel 8,151.84,4.0,0.276,Bank Transfer,3.9,False
ORD-102960,06/18/2022,CUST-32517,Singapore,samsung,Galaxy S24,888.81,5.0,0.244,PayPal,1.6,True
ORD-100840,10/04/2022,CUST-39624,France,Apple,iPhone SE,563.26,4.0,0.32,Debit Card,4.3,False
ORD-103182,02-11-2022,CUST-85319,France,Apple,iPhone SE,556.98,1.0,0.198,PayPal,1.3,False
ORD-100581,2022-03-23,CUST-59229,Brazil,xiaomi,Redmi Note 13,321.79,5.0,0.186,Credit Card,1.7,1
ORD-100204,10/29/2023,CUST-49312,Japan,APPLE,iPhone SE,1425.48,1.0,0.396,UPI,4.2,True
ORD-101641,01-09-2024,CUST-16711,United Kingdom,APPLE,iPhone 15 Pro,762.52,1.0,0.272,Debit Card,1.0,True
ORD-102014,19-05-2023,CUST-57214,France,SAMSUNG,Galaxy S24,405.62,2.0,,Bank Transfer,5.0,no
ORD-100905,2023-09-22,CUST-64859,Brazil,Apple,iPhone SE,450.92,2.0,0.344,UPI,3.1,1
ORD-100631,12/01/2024,CUST-83877,germany,Samsung,Galaxy S23,301.44,4.0,0.003,COD,4.9,1
ORD-103207,15-12-2024,CUST-18196,,Motorola,Moto G84,404.74,4.0,0.399,Debit Card,,yes
ORD-101974,2024-01-09,CUST-17728,India,oneplus,OnePlus Nord 3,732.03,4.0,0.282,Credit Card,2.0,False
ORD-100162,04/02/2024,CUST-44495,Canada,XIAOMI,Xiaomi 14,841.52,1.0,0.375,Credit Card,1.7,0
ORD-103289,,CUST-10390,Australia,,Pixel 8,781.0,2.0,0.265,Debit Card,4.2,False
ORD-104270,11/03/2023,CUST-65907,Germany,APPLE,iPhone 15 Pro,391.73,1.0,0.065,Bank Transfer,1.5,False
ORD-104569,10/30/2022,CUST-29026,Brazil,OnePlus,OnePlus 11,294.09,5.0,0.082,Credit Card,3.0,False
ORD-100617,2023-10-07,CUST-19857,Japan,oneplus,OnePlus 12,218.5,3.0,0.323,Bank Transfer,3.1,1
ORD-100875,03/28/2024,CUST-72598,USA,Sony,Xperia 1 V,858.94,3.0,0.006,Debit Card,4.4,1
ORD-101431,06-10-2023,CUST-76568,Australia,SAMSUNG,Galaxy A54,200.85,1.0,0.398,UPI,1.9,False
ORD-100547,,CUST-11279,Australia,google,Pixel 8 Pro,845.73,4.0,0.384,Credit Card,3.4,False
ORD-103454,03-12-2022,CUST-27900,Canada,Xiaomi,Redmi Note 13,1131.31,5.0,0.284,COD,1.9,False
ORD-104620,09/27/2022,CUST-59494,Brazil,Sony,Xperia 10 V,935.79,1.0,0.105,Bank Transfer,3.6,False
ORD-104291,2022-12-15,CUST-12644,France,ONEPLUS,OnePlus 11,506.9,4.0,0.388,Debit Card,1.1,False
ORD-102464,,CUST-53596,Japan,apple,iPhone 15,989.45,4.0,0.328,Bank Transfer,2.3,False
ORD-104765,23-06-2024,CUST-67865,Germany,Apple,iPhone 14,390.55,2.0,0.24,Bank Transfer,2.2,0
ORD-102559,03-05-2023,CUST-92515,Australia,Samsung,Galaxy S23,1097.23,1.0,0.296,Credit Card,1.5,yes
ORD-104147,2022-07-19,CUST-83310,Germany,OnePlus,OnePlus 12,494.42,4.0,0.058,COD,4.8,yes
ORD-101861,02-02-2022,CUST-97267,france,OnePlus,OnePlus Nord 3,1372.93,2.0,,Debit Card,2.9,0
ORD-100640,06-02-2022,CUST-37021,,Xiaomi,POCO F5,517.94,5.0,0.03,COD,2.8,0
ORD-103096,04/29/2022,CUST-77676,Canada,Samsung,Galaxy A54,1231.08,2.0,0.359,Bank Transfer,2.8,0
ORD-100637,24-08-2024,CUST-33425,,Motorola,Edge 40 Pro,1413.72,3.0,0.272,COD,1.2,False
ORD-103641,2023-05-15,CUST-69652,Japan,ONEPLUS,OnePlus 11,415.59,2.0,0.156,UPI,3.4,no
ORD-104046,01-03-2023,CUST-71782,Singapore,Google,Pixel 8 Pro,235.45,5.0,0.074,PayPal,4.7,False
ORD-103095,05/18/2022,CUST-62523,U.S.A,OnePlus,OnePlus Nord 3,1131.81,4.0,0.015,Debit Card,3.7,
ORD-102096,05/08/2023,CUST-66336,Japan,Motorola,Edge 40 Pro,1150.26,3.0,0.004,COD,,False
ORD-102561,2023-12-03,CUST-17901,Australia,ONEPLUS,OnePlus 11,895.8,1.0,0.189,Debit Card,2.9,0
ORD-103268,22-12-2022,CUST-50605,UK,Motorola,Moto G84,834.09,3.0,0.025,Debit Card,,1
ORD-103804,2022-04-26,CUST-29974,france,apple,iPhone 15 Pro,165.98,5.0,0.146,COD,,False
ORD-103794,08/16/2024,CUST-35896,Germany,XIAOMI,Redmi Note 13,1115.13,5.0,0.035,Bank Transfer,2.6,0
ORD-100921,2023-09-13,CUST-24669,UK,xiaomi,Xiaomi 14,692.27,4.0,0.323,Debit Card,1.5,False
ORD-100546,03/25/2022,CUST-57396,India,google,Pixel 7a,452.71,2.0,0.295,Bank Transfer,4.6,no
ORD-103796,07/23/2022,CUST-39971,Inda,Apple,iPhone 14,462.29,2.0,0.358,COD,1.1,yes
ORD-101900,,CUST-38523,Singapore,GOOGLE,Pixel 8,1420.26,2.0,0.185,UPI,2.6,yes
ORD-102028,11/07/2022,CUST-93239,India,Motorola,Edge 40 Pro,1338.31,2.0,0.076,UPI,2.9,False
ORD-102301,18-08-2024,CUST-70760,,xiaomi,Xiaomi 14,1478.5,5.0,0.02,Debit Card,1.3,False
ORD-101885,2023-07-04,CUST-24041,France,SAMSUNG,Galaxy S23,183.19,2.0,0.006,PayPal,3.3,1
ORD-101642,01/20/2024,CUST-15856,uk,Motorola,Moto G53,1244.89,1.0,0.049,PayPal,2.6,True
ORD-103633,2023-01-17,CUST-52748,India,GOOGLE,,165.8,3.0,0.096,Bank Transfer,1.7,False
ORD-101774,19-04-2022,CUST-73585,Germany,OnePlus,OnePlus 11,602.23,2.0,0.301,COD,3.6,1
ORD-102097,10-09-2022,CUST-44596,India,XIAOMI,Redmi Note 13,614.65,1.0,0.175,COD,4.0,True
ORD-104428,2024-11-13,CUST-34763,USA,OnePlus,OnePlus 12,1078.98,5.0,0.007,Credit Card,3.0,no
ORD-103688,12/12/2023,CUST-59284,Germany,Sony,Xperia 5 V,734.61,2.0,,Bank Transfer,1.1,0
ORD-104568,2022-04-07,CUST-33340,GERMANY,Motorola,Edge 40 Pro,1040.34,4.0,0.214,COD,3.6,no
ORD-102967,16-07-2022,CUST-89182,INDIA,samsung,Galaxy S23,836.36,1.0,0.24,PayPal,3.6,False
ORD-100836,2024-04-18,CUST-25234,,apple,iPhone SE,457.03,1.0,0.07,Credit Card,1.9,True
ORD-100601,09/07/2024,CUST-43864,Germany,OnePlus,OnePlus 11,1230.37,4.0,0.168,COD,1.2,no
ORD-102184,29-11-2022,CUST-63856,Germany,Samsung,Galaxy S23,,1.0,0.168,Debit Card,3.4,True
ORD-104478,02/06/2024,CUST-97468,Brazil,Xiaomi,Redmi Note 13,-999.0,5.0,0.286,UPI,4.2,False
ORD-104335,2022-09-09,CUST-49325,Singapore,samsung,Galaxy S23,715.16,5.0,0.143,Credit Card,1.4,yes
ORD-104378,28-03-2022,CUST-28595,United Kingdom,XIAOMI,,632.13,5.0,0.214,Credit Card,4.2,no
ORD-101582,03/26/2022,CUST-78531,Germany,,iPhone 15,568.45,3.0,,Bank Transfer,1.3,False
ORD-104337,01-10-2023,CUST-46977,Canada,,Moto G53,234.81,4.0,0.312,COD,1.9,True
ORD-104774,2023-10-26,CUST-25625,Singapore,Google,Pixel 8,1475.3,2.0,0.019,Debit Card,5.0,True
ORD-102818,2024-04-23,CUST-42376,UK,samsung,Galaxy S24,461.83,3.0,,Debit Card,2.5,no
ORD-101070,21-12-2024,CUST-14166,France,GOOGLE,Pixel 7a,1413.65,5.0,0.013,UPI,4.2,False
ORD-101775,12/11/2023,CUST-30320,Japan,APPLE,iPhone 15 Pro,747.97,1.0,0.075,COD,,False
ORD-104886,02/09/2024,CUST-20318,India,Google,Pixel 8 Pro,871.45,3.0,,Bank Transfer,2.7,False
ORD-101283,04-04-2024,CUST-66280,India,google,Pixel 8 Pro,515.08,4.0,0.052,PayPal,5.0,1
ORD-103162,02-02-2024,CUST-16037,UK,SAMSUNG,Galaxy A54,800.4,4.0,0.379,Bank Transfer,1.0,1
ORD-104831,2024-06-02,CUST-69770,Brazil,oneplus,OnePlus Nord 3,1071.02,3.0,0.05,Debit Card,4.3,1
ORD-101836,11-04-2023,CUST-51765,UK,SAMSUNG,Galaxy S24,1165.79,5.0,0.076,Bank Transfer,1.6,no
ORD-104311,2023-11-01,CUST-67956,Canada,xiaomi,Xiaomi 14,775.64,4.0,,Bank Transfer,4.2,False
ORD-101019,06/18/2022,CUST-41638,India,oneplus,OnePlus 11,1480.81,999.0,0.336,Debit Card,3.2,False
ORD-103323,,CUST-87839,Singapore,google,Pixel 7a,344.37,1.0,0.162,COD,2.7,False
ORD-101326,2023-05-29,CUST-30304,Japan,Apple,iPhone SE,699.44,1.0,0.198,Debit Card,3.6,False
ORD-100475,2022-01-29,CUST-28260,Singapore,Xiaomi,Redmi Note 13,334.21,1.0,0.044,UPI,3.4,1
ORD-103570,24-07-2022,CUST-42548,Germany,GOOGLE,Pixel 7a,389.73,1.0,0.237,Credit Card,3.6,1
ORD-101651,2022-09-26,CUST-71368,France,xiaomi,Redmi Note 13,1187.0,2.0,0.4,COD,4.5,False
ORD-104722,03/15/2024,CUST-62097,Japan,OnePlus,OnePlus 12,932.02,3.0,0.302,COD,1.7,False
ORD-104356,2023-01-08,CUST-67849,Germany,Sony,Xperia 10 V,521.5,3.0,0.122,COD,4.2,no
ORD-102698,2022-03-16,CUST-50975,UK,Google,Pixel 8 Pro,,1.0,0.352,Bank Transfer,3.9,True
ORD-103499,01/14/2022,CUST-64445,Australia,,OnePlus 12,934.39,2.0,0.152,PayPal,3.4,False
ORD-102671,17-05-2024,CUST-46743,Brazil,Sony,Xperia 10 V,534.79,2.0,0.339,Credit Card,4.6,0
ORD-101373,05-01-2022,CUST-66384,USA,XIAOMI,POCO F5,1244.94,4.0,0.244,COD,3.7,1
ORD-100739,2023-05-30,CUST-83281,Japan,samsung,Galaxy Z Fold 5,799.22,3.0,0.081,Bank Transfer,2.2,True
ORD-104663,10/15/2023,CUST-49159,Japan,samsung,Galaxy Z Fold 5,806.95,2.0,0.126,PayPal,4.8,False
ORD-102519,30-08-2023,CUST-11735,Germany,OnePlus,OnePlus 11,304.16,1.0,0.321,Credit Card,3.1,True
ORD-100867,13-04-2022,CUST-37864,Australia,Google,Pixel 7a,1095.23,1.0,0.151,Credit Card,1.5,False
ORD-101140,22-09-2024,CUST-14712,Germany,XIAOMI,Redmi Note 13,339.88,4.0,0.004,Debit Card,1.8,True
ORD-100997,13-12-2022,CUST-14633,France,apple,iPhone SE,682.22,2.0,0.06,COD,5.0,False
ORD-101337,2023-06-26,CUST-33674,Germany,Google,Pixel 7a,960.33,3.0,0.384,COD,1.9,True
ORD-100541,01-12-2022,CUST-44813,india,,Redmi 12,680.38,3.0,0.14,Debit Card,2.7,False
ORD-101099,04-08-2024,CUST-22389,Australia,oneplus,OnePlus 12,1078.89,2.0,0.061,Credit Card,5.9,no
ORD-101132,08-09-2024,CUST-63046,Canada,SAMSUNG,Galaxy Z Fold 5,1277.89,1.0,0.347,COD,3.9,1
ORD-104930,2023-04-18,CUST-57012,UK,OnePlus,OnePlus Nord 3,345.52,1.0,0.173,Credit Card,4.1,False
ORD-102807,2023-05-31,CUST-16801,France,Motorola,Moto G53,895.94,3.0,0.074,PayPal,4.2,False
ORD-102258,16-11-2022,CUST-83581,Germany,Motorola,Edge 40 Pro,1471.76,5.0,0.347,COD,1.8,False
ORD-104110,2023-02-20,CUST-34993,Singapore,Samsung,Galaxy S23,984.9,1.0,0.394,Debit Card,4.7,0
ORD-100059,09/25/2022,CUST-17029,Germany,apple,iPhone 15,344.01,2.0,0.203,Bank Transfer,1.0,False
ORD-102986,30-06-2022,CUST-67112,France,XIAOMI,Redmi 12,,1.0,0.03,Credit Card,3.4,False
ORD-101938,2024-09-11,CUST-21126,USA,Apple,iPhone SE,816.7,3.0,0.045,Debit Card,1.9,1
ORD-102664,2024-01-17,CUST-36094,India,Google,Pixel 7a,785.13,1.0,0.208,PayPal,3.3,False
ORD-104110,2023-02-20,CUST-34993,Singapore,Samsung,Galaxy S23,984.9,1.0,0.394,Debit Card,4.7,0
ORD-101078,2022-03-08,CUST-94808,Germany,Xiaomi,POCO F5,251.0,5.0,0.129,Bank Transfer,3.6,no
ORD-103038,2023-03-18,CUST-92062,Canada,apple,iPhone 15 Pro,1121.11,4.0,0.397,Debit Card,2.8,1
ORD-103243,2024-05-11,CUST-22111,USA,Motorola,Moto G53,367.2,2.0,0.067,PayPal,2.8,False
ORD-102570,2023-12-21,CUST-87899,Australia,Motorola,Edge 40 Pro,741.53,2.0,0.214,Bank Transfer,2.8,no
ORD-100940,03/21/2022,CUST-31815,Japan,Motorola,Moto G53,355.8,1.0,0.159,PayPal,2.2,True
ORD-101080,2024-12-23,CUST-63309,Singapore,Samsung,Galaxy S23,1348.64,4.0,0.294,Credit Card,1.0,no
ORD-100187,2023-08-16,CUST-92097,Germany,OnePlus,OnePlus 11,1204.97,4.0,0.204,PayPal,2.7,yes
ORD-103942,12/17/2022,CUST-71208,United States,APPLE,iPhone 14,1380.83,4.0,0.031,PayPal,2.1,False
ORD-102085,02/28/2023,CUST-11182,Germany,GOOGLE,Pixel 8,857.57,2.0,0.318,COD,3.5,no
ORD-102249,01/14/2023,CUST-29447,USA,Sony,Xperia 1 V,696.38,1.0,0.054,UPI,4.4,False
ORD-102897,08/24/2022,CUST-32851,Germany,Sony,Xperia 5 V,1249.0,4.0,0.208,Credit Card,2.6,True
ORD-104969,11/20/2023,CUST-21581,Germany,Sony,Xperia 1 V,958.03,5.0,0.346,Credit Card,4.6,no
ORD-102023,2023-11-21,CUST-61377,Australia,Apple,iPhone 15 Pro,1384.22,5.0,,Debit Card,2.9,1
ORD-103737,07-08-2022,CUST-19597,France,Google,Pixel 8 Pro,1407.64,3.0,0.079,UPI,1.9,True
ORD-101492,2023-08-22,CUST-52711,Brazil,Sony,Xperia 5 V,882.18,5.0,0.121,COD,1.6,False
ORD-103734,08-12-2024,CUST-58729,usa,Sony,Xperia 1 V,1012.21,3.0,0.111,Debit Card,,False
ORD-100226,11/07/2022,CUST-27800,USA,Google,Pixel 8 Pro,480.03,2.0,0.164,Credit Card,3.9,True
ORD-103422,12-03-2024,CUST-33103,France,Xiaomi,POCO F5,718.7,1.0,0.162,Debit Card,1.8,
ORD-101929,2024-07-06,CUST-41068,Japan,oneplus,OnePlus 11,721.14,5.0,0.259,UPI,2.0,no
ORD-103168,07/03/2024,CUST-51823,USA,google,Pixel 8,472.03,4.0,0.029,PayPal,3.0,1
ORD-104563,11/17/2024,CUST-38415,india ,Motorola,Moto G84,912.46,2.0,0.16,PayPal,2.3,True
ORD-101404,N/A,CUST-52907,India,OnePlus,OnePlus 12,246.25,5.0,0.219,Bank Transfer,3.4,True
ORD-102179,09/15/2024,CUST-24806,UK,XIAOMI,Xiaomi 14,841.76,4.0,0.064,Credit Card,5.0,False
ORD-100697,17-10-2024,CUST-57495,India,Apple,iPhone 15,820.05,1.0,0.182,Bank Transfer,3.2,False
ORD-101124,10/24/2023,CUST-57210,germany,xiaomi,Redmi 12,,5.0,0.312,UPI,3.7,False
ORD-102894,11-06-2024,CUST-39273,,Xiaomi,Redmi 12,389.84,2.0,0.347,UPI,2.7,
ORD-103866,,CUST-52921,india ,Samsung,Galaxy S23,703.47,1.0,0.007,Debit Card,2.4,False
ORD-101778,05/07/2023,CUST-55874,Japan,Motorola,Moto G53,475.67,2.0,0.075,COD,,True
ORD-104689,30-08-2022,CUST-21947,UK,Samsung,Galaxy S24,515.4,4.0,0.215,COD,2.3,True
ORD-101037,2022-10-24,CUST-80859,India,GOOGLE,Pixel 7a,902.98,4.0,0.292,COD,4.0,1
ORD-104242,12/27/2022,CUST-74304,UK,SAMSUNG,Galaxy Z Fold 5,900.34,5.0,0.004,Credit Card,4.6,False
ORD-102256,11/27/2024,CUST-53719,UK,Motorola,Edge 40 Pro,595.91,2.0,0.207,COD,3.8,no
ORD-100313,2023-05-26,CUST-33020,France,Xiaomi,Redmi 12,1267.96,5.0,0.287,COD,4.4,False
ORD-102281,27-12-2024,CUST-76097,Japan,Google,Pixel 8 Pro,1202.72,3.0,0.033,Debit Card,4.9,True
ORD-101416,2024-12-22,CUST-15257,Canada,Sony,Xperia 1 V,635.42,4.0,0.053,Credit Card,5.0,1
ORD-101036,,CUST-85801,Japan,Apple,iPhone 15 Pro,1357.26,3.0,0.319,Credit Card,2.5,True
ORD-102159,09/20/2024,CUST-91121,India,xiaomi,Redmi Note 13,,1.0,0.248,COD,1.2,0
ORD-104230,15-10-2024,CUST-10628,USA,OnePlus,OnePlus Nord 3,333.77,5.0,0.295,COD,4.7,1
ORD-101754,2024-05-11,CUST-39792,Germany,apple,iPhone 15 Pro,243.09,5.0,0.197,PayPal,4.8,1
ORD-104214,2023-10-04,CUST-77292,Australia,Google,Pixel 8,788.92,3.0,0.352,Credit Card,3.1,False
ORD-104902,07/12/2022,CUST-40630,uk,google,Pixel 7a,1015.59,3.0,0.273,Bank Transfer,4.0,True
ORD-102789,01-12-2023,CUST-16538,Brazil,google,Pixel 8,522.37,4.0,0.025,Credit Card,2.1,False
ORD-104203,2023-12-01,CUST-61926,Canada,Motorola,Moto G53,1116.49,5.0,0.166,UPI,4.1,False
ORD-103805,28-05-2023,CUST-45743,UK,XIAOMI,Redmi Note 13,568.76,3.0,0.352,Bank Transfer,3.6,1
ORD-103552,01/17/2023,CUST-77220,Singapore,xiaomi,Xiaomi 14,1475.58,2.0,0.2,,4.6,1
ORD-101506,25-09-2022,CUST-20428,,Sony,Xperia 5 V,399.8,4.0,0.021,PayPal,2.6,False
ORD-101923,06/09/2024,CUST-93265,United States,Sony,Xperia 10 V,235.25,5.0,0.097,Bank Transfer,1.5,0
ORD-100448,20-09-2024,CUST-19798,Brazil,Apple,iPhone 14,598.75,2.0,0.116,Debit Card,,True
ORD-102522,2024-12-14,CUST-33571,Australia,OnePlus,OnePlus Nord 3,1070.21,4.0,0.1,Bank Transfer,1.2,yes
ORD-104215,06-05-2022,CUST-82313,UK,Samsung,Galaxy A54,616.93,4.0,0.188,Bank Transfer,2.3,yes
ORD-100382,2022-11-10,CUST-32440,Canada,Google,Pixel 7a,213.25,5.0,0.002,Credit Card,3.1,True
ORD-102650,2024-11-24,CUST-31211,USA,Samsung,Galaxy S24,961.16,5.0,0.384,Credit Card,2.6,False
ORD-100361,2022-11-25,CUST-44874,Canada,Apple,iPhone SE,453.77,,0.107,PayPal,2.9,1
ORD-102183,2022-08-20,CUST-23118,Australia,,POCO F5,377.24,3.0,0.293,Debit Card,4.4,True
ORD-101134,2022-06-26,CUST-97099,usa,Apple,iPhone SE,462.97,2.0,0.36,Bank Transfer,1.8,1
ORD-104015,08/08/2023,CUST-44694,Australia,apple,iPhone 15 Pro,703.16,5.0,0.261,PayPal,4.2,1
ORD-102155,2023-11-01,CUST-28094,Japan,OnePlus,OnePlus 11,758.03,5.0,0.11,Bank Transfer,4.6,False
ORD-101830,2024-09-01,CUST-27907,Japan,Apple,iPhone 14,298.28,2.0,,Bank Transfer,3.4,True
ORD-101053,06/17/2023,CUST-79743,France,XIAOMI,Xiaomi 14,226.42,5.0,0.095,Debit Card,3.4,True
ORD-102460,04/29/2022,CUST-78210,Japan,samsung,Galaxy Z Fold 5,549.93,3.0,0.024,COD,3.0,False
ORD-100022,07/25/2024,CUST-38862,UK,SAMSUNG,Galaxy Z Fold 5,873.68,5.0,0.154,Bank Transfer,2.1,False
ORD-102066,03-03-2023,CUST-91739,USA,ONEPLUS,OnePlus 12,860.85,4.0,0.069,PayPal,2.2,False
ORD-101653,03/06/2022,CUST-39731,USA,Google,Pixel 7a,1096.46,5.0,0.136,PayPal,4.5,1
ORD-104937,12/27/2023,CUST-63815,Germany,OnePlus,OnePlus 11,1182.48,3.0,0.229,PayPal,2.6,False
ORD-103471,11/11/2024,CUST-85703,Singapore,Motorola,Moto G84,679.17,5.0,0.163,Bank Transfer,3.9,False
ORD-103483,08-03-2023,CUST-61192,Brazil,Sony,Xperia 5 V,,3.0,0.321,Bank Transfer,4.0,False
ORD-104135,07/12/2024,CUST-76684,Singapore,GOOGLE,Pixel 7a,1155.3,3.0,0.227,Credit Card,4.9,False
ORD-102468,2024-03-30,CUST-45815,uk,samsung,Galaxy Z Fold 5,791.91,1.0,0.155,COD,4.7,True
ORD-102325,2022-10-19,CUST-47464,,Motorola,Moto G53,1143.67,1.0,0.387,Bank Transfer,2.7,no
ORD-100460,17-04-2022,CUST-92277,Brazil,SAMSUNG,Galaxy Z Fold 5,805.47,2.0,0.363,UPI,4.3,True
ORD-101067,25-03-2024,CUST-76698,Germany,google,Pixel 8 Pro,1094.53,3.0,0.322,COD,1.2,False
ORD-100087,2023-03-20,CUST-76401,Inda,ONEPLUS,OnePlus Nord 3,387.98,2.0,0.159,Bank Transfer,1.5,False
ORD-101430,2024-04-13,CUST-21911,,Google,Pixel 8 Pro,1418.35,3.0,0.208,,4.5,False
ORD-103694,03-09-2024,CUST-69237,United States,APPLE,iPhone 15,721.91,4.0,0.133,Credit Card,4.5,0
ORD-100282,2022-02-20,CUST-17089,UK,Sony,Xperia 5 V,876.76,3.0,0.108,UPI,4.7,False
ORD-102483,N/A,CUST-81104,,Google,Pixel 8,1283.28,4.0,0.009,PayPal,4.0,0
ORD-100462,03/12/2023,CUST-41882,Singapore,Sony,Xperia 10 V,631.96,3.0,0.044,,2.0,False
ORD-100212,,CUST-36980,UK,XIAOMI,POCO F5,486.88,5.0,0.161,UPI,1.0,
ORD-102581,10/14/2022,CUST-47021,Japan,Xiaomi,Xiaomi 14,299.93,1.0,0.121,Debit Card,3.9,False
ORD-101368,01/03/2024,CUST-17079,Japan,OnePlus,OnePlus Nord 3,638.85,4.0,0.266,Credit Card,4.0,True
ORD-100234,06-01-2022,CUST-30853,France,Apple,,1057.17,3.0,0.016,PayPal,5.8,False
ORD-104022,18-12-2022,CUST-34730,United Kingdom,Samsung,Galaxy S23,950.03,4.0,0.05,COD,2.6,yes
ORD-100597,24-06-2023,CUST-21474,INDIA,google,Pixel 7a,1470.9,5.0,0.246,PayPal,3.3,False
ORD-104609,2023-12-08,CUST-23523,Australia,OnePlus,OnePlus Nord 3,1361.65,,0.219,Credit Card,4.5,True
ORD-102250,11-10-2024,CUST-30081,Canada,Apple,iPhone 14,677.47,3.0,0.096,Debit Card,4.4,False
ORD-104133,25-03-2024,CUST-98934,USA,Apple,iPhone 15,417.13,3.0,0.319,Bank Transfer,4.6,False
ORD-102283,2022-07-06,CUST-68625,Germany,xiaomi,Redmi 12,813.08,3.0,0.106,PayPal,2.3,yes
ORD-100662,03/31/2022,CUST-52887,USA,Samsung,Galaxy Z Fold 5,-999.0,4.0,0.15,Bank Transfer,3.2,False
ORD-102477,19-05-2024,CUST-64929,Brazil,GOOGLE,Pixel 8,1429.97,4.0,,Bank Transfer,1.6,yes
ORD-102285,,CUST-78114,USA,XIAOMI,Redmi 12,1335.99,4.0,,PayPal,1.1,False
ORD-104793,2024-08-30,CUST-42211,Australia,Motorola,Moto G84,724.35,5.0,0.274,Credit Card,1.5,no
ORD-104099,2023-08-20,CUST-64040,Japan,Motorola,Edge 40 Pro,1283.85,4.0,0.077,Credit Card,1.3,True
ORD-102585,2023-07-18,CUST-12609,Germany,Apple,iPhone 15 Pro,1424.43,3.0,0.093,PayPal,3.5,
ORD-103553,2024-01-07,CUST-82267,Brazil,OnePlus,OnePlus Nord 3,937.71,2.0,0.028,Bank Transfer,2.4,True
ORD-100779,2024-05-06,CUST-19851,UK,Samsung,Galaxy S23,1399.19,4.0,0.309,PayPal,4.4,True
ORD-103806,10/13/2024,CUST-75701,Australia,SAMSUNG,Galaxy A54,418.58,2.0,0.387,Credit Card,3.8,no
ORD-103497,2024-09-30,CUST-41098,Canada,OnePlus,OnePlus 12,216.74,2.0,0.39,Credit Card,3.1,False
ORD-103963,2023-03-04,CUST-85118,United States,Apple,iPhone 14,1404.35,3.0,0.268,Debit Card,1.6,yes
ORD-103405,04/25/2024,CUST-86285,Australia,xiaomi,Xiaomi 14,1213.09,2.0,0.203,COD,1.7,0
ORD-103712,08/06/2023,CUST-19253,India,Motorola,Edge 40 Pro,1355.28,4.0,0.371,COD,1.6,False
ORD-104913,03/17/2023,CUST-73184,Inda,Samsung,Galaxy S24,679.82,4.0,0.223,Debit Card,,1
ORD-100685,12-11-2022,CUST-58533,USA,Samsung,Galaxy S23,1375.05,1.0,0.303,Credit Card,3.5,True
ORD-103286,,CUST-62114,Canada,Motorola,Moto G84,196.47,1.0,,Credit Card,1.8,yes
ORD-102843,20-11-2023,CUST-15381,USA,ONEPLUS,OnePlus 11,1466.07,5.0,0.311,COD,1.2,1
ORD-104954,2023-04-22,CUST-12303,France,OnePlus,OnePlus 11,1377.32,3.0,0.241,COD,3.9,False
ORD-102171,2023-04-10,CUST-19354,India,samsung,Galaxy Z Fold 5,557.43,4.0,0.067,COD,4.6,yes
ORD-102758,23-11-2024,CUST-63423,Brazil,OnePlus,OnePlus 12,794.97,1.0,0.077,Debit Card,4.4,False
ORD-101850,27-10-2022,CUST-85598,UK,XIAOMI,Xiaomi 14,356.76,4.0,0.25,,1.5,False
ORD-100487,01-01-2023,CUST-96386,France,oneplus,OnePlus 12,1085.51,5.0,0.4,UPI,2.0,True
ORD-101688,09/22/2023,CUST-95481,Singapore,Samsung,Galaxy S23,757.8,4.0,0.222,Bank Transfer,2.9,False
ORD-102230,05/30/2023,CUST-25297,Germany,OnePlus,OnePlus 11,1352.74,3.0,0.221,COD,1.9,0
ORD-103382,12/27/2024,CUST-35231,Australia,Samsung,Galaxy A54,1004.14,2.0,0.066,PayPal,2.9,yes
ORD-102320,2023-04-08,CUST-49983,USA,xiaomi,,1127.13,2.0,0.339,COD,1.5,False
ORD-100782,05/24/2024,CUST-59961,UK,APPLE,iPhone 14,1198.48,3.0,0.172,Credit Card,3.4,False
ORD-100521,13-04-2022,CUST-69415,Brazil,SAMSUNG,Galaxy A54,648.33,3.0,0.153,Debit Card,1.6,True
ORD-100522,11/01/2022,CUST-49723,FRANCE,google,Pixel 8 Pro,1243.77,3.0,0.283,Credit Card,1.9,1
ORD-102937,07/14/2023,CUST-80071,France,Xiaomi,POCO F5,769.23,5.0,0.108,Bank Transfer,2.0,True
ORD-104089,2024-08-19,CUST-69301,Australia,SAMSUNG,Galaxy A54,1161.14,3.0,0.204,Credit Card,4.4,0
ORD-102398,2024-08-03,CUST-45259,Canada,Xiaomi,Xiaomi 14,903.84,4.0,0.363,Debit Card,2.4,0
ORD-102207,2024-01-07,CUST-83558,USA,Sony,Xperia 10 V,698.39,5.0,0.346,COD,1.4,False
ORD-103601,2024-12-09,CUST-37390,Singapore,OnePlus,OnePlus 11,562.83,5.0,0.092,Debit Card,4.4,False
ORD-104281,2024-06-23,CUST-91444,Inda,OnePlus,OnePlus 11,1312.51,4.0,0.057,COD,2.1,False
ORD-103867,24-03-2022,CUST-81018,UK,apple,iPhone 15,194.14,4.0,0.253,Credit Card,3.0,True
ORD-102921,16-12-2023,CUST-43032,Brazil,Google,Pixel 8,877.51,5.0,0.33,Credit Card,3.1,yes
ORD-101511,07-10-2024,CUST-93814,uk,APPLE,iPhone 15 Pro,1335.32,,0.154,UPI,4.5,True
ORD-101882,20-08-2022,CUST-48115,Japan,Google,Pixel 8,634.29,3.0,0.157,PayPal,3.2,True
ORD-100651,2023-10-07,CUST-64022,UK,Sony,Xperia 10 V,1338.57,3.0,0.235,COD,4.8,False
ORD-103159,2022-06-28,CUST-48605,France,Google,Pixel 7a,740.59,2.0,0.129,Bank Transfer,2.5,False
ORD-103203,,CUST-56954,France,GOOGLE,Pixel 7a,604.33,3.0,,COD,6.2,False
ORD-100369,,CUST-66978,Brazil,Motorola,Moto G84,626.79,3.0,0.265,PayPal,1.7,False
ORD-102728,2022-09-08,CUST-15549,Japan,samsung,Galaxy S23,723.0,,-0.098,Bank Transfer,1.2,False
ORD-100118,03/26/2022,CUST-76587,UK,XIAOMI,Redmi 12,1064.9,3.0,0.386,PayPal,2.7,yes
ORD-103439,2024-12-29,CUST-49935,Japan,XIAOMI,Redmi Note 13,498.12,4.0,0.192,Bank Transfer,4.2,True
ORD-104634,10/08/2023,CUST-11027,usa,samsung,Galaxy A54,657.79,5.0,0.358,Debit Card,3.8,False
ORD-102216,01-09-2022,CUST-40300,Australia,Sony,Xperia 5 V,651.8,4.0,0.102,Bank Transfer,2.2,True
ORD-103667,10/05/2024,CUST-30519,Japan,Samsung,Galaxy Z Fold 5,776.89,5.0,0.334,COD,4.1,0
ORD-101613,03/21/2023,CUST-73937,Singapore,Samsung,Galaxy Z Fold 5,608.12,4.0,0.311,Debit Card,3.0,yes
ORD-103017,01/02/2022,CUST-23264,Japan,Sony,Xperia 10 V,1087.15,5.0,0.172,PayPal,4.5,no
ORD-100962,14-03-2023,CUST-54903,India,Apple,iPhone SE,967.17,2.0,0.071,COD,2.8,yes
ORD-102510,2022-06-15,CUST-82116,,apple,iPhone 15 Pro,1179.01,4.0,0.202,Credit Card,3.9,False
ORD-104708,2023-12-09,CUST-91090,Brazil,OnePlus,OnePlus Nord 3,402.64,1.0,0.268,Debit Card,4.3,False
ORD-102922,24-04-2023,CUST-16617,Singapore,xiaomi,Redmi Note 13,158.65,3.0,0.248,UPI,4.3,0
ORD-103567,2023-03-18,CUST-31555,Japan,ONEPLUS,OnePlus 11,429.14,3.0,0.184,COD,4.0,0
ORD-103143,15-02-2024,CUST-51506,France,XIAOMI,Redmi 12,1127.48,4.0,0.106,Bank Transfer,2.1,False
ORD-102415,,CUST-69399,France,samsung,Galaxy Z Fold 5,1434.16,5.0,0.168,Credit Card,3.6,True
ORD-104730,06/21/2024,CUST-59758,Brazil,oneplus,OnePlus 12,264.15,4.0,0.175,Credit Card,4.9,yes
ORD-104305,25-11-2024,CUST-28522,USA,Sony,Xperia 1 V,1161.16,3.0,0.267,Debit Card,1.9,yes
ORD-102185,11-06-2023,CUST-68528,Germany,OnePlus,OnePlus Nord 3,234.86,1.0,0.313,UPI,4.3,False
ORD-104098,2024-11-22,CUST-69064,India,Motorola,Moto G84,1052.12,4.0,0.37,UPI,1.8,True
ORD-102567,19-09-2022,CUST-67896,U.K.,Apple,iPhone SE,1455.19,4.0,0.306,Credit Card,1.0,1
ORD-102037,13-09-2023,CUST-76691,Singapore,apple,iPhone SE,997.9,1.0,0.329,COD,3.5,True
ORD-104332,2023-09-07,CUST-74282,Singapore,OnePlus,OnePlus Nord 3,1236.13,1.0,0.195,PayPal,4.7,False
ORD-100772,2022-07-12,CUST-14943,UK,Motorola,Moto G53,198.48,5.0,0.11,PayPal,4.6,False
ORD-101284,2023-11-27,CUST-31410,United States,google,Pixel 8 Pro,306.27,1.0,0.008,Bank Transfer,2.1,False
ORD-104678,2022-07-21,CUST-50041,Japan,OnePlus,OnePlus 12,179.32,2.0,0.023,COD,4.4,False
ORD-104814,2022-04-25,CUST-44868,Australia,Samsung,Galaxy Z Fold 5,719.96,5.0,0.36,Debit Card,1.9,1
ORD-102587,31-12-2023,CUST-47111,Brazil,Sony,Xperia 5 V,1389.66,4.0,0.219,COD,2.9,no
ORD-104650,18-11-2024,CUST-14626,Japan,Apple,iPhone SE,1316.05,5.0,0.027,Credit Card,1.0,False
ORD-101414,2024-12-10,CUST-41941,UK,APPLE,iPhone 14,433.24,2.0,,UPI,2.1,1
ORD-101234,13-01-2023,CUST-68559,Brazil,samsung,Galaxy S24,838.5,4.0,0.233,UPI,4.5,False
ORD-104964,05-02-2024,CUST-96282,Japan,Xiaomi,Redmi 12,1440.29,5.0,0.159,Debit Card,4.9,False
ORD-100435,2023-06-12,CUST-25876,Brazil,OnePlus,OnePlus 12,264.54,1.0,0.207,Bank Transfer,1.1,False
ORD-101674,2023-05-07,CUST-29367,UK,SAMSUNG,Galaxy Z Fold 5,571.97,5.0,0.181,Debit Card,4.3,True
ORD-100365,03/13/2023,CUST-80879,Canada,Motorola,Edge 40 Pro,867.52,5.0,0.313,COD,3.8,0
ORD-104069,23-06-2022,CUST-10730,Australia,,Pixel 7a,968.98,3.0,0.245,PayPal,4.0,0
ORD-100231,03/09/2024,CUST-34354,Brazil,Apple,iPhone 15,726.16,3.0,0.017,Debit Card,4.0,True
ORD-104338,23-03-2022,CUST-39639,USA,Samsung,Galaxy S23,249.44,4.0,0.027,Bank Transfer,3.4,yes
ORD-100147,19-02-2023,CUST-31752,france,Apple,iPhone 15,1167.58,4.0,0.338,PayPal,4.4,False
ORD-104470,2023-09-17,CUST-30434,Singapore,xiaomi,POCO F5,1109.18,3.0,0.162,UPI,2.7,0
ORD-100407,03/15/2022,CUST-32940,India,ONEPLUS,OnePlus 11,875.19,3.0,0.044,COD,1.7,False
ORD-102090,10/02/2024,CUST-49722,USA,oneplus,OnePlus 11,447.18,4.0,0.07,,1.9,False
ORD-100086,2022-01-27,CUST-12371,UK,Motorola,Moto G84,275.21,3.0,0.301,COD,4.0,True
ORD-100844,18-03-2024,CUST-14990,USA,Apple,iPhone 14,837.22,2.0,0.042,UPI,1.5,1
ORD-101031,2023-09-28,CUST-59819,Japan,Google,Pixel 8,429.42,5.0,0.323,PayPal,4.8,False
ORD-103384,08-03-2022,CUST-16726,France,Apple,iPhone 15,452.58,5.0,0.27,UPI,5.7,False
ORD-103319,17-05-2023,CUST-75975,France,OnePlus,OnePlus 12,953.02,4.0,0.06,Credit Card,2.4,False
ORD-104676,04-11-2024,CUST-67209,France,samsung,Galaxy Z Fold 5,1129.49,4.0,0.32,Debit Card,3.5,True
ORD-103347,2024-07-29,CUST-53028,Japan,,Pixel 8 Pro,946.42,2.0,0.331,COD,2.7,no
ORD-102628,08-12-2022,CUST-94609,Canada,XIAOMI,POCO F5,1194.74,2.0,0.346,PayPal,4.8,False
ORD-104062,23-03-2022,CUST-74718,Brazil,Samsung,Galaxy A54,419.03,5.0,0.272,Credit Card,2.6,True
ORD-100855,07/04/2024,CUST-73316,India,Motorola,Moto G53,765.56,3.0,0.237,UPI,5.0,False
ORD-100078,2024-09-07,CUST-92294,Japan,Motorola,Moto G84,973.57,2.0,0.39,Bank Transfer,3.7,True
ORD-102247,29-09-2024,CUST-71421,India,samsung,Galaxy Z Fold 5,568.44,1.0,0.024,COD,1.9,False
ORD-104644,2024-07-24,CUST-61815,France,Motorola,Edge 40 Pro,1456.38,2.0,0.261,Debit Card,2.6,1
ORD-103786,21-09-2023,CUST-65511,GERMANY,APPLE,iPhone 15,341.79,4.0,0.337,Credit Card,4.4,False
ORD-103016,2022-09-16,CUST-44473,Brazil,Google,,575.56,3.0,0.014,Bank Transfer,2.7,True
ORD-103013,06/08/2024,CUST-38320,Singapore,OnePlus,OnePlus Nord 3,1145.9,2.0,0.134,Bank Transfer,1.5,0
ORD-102279,02/12/2024,CUST-60972,UK,Apple,iPhone 15,1256.79,3.0,0.317,PayPal,3.5,False
ORD-102686,2023-05-03,CUST-46206,Australia,OnePlus,OnePlus 11,333.13,,0.364,Credit Card,1.6,False
ORD-104226,23-09-2024,CUST-41512,Germany,google,Pixel 8 Pro,640.02,4.0,0.364,Bank Transfer,4.2,no
ORD-104005,28-04-2023,CUST-11540,,Samsung,Galaxy Z Fold 5,883.6,,0.163,Credit Card,4.0,False
ORD-101635,2024-01-05,CUST-80757,Japan,Xiaomi,Redmi Note 13,846.3,5.0,0.315,Bank Transfer,3.9,no
ORD-102176,2022-09-24,CUST-26637,Japan,OnePlus,OnePlus 12,959.27,1.0,0.326,Debit Card,2.6,False
ORD-100424,2024-11-19,CUST-54001,USA,SAMSUNG,,1121.42,5.0,0.272,Debit Card,1.7,False
ORD-100392,02/01/2023,CUST-57565,UK,apple,iPhone 14,398.3,2.0,0.139,UPI,2.4,True
ORD-104803,2023-11-04,CUST-70533,France,Xiaomi,Redmi Note 13,890.06,5.0,0.276,PayPal,1.1,True
ORD-103536,2024-07-19,CUST-45026,Singapore,Samsung,Galaxy S24,243.33,1.0,0.063,Bank Transfer,4.1,False
ORD-100104,20-02-2024,CUST-70653,India,OnePlus,OnePlus Nord 3,1423.56,5.0,0.217,Debit Card,4.9,False
ORD-103080,07-02-2024,CUST-21382,France,Xiaomi,Redmi 12,644.74,5.0,0.017,Credit Card,4.5,True
ORD-102659,2024-10-25,CUST-91928,UK,OnePlus,OnePlus Nord 3,1441.79,-1.0,0.132,Debit Card,3.2,1
ORD-103252,2022-10-19,CUST-48527,Singapore,Motorola,Moto G84,808.73,1.0,0.29,Bank Transfer,4.3,True
ORD-102908,2022-02-13,CUST-46189,Singapore,google,Pixel 8,858.08,5.0,0.039,Bank Transfer,3.0,no
ORD-101948,01/31/2023,CUST-79947,India,Google,Pixel 8,1245.36,3.0,0.216,Credit Card,4.2,no
ORD-101459,29-03-2023,CUST-92259,Australia,google,Pixel 8 Pro,1143.47,3.0,,COD,3.5,0
ORD-103375,2024-12-05,CUST-62240,,Apple,iPhone SE,1036.73,3.0,0.065,Bank Transfer,4.9,no
ORD-102902,10-08-2023,CUST-33035,Japan,oneplus,OnePlus 11,,5.0,0.078,PayPal,-1.0,1
ORD-104373,09-03-2024,CUST-53160,Japan,Samsung,Galaxy A54,1234.89,5.0,0.21,UPI,3.6,False
ORD-104867,12-03-2024,CUST-25532,Germany,,Pixel 7a,660.5,5.0,0.26,UPI,1.8,False
ORD-101587,2024-06-28,CUST-24193,,Xiaomi,Redmi Note 13,1087.71,5.0,0.326,Bank Transfer,4.7,False
ORD-103789,20-04-2023,CUST-27192,UK,Samsung,Galaxy S24,636.59,5.0,1.931,PayPal,3.4,False
ORD-101731,05/20/2023,CUST-22993,Australia,GOOGLE,Pixel 7a,1418.51,2.0,0.29,COD,3.5,False
ORD-104842,2024-11-06,CUST-41349,India,OnePlus,OnePlus Nord 3,421.11,1.0,0.269,Bank Transfer,,no
ORD-102992,07/03/2022,CUST-71822,USA,Apple,iPhone SE,246.03,2.0,0.066,Bank Transfer,4.3,yes
ORD-103811,04/29/2022,CUST-35618,,,Redmi 12,891.01,1.0,0.009,Credit Card,3.7,0
ORD-101791,,CUST-15873,Australia,OnePlus,OnePlus 12,204.0,,0.002,COD,1.2,False
ORD-102355,08/12/2023,CUST-54228,Germany,Apple,iPhone 15 Pro,856.09,4.0,0.354,COD,1.8,True
ORD-101940,14-03-2022,CUST-35901,Brazil,xiaomi,Redmi 12,1469.72,,0.081,PayPal,3.2,yes
ORD-100702,18-06-2024,CUST-23640,UK,apple,iPhone SE,295.78,3.0,0.255,Bank Transfer,1.8,0
ORD-102442,2024-04-01,CUST-35186,India,GOOGLE,Pixel 8,863.2,4.0,0.161,Debit Card,4.4,1
ORD-104637,12/10/2023,CUST-47577,usa,samsung,Galaxy S24,1081.49,4.0,0.037,UPI,2.6,False
ORD-100496,2023-06-05,CUST-62539,UK,apple,iPhone 15 Pro,1000.94,2.0,0.336,COD,2.8,True
ORD-100464,07-08-2024,CUST-45465,Japan,samsung,Galaxy A54,,4.0,0.335,UPI,3.0,no
ORD-102778,2024-08-13,CUST-31406,Singapore,apple,iPhone 15 Pro,981.9,3.0,0.097,COD,1.8,True
ORD-104404,2022-05-07,CUST-64789,UK,Google,Pixel 8,588.07,5.0,0.065,Bank Transfer,5.0,no
ORD-100172,2023-06-15,CUST-21982,Brazil,Samsung,Galaxy Z Fold 5,337.07,1.0,0.148,Credit Card,1.3,True
ORD-104163,07/02/2024,CUST-36242,Singapore,ONEPLUS,OnePlus 12,840.36,5.0,0.045,PayPal,3.1,yes
ORD-104874,12/24/2023,CUST-11394,France,Samsung,Galaxy Z Fold 5,1415.62,2.0,0.062,UPI,2.0,0
ORD-102540,23-03-2024,CUST-90695,Canada,Sony,Xperia 5 V,1385.99,5.0,0.101,COD,2.2,True
ORD-104066,13-08-2024,CUST-50889,Canada,Xiaomi,Redmi Note 13,1405.17,2.0,0.253,UPI,2.7,0
ORD-103058,,CUST-78548,USA,Sony,Xperia 5 V,918.28,1.0,0.001,Credit Card,2.3,True
ORD-102260,,CUST-93251,Singapore,Google,Pixel 8,710.27,3.0,0.339,Credit Card,1.0,yes
ORD-102112,2024-07-26,CUST-13333,USA,Sony,Xperia 10 V,382.91,3.0,0.074,Debit Card,3.7,False
ORD-100900,19-04-2022,CUST-66505,UK,ONEPLUS,OnePlus 11,899.16,5.0,0.356,Credit Card,2.5,False
ORD-101446,03-02-2023,CUST-74099,india,Google,Pixel 7a,378.49,3.0,0.357,COD,,False
ORD-104085,05-02-2023,CUST-70963,India,ONEPLUS,OnePlus 12,1092.37,2.0,0.124,PayPal,3.0,0
ORD-100741,25-04-2024,CUST-94171,USA,oneplus,OnePlus 11,1399.67,2.0,0.26,UPI,4.0,False
ORD-102293,11-03-2024,CUST-73901,UK,Xiaomi,Xiaomi 14,421.92,3.0,0.313,COD,3.7,1
ORD-102452,09/18/2023,CUST-59244,Canada,Sony,Xperia 5 V,1310.44,4.0,0.053,UPI,2.6,yes
ORD-102948,03-06-2022,CUST-47283,Australia,xiaomi,Xiaomi 14,490.42,2.0,0.009,PayPal,2.1,
ORD-104153,11/18/2022,CUST-85721,Singapore,ONEPLUS,,1183.45,2.0,0.059,Debit Card,4.5,yes
ORD-101206,2024-11-23,CUST-67861,France,OnePlus,OnePlus 12,1441.21,2.0,0.386,Bank Transfer,5.0,0
ORD-100509,2024-12-23,CUST-39541,UK,Samsung,Galaxy S23,998.05,5.0,0.026,PayPal,1.6,False
ORD-104221,09/18/2024,CUST-54603,Canada,GOOGLE,Pixel 8,636.31,1.0,0.301,UPI,4.3,False
ORD-104339,10/09/2024,CUST-97241,UK,Google,Pixel 7a,704.4,3.0,0.086,UPI,1.3,no
ORD-104034,2024-09-12,CUST-23914,United States,Xiaomi,Redmi Note 13,770.13,4.0,0.329,Debit Card,4.8,1
ORD-104139,09-09-2024,CUST-12128,Australia,Motorola,Moto G53,333.76,4.0,0.231,UPI,3.0,0
ORD-101549,25-10-2023,CUST-95282,,Google,Pixel 8 Pro,887.97,3.0,0.042,COD,4.9,False
ORD-102064,2022-05-19,CUST-53213,UK,Samsung,Galaxy S24,934.96,1.0,0.357,Debit Card,2.6,False
ORD-102202,2022-04-18,CUST-29873,Australia,Xiaomi,Redmi Note 13,709.74,4.0,0.323,Debit Card,2.1,yes
ORD-102566,2022-06-14,CUST-62641,Singapore,Samsung,Galaxy S24,492.72,1.0,0.349,UPI,1.3,0
ORD-102770,18-07-2022,CUST-38384,Germany,ONEPLUS,OnePlus Nord 3,1020.46,1.0,0.385,COD,,1
ORD-102044,2022-08-25,CUST-18957,India,apple,iPhone 15 Pro,650.34,4.0,0.377,PayPal,1.5,
ORD-100767,03/10/2022,CUST-81293,Canada,oneplus,OnePlus 12,854.34,4.0,0.246,Credit Card,4.3,no
ORD-104951,01/17/2022,CUST-51469,Germany,oneplus,OnePlus 11,1303.07,4.0,0.284,Bank Transfer,2.9,True
ORD-103868,14-02-2024,CUST-44831,USA,samsung,Galaxy S24,1050.5,3.0,0.033,COD,3.2,False
ORD-100421,04/06/2022,CUST-79238,USA,google,Pixel 7a,1261.95,1.0,0.303,PayPal,2.7,False
ORD-100123,11/08/2023,CUST-45927,GERMANY,Samsung,Galaxy A54,562.82,5.0,0.051,Credit Card,4.8,False
ORD-104229,05-12-2024,CUST-78267,Brazil,Google,Pixel 7a,546.47,1.0,0.124,Credit Card,5.0,True
ORD-102856,02/07/2022,CUST-42549,Singapore,,Pixel 7a,1296.12,4.0,0.321,Credit Card,4.1,False
ORD-100819,2023-04-26,CUST-47604,USA,Motorola,Moto G53,1037.35,1.0,0.283,Bank Transfer,5.0,0
ORD-101403,2024-07-06,CUST-24139,India,XIAOMI,,297.33,1.0,0.06,Bank Transfer,1.5,True
ORD-101382,09/07/2024,CUST-70392,France,Google,Pixel 7a,214.24,4.0,0.189,PayPal,4.2,1
ORD-102148,24-04-2023,CUST-80834,USA,Xiaomi,POCO F5,1329.67,1.0,0.39,,3.5,no
ORD-101575,08-06-2022,CUST-80205,Germany,Apple,iPhone SE,692.39,1.0,0.122,UPI,2.6,False
ORD-101638,,CUST-88572,USA,SAMSUNG,Galaxy S23,1236.47,2.0,0.336,Bank Transfer,2.2,no
ORD-101795,12/24/2023,CUST-86879,Singapore,Xiaomi,POCO F5,899.64,2.0,0.059,Debit Card,3.0,False
ORD-104893,15-08-2023,CUST-91419,U.S.A,OnePlus,OnePlus Nord 3,1281.95,2.0,0.024,PayPal,1.5,False
ORD-100399,09/03/2023,CUST-44890,Japan,apple,iPhone 14,347.82,1.0,0.142,PayPal,1.9,yes
ORD-102310,2024-04-16,CUST-23410,Australia,Xiaomi,Xiaomi 14,498.14,3.0,0.353,PayPal,3.2,False
ORD-100882,2023-10-13,CUST-99328,Canada,Samsung,Galaxy A54,1214.49,3.0,0.355,UPI,4.6,True
ORD-104995,08/05/2022,CUST-77622,UK,samsung,Galaxy A54,1153.32,,,PayPal,4.6,
ORD-103001,N/A,CUST-59432,France,oneplus,OnePlus 11,337.29,2.0,0.048,PayPal,3.5,False
ORD-101352,06/08/2022,CUST-81110,Singapore,Motorola,Moto G53,663.14,1.0,0.33,Debit Card,4.5,True
ORD-104717,08/16/2023,CUST-10262,France,Google,Pixel 7a,784.85,4.0,0.175,PayPal,1.5,0
ORD-104624,2023-06-19,CUST-60885,Singapore,,Galaxy A54,1262.41,4.0,0.356,Credit Card,1.7,False
ORD-102130,02-01-2023,CUST-84453,USA,Xiaomi,Xiaomi 14,1282.51,1.0,0.125,Debit Card,4.9,yes
ORD-100982,10/31/2023,CUST-64868,Australia,ONEPLUS,OnePlus Nord 3,155.01,2.0,0.261,COD,4.9,False
ORD-100456,12/11/2023,CUST-76175,Canada,Google,Pixel 7a,679.47,4.0,0.283,,2.5,True
ORD-103655,10/19/2023,CUST-46218,USA,OnePlus,OnePlus 11,1365.61,2.0,0.259,PayPal,4.3,False
ORD-101079,2022-09-05,CUST-34923,Canada,Sony,Xperia 5 V,1475.82,2.0,0.055,COD,1.8,1
ORD-101950,02/09/2024,CUST-64141,India,samsung,Galaxy A54,795.04,2.0,0.14,UPI,3.0,False
ORD-104385,09/05/2024,CUST-29616,india ,google,Pixel 8 Pro,606.13,1.0,0.296,PayPal,5.0,False
ORD-100689,05/30/2024,CUST-30413,Australia,XIAOMI,Xiaomi 14,,4.0,0.212,Bank Transfer,1.2,0
ORD-102429,2024-04-15,CUST-58039,India,Samsung,Galaxy A54,747.16,3.0,0.183,Credit Card,3.9,0
ORD-100641,11/03/2022,CUST-99290,Singapore,google,Pixel 8,321.89,1.0,0.269,PayPal,3.8,0
ORD-102392,06-09-2022,CUST-67007,Germany,Samsung,Galaxy S23,1204.73,1.0,0.327,Credit Card,3.0,yes
ORD-101953,10/20/2022,CUST-89729,USA,,Moto G84,1008.93,4.0,0.311,COD,3.3,1
ORD-103166,13-04-2023,CUST-32959,France,apple,iPhone 15 Pro,692.8,2.0,0.284,Debit Card,1.5,1
ORD-104058,26-10-2022,CUST-42107,India,google,Pixel 7a,800.93,4.0,0.094,Credit Card,3.3,yes
ORD-103557,01/07/2022,CUST-14084,Canada,Motorola,Edge 40 Pro,1055.8,2.0,0.15,UPI,2.7,False
ORD-102710,2023-12-26,CUST-22805,Brazil,Sony,Xperia 5 V,1474.89,4.0,0.31,Debit Card,4.4,1
ORD-103456,05-07-2023,CUST-41845,UK,Xiaomi,POCO F5,489.8,1.0,0.156,Debit Card,1.7,False
ORD-104844,11/08/2024,CUST-78648,UK,Sony,Xperia 1 V,441.14,2.0,0.094,Credit Card,4.2,False
ORD-103035,04-04-2024,CUST-84146,Germany,Google,Pixel 8,1028.05,1.0,0.139,Debit Card,2.1,False
ORD-101884,31-05-2022,CUST-30654,Japan,Xiaomi,Redmi 12,1362.41,5.0,0.377,,2.2,False
ORD-103586,29-09-2024,CUST-63549,UK,Xiaomi,Xiaomi 14,1277.68,1.0,0.348,Credit Card,1.6,no
ORD-100389,26-11-2024,CUST-64187,Australia,OnePlus,OnePlus Nord 3,1387.88,2.0,0.35,Bank Transfer,4.4,False
ORD-102494,14-03-2022,CUST-27114,UK,samsung,Galaxy Z Fold 5,397.2,1.0,0.358,COD,2.4,True
ORD-103801,2022-05-26,CUST-48260,USA,Google,Pixel 8 Pro,765.95,2.0,0.107,PayPal,,True
ORD-102995,28-06-2023,CUST-54082,Japan,Sony,Xperia 1 V,787.76,2.0,0.312,UPI,1.4,
ORD-100845,11/28/2022,CUST-94784,Singapore,SAMSUNG,Galaxy S24,197.36,1.0,0.206,COD,2.3,False
ORD-100542,28-01-2022,CUST-62727,Germany,apple,iPhone 15 Pro,1367.33,5.0,0.361,UPI,2.1,True
ORD-100091,2023-03-10,CUST-90122,,SAMSUNG,Galaxy S23,720.68,4.0,0.344,PayPal,2.4,True
ORD-104025,06/19/2023,CUST-16796,France,xiaomi,Redmi 12,1390.2,2.0,0.1,Credit Card,3.5,yes
ORD-101979,02/16/2022,CUST-10004,Canada,Google,Pixel 8 Pro,292.62,5.0,0.365,Credit Card,1.3,False
ORD-104880,19-11-2022,CUST-89382,USA,google,Pixel 8,1264.57,3.0,0.02,PayPal,2.7,yes
ORD-104402,2023-08-01,CUST-73563,Australia,Google,Pixel 8,1091.36,2.0,0.393,UPI,2.5,False
ORD-103006,2022-06-13,CUST-31631,Japan,Xiaomi,Xiaomi 14,724.94,2.0,0.218,Bank Transfer,3.5,False
ORD-102529,14-12-2024,CUST-53274,Singapore,Xiaomi,Xiaomi 14,428.17,5.0,0.219,UPI,2.8,yes
ORD-101676,2024-04-02,CUST-77902,USA,Apple,iPhone SE,1113.93,3.0,0.022,COD,3.1,True
ORD-101048,03/17/2024,CUST-64258,Singapore,oneplus,OnePlus 11,981.72,5.0,0.219,UPI,2.8,False
ORD-101960,07/06/2023,CUST-46482,France,Sony,Xperia 1 V,1299.64,4.0,0.324,Debit Card,2.7,0
ORD-102530,07-03-2024,CUST-19472,Germany,APPLE,iPhone 15 Pro,,3.0,0.062,,2.5,True
ORD-102879,2024-11-16,CUST-35428,France,APPLE,iPhone 14,753.08,5.0,,Credit Card,4.7,False
ORD-100237,18-02-2024,CUST-93045,UK,Samsung,Galaxy A54,347.68,2.0,0.005,Credit Card,2.3,False
ORD-103074,2023-05-03,CUST-74793,UK,Apple,iPhone 15,1177.5,5.0,0.358,Debit Card,2.0,1
ORD-103662,,CUST-72946,Brazil,Sony,Xperia 1 V,1144.54,3.0,0.115,Debit Card,1.1,yes
ORD-101133,09-09-2023,CUST-35939,uk,Google,Pixel 8,970.53,1.0,0.37,COD,2.1,
ORD-101805,09/23/2022,CUST-13556,UK,Motorola,Edge 40 Pro,595.59,5.0,0.035,Bank Transfer,4.5,True
ORD-104210,2024-04-02,CUST-92947,Canada,GOOGLE,,230.0,4.0,0.092,Bank Transfer,2.0,False
ORD-100163,09/15/2023,CUST-69662,india ,Xiaomi,Redmi Note 13,764.72,3.0,,PayPal,1.5,False
ORD-103616,2022-04-24,CUST-62305,Canada,Sony,Xperia 5 V,732.04,5.0,0.319,Bank Transfer,3.7,False
ORD-104786,08/16/2023,CUST-51645,Inda,Apple,iPhone SE,1467.93,4.0,0.3,PayPal,1.2,True
ORD-103463,2024-12-10,CUST-88021,Germany,Google,Pixel 8,,3.0,0.123,Bank Transfer,3.7,1
ORD-103575,29-07-2024,CUST-29957,Australia,Apple,iPhone 14,659.33,1.0,0.396,COD,3.0,False
ORD-103317,2024-09-03,CUST-54839,USA,oneplus,OnePlus 11,1191.15,3.0,0.116,Bank Transfer,3.8,0
ORD-103764,23-02-2024,CUST-72611,Japan,OnePlus,OnePlus 12,448.56,2.0,0.182,COD,3.8,False
ORD-104075,02/02/2023,CUST-52813,FRANCE,Apple,iPhone SE,532.2,3.0,0.349,PayPal,1.7,no
ORD-101811,28-12-2023,CUST-60289,Australia,oneplus,OnePlus Nord 3,577.85,2.0,0.387,Bank Transfer,3.5,False
ORD-103225,05-08-2022,CUST-19060,Singapore,,,,5.0,0.351,UPI,1.4,0
ORD-103265,10/26/2022,CUST-43537,UK,OnePlus,OnePlus 11,1445.78,1.0,0.122,UPI,2.0,False
ORD-101428,06-02-2022,CUST-77056,Singapore,Samsung,Galaxy S24,268.57,1.0,0.174,COD,3.0,0
ORD-103753,04-10-2022,CUST-65947,,SAMSUNG,Galaxy A54,644.24,3.0,0.204,COD,3.7,False
ORD-104262,30-11-2024,CUST-84983,usa,Motorola,Edge 40 Pro,190.48,1.0,0.338,Debit Card,2.5,False
ORD-104333,18-01-2023,CUST-69544,Canada,Google,Pixel 7a,535.3,3.0,0.277,Bank Transfer,1.0,False
ORD-104534,11/07/2022,CUST-20115,india,Apple,iPhone 15,1315.95,4.0,0.092,Debit Card,4.3,False
ORD-104725,2022-11-10,CUST-39866,Singapore,Sony,,1130.36,5.0,0.065,Debit Card,1.9,False
ORD-104390,0000-00-00,CUST-25531,UK,apple,iPhone 15 Pro,405.61,4.0,0.048,Bank Transfer,2.3,True
ORD-101452,2024-12-23,CUST-54110,UK,XIAOMI,Redmi Note 13,1183.05,4.0,0.148,Debit Card,2.1,yes
ORD-100593,2023-08-21,CUST-70918,UK,Motorola,Edge 40 Pro,480.72,1.0,0.292,Credit Card,3.4,True
ORD-102725,2022-09-02,CUST-33033,india,OnePlus,OnePlus Nord 3,1131.61,1.0,0.335,Credit Card,1.5,True
ORD-100041,20-01-2024,CUST-17204,Canada,Apple,iPhone 15 Pro,,2.0,0.337,Debit Card,3.6,False
ORD-100560,01-01-2023,CUST-29333,USA,XIAOMI,Redmi Note 13,174.47,1.0,0.064,Bank Transfer,3.2,False
ORD-103362,18-05-2023,CUST-13429,Germany,ONEPLUS,OnePlus 11,476.92,1.0,,Bank Transfer,1.5,yes
ORD-103153,2024-01-09,CUST-37741,France,SAMSUNG,Galaxy A54,293.2,5.0,0.278,Debit Card,2.9,False
ORD-100243,05/20/2023,CUST-18480,Australia,Sony,Xperia 5 V,1454.49,4.0,0.192,COD,4.8,yes
ORD-101339,18-05-2022,CUST-30659,india,Samsung,Galaxy Z Fold 5,954.84,,0.377,COD,2.4,True
ORD-102877,11/11/2023,CUST-49527,USA,Sony,Xperia 10 V,536.19,3.0,0.307,Credit Card,4.6,False
ORD-104805,2023-12-19,CUST-72852,Germany,OnePlus,OnePlus 12,1296.41,4.0,0.091,Credit Card,2.6,no
ORD-103930,2024-10-11,CUST-52168,USA,Apple,iPhone 14,897.14,3.0,0.221,Bank Transfer,2.6,1
ORD-101442,2024-08-16,CUST-84462,Canada,google,Pixel 8 Pro,1336.31,1.0,0.393,COD,3.1,0
ORD-100261,09-09-2023,CUST-23817,France,GOOGLE,Pixel 8 Pro,559.83,4.0,0.354,,2.3,False
ORD-102860,30-04-2022,CUST-80077,Brazil,Apple,iPhone 15 Pro,384.73,5.0,0.233,Credit Card,4.3,1
ORD-101689,2024-09-01,CUST-41692,UK,ONEPLUS,OnePlus Nord 3,1370.8,0.0,0.212,COD,4.5,1
ORD-101725,07/08/2023,CUST-20531,Japan,GOOGLE,Pixel 8,202.99,1.0,0.156,Bank Transfer,1.4,False
ORD-101203,12/31/2023,CUST-17859,Singapore,Xiaomi,POCO F5,1286.57,,0.03,Bank Transfer,2.1,False
ORD-100834,03/13/2022,CUST-56945,usa,Samsung,Galaxy S24,827.28,4.0,0.385,Credit Card,2.7,False
ORD-101866,07-02-2022,CUST-67036,Singapore,ONEPLUS,OnePlus 11,1092.47,4.0,0.2,Bank Transfer,3.2,
ORD-102496,03/11/2023,CUST-69398,India,xiaomi,Redmi Note 13,156.39,5.0,0.158,Debit Card,4.7,1
ORD-103591,03/13/2023,CUST-76421,UK,Google,Pixel 8,224.28,3.0,0.284,Debit Card,2.4,True
ORD-102010,20-01-2024,CUST-41177,Canada,samsung,Galaxy A54,1341.73,,0.023,Bank Transfer,,True
ORD-102873,2024-05-12,CUST-45160,Germany,google,Pixel 7a,593.5,4.0,0.355,Debit Card,3.6,True
ORD-100340,,CUST-50890,USA,Sony,Xperia 1 V,584.46,5.0,0.389,UPI,2.2,False
ORD-103097,08/20/2022,CUST-21976,France,Xiaomi,Xiaomi 14,566.34,3.0,0.321,Bank Transfer,2.1,True
ORD-101601,08/28/2023,CUST-24586,Japan,Xiaomi,Redmi 12,219.9,3.0,0.316,UPI,1.7,False
ORD-102796,05/13/2022,CUST-69658,USA,Apple,iPhone 14,1394.31,3.0,0.383,UPI,3.5,no
ORD-103113,06/07/2024,CUST-25463,Canada,samsung,Galaxy S24,1180.7,2.0,0.36,COD,3.0,0
ORD-104770,2022-10-13,CUST-49799,Australia,OnePlus,OnePlus 12,487.87,1.0,0.316,COD,2.7,False
ORD-100480,26-04-2023,CUST-68909,India,samsung,Galaxy A54,746.66,1.0,0.366,UPI,3.3,False
ORD-102924,04/17/2023,CUST-31597,Canada,Samsung,Galaxy S24,1039.57,4.0,0.073,PayPal,3.2,False
ORD-103659,17-08-2024,CUST-40428,Germany,Sony,Xperia 1 V,351.42,2.0,0.087,UPI,4.5,False
ORD-104036,06/23/2022,CUST-13889,USA,xiaomi,Xiaomi 14,,,0.277,Bank Transfer,3.9,0
ORD-103515,29-04-2023,CUST-71308,USA,apple,iPhone 15 Pro,683.5,1.0,0.138,Debit Card,4.9,False
ORD-104714,08/05/2023,CUST-46337,uk,OnePlus,OnePlus 12,920.36,4.0,0.243,Bank Transfer,1.2,True
ORD-103158,10/07/2022,CUST-68915,germany,APPLE,,1490.11,2.0,0.268,UPI,3.6,False
ORD-100799,2023-08-01,CUST-94611,UK,Samsung,Galaxy Z Fold 5,674.97,2.0,0.281,Bank Transfer,1.3,0
ORD-101766,07-10-2024,CUST-28143,Germany,Xiaomi,,1253.2,1.0,0.047,Debit Card,2.7,False
ORD-104547,06/07/2024,CUST-98216,Brazil,apple,iPhone SE,913.92,4.0,0.339,UPI,4.2,0
ORD-102453,21-09-2024,CUST-47466,Japan,Samsung,Galaxy A54,394.24,1.0,0.165,COD,2.2,False
ORD-102980,2024-04-21,CUST-59672,Japan,XIAOMI,POCO F5,1166.59,3.0,0.29,Bank Transfer,3.8,
ORD-103947,09/17/2023,CUST-74874,Inda,Samsung,Galaxy S24,287.21,5.0,0.198,Bank Transfer,2.2,no
ORD-104466,2023-07-07,CUST-54760,Canada,OnePlus,OnePlus 11,1229.56,4.0,0.052,Bank Transfer,2.6,False
ORD-104753,2022-06-07,CUST-65229,USA,Google,Pixel 8 Pro,1050.04,3.0,0.216,UPI,2.9,False
ORD-103809,2023-08-30,CUST-47901,United States,apple,iPhone 15 Pro,1048.26,3.0,0.306,Debit Card,3.0,yes
ORD-101271,01/19/2024,CUST-64631,USA,Google,Pixel 8 Pro,294.34,,0.206,UPI,2.2,False
ORD-103527,05/03/2022,CUST-96064,France,ONEPLUS,OnePlus 11,1370.49,3.0,0.31,Debit Card,1.9,False
ORD-104575,23-07-2023,CUST-43054,germany,Motorola,Moto G53,448.61,3.0,0.01,Bank Transfer,3.2,False
ORD-103208,13-06-2023,CUST-80010,France,Google,Pixel 8,415.97,,0.161,UPI,1.2,no
ORD-104209,2023-02-16,CUST-95150,Japan,SAMSUNG,Galaxy S23,1351.96,1.0,0.106,Bank Transfer,3.8,False
ORD-100347,09/13/2023,CUST-87090,France,Xiaomi,Redmi 12,1469.62,,0.149,PayPal,2.2,False
ORD-104016,2022-05-22,CUST-73905,Brazil,samsung,Galaxy S23,742.65,4.0,0.302,Credit Card,4.3,False
ORD-104699,2024-08-27,CUST-11644,UK,XIAOMI,Xiaomi 14,1338.17,2.0,0.324,PayPal,1.2,no
ORD-102562,06/08/2022,CUST-41481,Germany,Apple,iPhone 15 Pro,1274.29,1.0,0.01,,4.0,False
ORD-104664,04/12/2022,CUST-99092,USA,Xiaomi,Xiaomi 14,875.4,3.0,0.223,,2.1,1
ORD-101423,23-05-2024,CUST-78697,Canada,Xiaomi,Redmi Note 13,1199.48,4.0,0.009,Debit Card,3.9,False
ORD-100656,04/01/2024,CUST-24937,india ,XIAOMI,Xiaomi 14,1337.54,4.0,0.289,PayPal,3.5,False
ORD-102102,06/16/2024,CUST-27110,Canada,Motorola,Moto G53,237.38,4.0,0.189,Credit Card,1.9,1
ORD-100632,2024-11-17,CUST-87414,Canada,Google,Pixel 8 Pro,1027.02,3.0,0.058,UPI,,False
ORD-104071,11-01-2023,CUST-76135,,xiaomi,POCO F5,1442.25,4.0,0.393,Debit Card,1.2,1
ORD-102493,28-06-2023,CUST-75427,USA,Sony,Xperia 1 V,1142.74,1.0,0.349,Debit Card,1.0,True
ORD-102665,,CUST-54388,U.K.,,Pixel 8,253.27,4.0,0.156,Debit Card,2.1,True
ORD-103333,10/19/2023,CUST-17127,Germany,OnePlus,OnePlus Nord 3,1266.85,3.0,0.279,Credit Card,4.0,no
ORD-103792,2024-12-01,CUST-22715,India,Xiaomi,Redmi Note 13,1469.25,4.0,0.042,,4.8,False
ORD-103425,08/14/2022,CUST-32843,Singapore,Apple,iPhone SE,1163.6,1.0,0.101,Credit Card,2.0,False
ORD-103210,30-11-2022,CUST-57885,France,Google,Pixel 7a,168.7,4.0,1.561,PayPal,4.8,False
ORD-103722,12-01-2023,CUST-37361,Singapore,google,Pixel 7a,918.25,5.0,0.164,UPI,3.3,False
ORD-102500,01/18/2022,CUST-19086,U.S.A,samsung,Galaxy Z Fold 5,1073.34,1.0,0.351,Debit Card,1.9,True
ORD-101465,19-09-2024,CUST-64000,,Motorola,Edge 40 Pro,672.13,1.0,0.035,COD,1.8,True
ORD-103192,,CUST-17313,U.S.A,ONEPLUS,OnePlus Nord 3,1210.79,5.0,0.328,PayPal,1.3,False
ORD-100115,2023-06-19,CUST-21779,USA,Xiaomi,Redmi Note 13,1351.19,4.0,0.184,COD,1.1,False
ORD-101821,2023-06-14,CUST-48314,India,SAMSUNG,Galaxy A54,690.94,4.0,0.243,Credit Card,1.5,False
ORD-101494,01/03/2023,CUST-64678,France,APPLE,iPhone 14,340.0,1.0,,Bank Transfer,3.3,0
ORD-102401,29-09-2022,CUST-13706,Australia,Xiaomi,Xiaomi 14,792.04,1.0,0.204,Debit Card,4.4,True
ORD-101232,07-07-2023,CUST-13633,Canada,SAMSUNG,,1477.95,4.0,0.046,UPI,3.6,1
ORD-102661,2024-08-13,CUST-71820,France,Apple,iPhone 15 Pro,1309.24,2.0,0.03,Bank Transfer,,yes
ORD-102817,02/13/2022,CUST-25623,France,OnePlus,OnePlus Nord 3,817.63,3.0,0.34,Debit Card,3.9,no
ORD-104784,03/31/2022,CUST-50516,Brazil,ONEPLUS,OnePlus Nord 3,247.27,3.0,0.087,COD,3.5,False
ORD-104647,12/22/2022,CUST-68043,Brazil,Sony,Xperia 10 V,1383.5,5.0,0.144,Debit Card,2.6,True
ORD-101153,16-02-2023,CUST-51536,USA,OnePlus,OnePlus Nord 3,153.81,2.0,0.257,UPI,1.1,1
ORD-104442,09-10-2023,CUST-43761,Canada,google,Pixel 8,732.47,4.0,0.277,Credit Card,4.1,True
ORD-100057,11/15/2024,CUST-26948,France,XIAOMI,POCO F5,1193.46,1.0,0.368,COD,3.4,True
ORD-103516,28-01-2024,CUST-50829,USA,Samsung,Galaxy S24,592.43,1.0,0.365,Bank Transfer,1.9,True
ORD-104359,2022-04-03,CUST-33324,USA,Motorola,,1466.71,2.0,0.212,Bank Transfer,3.8,False
ORD-103886,21-11-2023,CUST-13515,Brazil,OnePlus,OnePlus 11,1270.46,2.0,0.051,COD,4.3,True
ORD-101735,01/06/2024,CUST-42351,Brazil,Motorola,Moto G53,1117.0,4.0,0.129,PayPal,2.1,True
ORD-102823,2024-08-03,CUST-66912,Japan,Apple,iPhone 15,1415.57,2.0,0.296,UPI,3.1,yes
ORD-102196,08-09-2022,CUST-37243,Japan,Xiaomi,Redmi 12,348.63,3.0,0.312,COD,,True
ORD-103678,01-06-2023,CUST-16707,Inda,Google,Pixel 7a,1289.19,5.0,0.217,,2.2,1
ORD-102475,01/11/2022,CUST-81214,UK,,Xperia 1 V,189.79,3.0,0.37,COD,1.8,yes
ORD-102564,01/12/2022,CUST-43687,,Google,Pixel 8,695.07,3.0,0.161,PayPal,1.5,False
ORD-103275,06-12-2022,CUST-17067,,Sony,Xperia 5 V,1022.8,4.0,0.185,Bank Transfer,2.9,
ORD-103957,02/25/2023,CUST-98541,Singapore,Samsung,Galaxy Z Fold 5,286.61,1.0,0.272,Bank Transfer,1.3,yes
ORD-102608,02/02/2024,CUST-18809,USA,APPLE,iPhone SE,,5.0,0.15,Debit Card,2.2,False
ORD-103785,07/14/2022,CUST-28620,UK,SAMSUNG,Galaxy S24,1430.56,1.0,,Debit Card,4.3,False
ORD-100707,2023-09-07,CUST-19277,Japan,Motorola,Moto G84,901.54,1.0,0.03,COD,1.5,True
ORD-104351,2024-02-14,CUST-68448,Singapore,APPLE,iPhone 15,845.02,2.0,0.047,Debit Card,4.3,True
ORD-101093,02/08/2024,CUST-27247,UK,GOOGLE,Pixel 7a,901.49,4.0,0.326,Credit Card,2.7,False
ORD-104241,30-12-2024,CUST-51563,U.S.A,Sony,Xperia 10 V,625.4,2.0,0.043,Credit Card,3.2,False
ORD-101376,15-04-2023,CUST-82179,Canada,Xiaomi,Redmi Note 13,1469.34,5.0,0.164,UPI,3.2,True
ORD-104992,2023-12-20,CUST-57706,Germany,apple,iPhone 15 Pro,198.88,2.0,0.134,PayPal,2.4,True
ORD-100072,2023-01-15,CUST-92387,Brazil,,OnePlus 11,1484.61,5.0,0.061,Credit Card,2.4,no
ORD-101922,,CUST-18834,France,Apple,iPhone 15,899.22,3.0,0.363,UPI,2.3,
ORD-103290,13-03-2024,CUST-30720,Germany,Motorola,Moto G84,1014.31,1.0,0.034,Debit Card,3.4,False
ORD-101764,10/09/2023,CUST-48828,USA,SAMSUNG,Galaxy S24,152.01,3.0,0.005,PayPal,2.9,0
ORD-100743,N/A,CUST-54951,uk,Motorola,Moto G53,707.06,4.0,0.006,Debit Card,3.9,False
ORD-103992,2022-06-05,CUST-43725,Brazil,ONEPLUS,OnePlus Nord 3,1002.96,1.0,0.38,Debit Card,1.6,0
ORD-101005,,CUST-43393,United Kingdom,Motorola,Edge 40 Pro,1017.49,,0.187,Credit Card,4.3,0
ORD-102668,31-08-2023,CUST-74882,Canada,oneplus,OnePlus Nord 3,937.71,2.0,0.131,COD,3.1,False
ORD-101190,09-01-2023,CUST-23219,Singapore,xiaomi,POCO F5,193.78,3.0,0.032,PayPal,4.9,False
ORD-103307,26-09-2023,CUST-66664,France,ONEPLUS,OnePlus 12,254.27,3.0,0.39,Bank Transfer,4.8,False
ORD-102601,09-09-2023,CUST-29422,India,Sony,Xperia 5 V,449.66,3.0,0.031,Debit Card,2.8,0
ORD-101125,2023-04-21,CUST-43368,Brazil,,iPhone 15,1061.46,4.0,0.174,Credit Card,1.0,False
ORD-101241,24-07-2023,CUST-93989,Japan,APPLE,iPhone 15,365.94,1.0,0.137,UPI,4.0,0
ORD-104756,23-09-2023,CUST-46684,USA,google,Pixel 8,1046.06,4.0,0.315,Debit Card,1.9,0
ORD-104197,01-03-2023,CUST-86646,India,Motorola,Moto G84,870.51,2.0,0.166,COD,4.6,False
ORD-103711,09/05/2022,CUST-24099,Germany,oneplus,OnePlus Nord 3,338.99,1.0,0.213,Credit Card,1.1,
ORD-100998,12/13/2024,CUST-56866,Japan,google,Pixel 8,725.25,5.0,0.123,Credit Card,1.9,1
ORD-104480,08/16/2023,CUST-23825,UK,Motorola,Moto G53,796.2,4.0,0.169,COD,2.1,0
ORD-102684,2023-06-10,CUST-26609,Canada,apple,,1137.01,1.0,0.159,PayPal,4.0,0
ORD-101577,08/06/2024,CUST-89104,India,Sony,Xperia 5 V,,5.0,0.243,,3.0,0
ORD-104868,15-06-2022,CUST-23092,UK,Sony,Xperia 1 V,522.73,5.0,0.323,COD,4.2,True
ORD-101826,2023-12-23,CUST-71912,France,Samsung,Galaxy A54,471.5,3.0,0.095,Bank Transfer,1.3,False
ORD-103410,13-08-2024,CUST-10610,Inda,Sony,Xperia 5 V,1327.21,2.0,0.337,Bank Transfer,2.5,0
ORD-103454,03-12-2022,CUST-27900,Canada,Xiaomi,Redmi Note 13,1131.31,5.0,0.284,COD,1.9,False
ORD-103660,,CUST-57342,Canada,samsung,Galaxy S24,1319.62,4.0,0.393,Bank Transfer,4.0,True
ORD-100440,15-07-2023,CUST-31506,Singapore,OnePlus,OnePlus 11,887.16,3.0,0.006,Debit Card,3.0,1
ORD-102116,03/01/2023,CUST-23427,India,ONEPLUS,OnePlus 11,502.76,1.0,0.196,Credit Card,1.3,True
ORD-101100,29-07-2023,CUST-73578,India,Google,Pixel 7a,1092.78,4.0,0.306,Credit Card,4.1,False
ORD-102637,13-12-2024,CUST-95081,Germany,Motorola,Edge 40 Pro,728.24,2.0,0.339,Debit Card,2.6,1
ORD-104029,09-05-2022,CUST-97695,UK,Apple,iPhone 15 Pro,1157.03,5.0,0.382,UPI,3.0,1
ORD-100649,2022-10-10,CUST-19261,,samsung,Galaxy Z Fold 5,1443.66,5.0,0.092,,3.6,False
ORD-101546,06/01/2023,CUST-88042,USA,apple,iPhone 15,1156.93,3.0,0.346,Debit Card,6.1,
ORD-103875,2023-02-17,CUST-22352,India,Motorola,Edge 40 Pro,716.64,2.0,0.337,COD,4.7,1
ORD-103685,07/30/2022,CUST-52420,Canada,SAMSUNG,Galaxy S24,687.5,5.0,0.034,COD,4.1,True
ORD-104020,07-07-2023,CUST-61348,Brazil,GOOGLE,Pixel 7a,488.4,3.0,0.367,PayPal,2.3,no
ORD-103303,,CUST-33665,Australia,Google,Pixel 8,898.92,4.0,0.36,Debit Card,4.0,False
ORD-103871,04/05/2022,CUST-19844,Australia,Xiaomi,Xiaomi 14,700.91,1.0,0.143,Bank Transfer,4.1,no
ORD-100630,06/19/2022,CUST-12418,Canada,Samsung,Galaxy Z Fold 5,333.84,1.0,0.3,Debit Card,3.6,False
ORD-100672,01/17/2024,CUST-63810,India,OnePlus,OnePlus 12,327.53,1.0,0.185,UPI,3.2,no
ORD-101249,01-09-2023,CUST-65410,India,ONEPLUS,OnePlus 11,594.69,5.0,0.03,Bank Transfer,4.2,False
ORD-100482,2022-05-10,CUST-78078,,google,Pixel 8 Pro,446.43,1.0,0.011,UPI,1.3,False
ORD-101584,03/16/2024,CUST-72809,Germany,Sony,Xperia 1 V,1213.19,2.0,0.235,Credit Card,4.1,1
ORD-103187,10-02-2024,CUST-31321,Inda,OnePlus,OnePlus 12,506.9,2.0,0.138,Debit Card,4.6,True
ORD-104703,2024-02-26,CUST-16741,india ,Sony,,,3.0,0.368,Credit Card,4.4,True
ORD-103150,28-07-2024,CUST-54452,Japan,Google,Pixel 8 Pro,868.95,5.0,0.019,COD,2.8,no
ORD-101462,28-05-2023,CUST-79256,France,Xiaomi,POCO F5,165.58,2.0,0.251,Credit Card,1.6,no
ORD-104065,10-09-2024,CUST-22333,France,Motorola,Moto G53,1185.48,4.0,0.213,Debit Card,,no
ORD-103750,02/15/2023,CUST-65621,Germany,Samsung,Galaxy A54,687.06,4.0,0.106,UPI,1.7,False
ORD-102226,19-06-2022,CUST-62553,Singapore,Motorola,Moto G84,1078.46,1.0,0.334,Credit Card,2.6,1
ORD-102578,23-04-2024,CUST-37743,Australia,xiaomi,POCO F5,922.97,4.0,0.101,Bank Transfer,4.9,yes
ORD-103932,10/11/2023,CUST-68111,Japan,Motorola,Edge 40 Pro,,5.0,0.15,Credit Card,1.6,1
ORD-100049,02/19/2024,CUST-86800,India,Sony,,550.08,,0.23,Bank Transfer,3.8,True
ORD-104605,2023-09-27,CUST-55943,Japan,Motorola,Edge 40 Pro,156.25,3.0,0.284,PayPal,1.9,0
ORD-103169,10-03-2022,CUST-21058,USA,Samsung,Galaxy S23,939.63,3.0,0.123,Credit Card,4.8,0
ORD-100858,08-11-2022,CUST-98276,USA,oneplus,OnePlus 11,1011.84,-1.0,0.032,PayPal,,False
ORD-101072,27-06-2024,CUST-13676,USA,,Pixel 8 Pro,1498.81,3.0,0.041,COD,3.0,0
ORD-100719,02-06-2022,CUST-53900,,apple,iPhone 14,488.44,2.0,0.119,Debit Card,5.0,True
ORD-103274,03/18/2023,CUST-36025,Japan,Sony,Xperia 1 V,794.79,4.0,0.069,UPI,3.4,0
ORD-102631,27-07-2024,CUST-34034,germany,SAMSUNG,Galaxy S24,437.88,2.0,0.335,Credit Card,4.5,False
ORD-104952,07/12/2024,CUST-42401,Japan,OnePlus,OnePlus Nord 3,1031.7,4.0,0.385,,2.1,False
ORD-101660,11/13/2022,CUST-29387,France,Google,Pixel 7a,1288.94,5.0,0.342,Credit Card,3.8,True
ORD-101656,02-03-2024,CUST-57789,Singapore,apple,iPhone 14,1269.37,4.0,0.061,Debit Card,1.6,False
ORD-102425,2022-10-01,CUST-95971,UK,Apple,iPhone SE,1001.45,4.0,0.357,Debit Card,3.8,1
ORD-103648,16-12-2024,CUST-77497,UK,apple,iPhone 14,454.47,5.0,0.298,UPI,2.8,False
ORD-103073,16-10-2022,CUST-49797,India,Google,Pixel 7a,1463.87,1.0,0.317,COD,1.2,
ORD-102468,2024-03-30,CUST-45815,uk,samsung,Galaxy Z Fold 5,791.91,1.0,0.155,COD,4.7,True
ORD-103427,18-09-2022,CUST-30350,USA,Apple,iPhone 15 Pro,1024.02,,0.166,COD,2.6,False
ORD-104550,,CUST-46023,,google,,517.61,2.0,0.277,PayPal,2.8,False
ORD-103423,22-10-2022,CUST-85394,France,xiaomi,Xiaomi 14,1406.66,1.0,0.152,COD,3.0,False
ORD-104829,10-03-2024,CUST-67813,Japan,Samsung,Galaxy A54,816.05,1.0,0.196,Credit Card,1.0,0
ORD-102934,06/24/2023,CUST-32133,Singapore,SAMSUNG,Galaxy S24,1496.69,2.0,0.14,Debit Card,3.5,False
ORD-104193,24-12-2023,CUST-35522,U.S.A,xiaomi,,1217.75,1.0,0.205,Debit Card,,yes
ORD-104594,02/19/2024,CUST-42819,Australia,Apple,iPhone 15,829.13,4.0,0.037,Credit Card,4.6,no
ORD-102606,12/09/2024,CUST-88099,Japan,ONEPLUS,OnePlus 12,596.38,3.0,0.38,,1.1,True
ORD-101385,2022-09-20,CUST-26204,Japan,Motorola,Edge 40 Pro,1361.39,4.0,0.369,Bank Transfer,1.0,1
ORD-103967,2022-05-17,CUST-82992,Australia,ONEPLUS,,436.82,4.0,0.079,Bank Transfer,1.8,False
ORD-101399,2022-10-10,CUST-29642,USA,XIAOMI,Xiaomi 14,735.86,1.0,0.363,COD,1.8,False
ORD-101195,04/03/2023,CUST-19997,Canada,oneplus,OnePlus 12,481.75,5.0,0.034,COD,3.4,yes
ORD-101408,2023-08-08,CUST-85557,Japan,Samsung,Galaxy A54,908.11,3.0,0.115,PayPal,3.3,no
ORD-103956,18-10-2022,CUST-47943,United Kingdom,XIAOMI,Xiaomi 14,977.44,5.0,0.061,Credit Card,3.7,yes
ORD-101798,04/09/2022,CUST-26926,USA,Samsung,Galaxy A54,930.11,5.0,0.209,Debit Card,4.7,True
ORD-101475,2023-12-12,CUST-22057,Singapore,apple,iPhone 14,1031.62,4.0,0.134,Bank Transfer,4.3,False
ORD-103334,09/18/2023,CUST-99075,Canada,Sony,Xperia 10 V,208.72,3.0,0.096,PayPal,2.3,
ORD-100035,02/27/2024,CUST-68430,Germany,Apple,,1006.74,2.0,0.087,UPI,2.3,True
ORD-103666,01/27/2024,CUST-98102,India,GOOGLE,Pixel 8 Pro,882.41,3.0,0.161,PayPal,3.4,True
ORD-102345,12/18/2024,CUST-88288,UK,google,Pixel 8 Pro,403.34,3.0,0.117,Credit Card,2.5,1
ORD-103566,2022-10-23,CUST-77475,Canada,Samsung,Galaxy A54,1169.4,4.0,0.009,Bank Transfer,1.9,1
ORD-102359,03/29/2023,CUST-97799,USA,Xiaomi,Redmi 12,,5.0,0.193,Debit Card,2.5,True
ORD-102206,2024-03-24,CUST-95795,France,Samsung,Galaxy A54,318.09,5.0,-0.04,Credit Card,4.4,False
ORD-103318,10/07/2024,CUST-17413,France,google,Pixel 8 Pro,1411.58,4.0,0.242,COD,,False
ORD-103898,12-09-2023,CUST-53991,Australia,apple,iPhone 14,252.11,2.0,,UPI,4.6,False
ORD-101286,02/21/2022,CUST-12876,Singapore,Samsung,Galaxy A54,886.28,4.0,0.232,Debit Card,1.0,False
ORD-100349,04/29/2024,CUST-27441,USA,Google,Pixel 7a,500.02,4.0,0.127,COD,2.4,False
ORD-102137,11/02/2024,CUST-63508,Germany,xiaomi,Xiaomi 14,1000.09,2.0,0.216,Credit Card,1.8,False
ORD-102691,11/29/2023,CUST-86768,Japan,Samsung,Galaxy S23,1002.68,4.0,0.348,COD,1.2,1
ORD-103990,04/22/2022,CUST-28841,Canada,GOOGLE,Pixel 8,559.86,1.0,0.116,Debit Card,1.9,0
ORD-103790,2023-12-19,CUST-94114,france,oneplus,OnePlus 11,497.17,3.0,0.374,Credit Card,4.0,1
ORD-101681,2022-06-28,CUST-68651,Singapore,Samsung,Galaxy A54,479.6,5.0,0.341,Bank Transfer,2.6,1
ORD-104124,05/26/2022,CUST-29100,Brazil,Google,,655.93,3.0,0.139,COD,2.1,True
ORD-101443,30-03-2024,CUST-16548,Singapore,Xiaomi,Redmi Note 13,1300.43,4.0,0.003,Debit Card,,False
ORD-103361,01-03-2024,CUST-89276,Canada,Google,Pixel 8 Pro,1278.13,1.0,0.029,Credit Card,1.1,True
ORD-101671,07/03/2024,CUST-15358,U.S.A,OnePlus,OnePlus 11,187.58,2.0,0.077,PayPal,4.7,0
ORD-103321,27-02-2024,CUST-97493,United States,Sony,Xperia 5 V,1273.46,1.0,0.081,Credit Card,4.6,False
ORD-101179,2024-05-30,CUST-17014,UK,SAMSUNG,Galaxy Z Fold 5,99999.0,4.0,0.099,Bank Transfer,3.3,1
ORD-102798,06/12/2023,CUST-33421,India,Samsung,Galaxy A54,1314.17,1.0,0.094,COD,1.5,False
ORD-101692,2023-03-29,CUST-82838,Canada,Motorola,Edge 40 Pro,308.41,3.0,0.184,Bank Transfer,2.4,True
ORD-104009,2024-01-31,CUST-45716,india ,Sony,Xperia 1 V,172.83,1.0,0.145,Bank Transfer,1.9,no
ORD-100372,04/19/2023,CUST-80328,India,xiaomi,Xiaomi 14,1344.09,1.0,0.126,COD,2.0,yes
ORD-103738,10/05/2024,CUST-13247,UK,oneplus,OnePlus 11,253.98,1.0,0.019,Credit Card,4.3,
ORD-101916,04-07-2024,CUST-75078,Brazil,oneplus,OnePlus Nord 3,1145.42,4.0,0.054,COD,1.7,False
ORD-101357,08/10/2024,CUST-53830,Brazil,Motorola,Moto G84,1197.53,4.0,1.118,UPI,2.0,False
ORD-101825,2022-02-28,CUST-53295,UK,Apple,,497.62,4.0,,Credit Card,4.8,False
ORD-100786,2023-08-06,CUST-65575,France,OnePlus,OnePlus Nord 3,1008.74,4.0,0.219,Debit Card,3.8,False
ORD-100469,13-06-2023,CUST-48467,France,Google,Pixel 8 Pro,818.04,2.0,0.368,UPI,2.7,False
ORD-100140,2022-04-20,CUST-20080,india ,samsung,Galaxy S23,935.32,1.0,0.243,Bank Transfer,2.8,False
ORD-100788,22-02-2024,CUST-87824,France,XIAOMI,Redmi 12,1097.46,2.0,0.249,UPI,1.1,False
ORD-100323,2024-02-12,CUST-77022,Canada,APPLE,iPhone 14,1126.84,3.0,0.01,UPI,2.3,False
ORD-100050,2024-03-16,CUST-54621,India,xiaomi,POCO F5,422.66,2.0,0.137,Credit Card,4.8,1
ORD-100714,25-06-2024,CUST-11852,Inda,Xiaomi,Redmi 12,684.43,2.0,0.334,Debit Card,4.0,False
ORD-104562,2022-11-08,CUST-41586,Brazil,apple,iPhone 15,663.23,2.0,0.022,UPI,3.9,0
ORD-102840,,CUST-91991,Japan,SAMSUNG,Galaxy S23,1278.25,3.0,0.101,PayPal,3.5,False
ORD-102446,30-12-2022,CUST-17756,Japan,oneplus,OnePlus 11,,4.0,0.059,Credit Card,1.6,False
ORD-104948,2024-02-06,CUST-82496,USA,Apple,iPhone SE,1260.81,1.0,0.38,Debit Card,1.3,True
ORD-104597,2022-08-05,CUST-62841,FRANCE,OnePlus,OnePlus 12,231.66,4.0,0.157,PayPal,4.3,1
ORD-104670,,CUST-16773,France,Samsung,Galaxy Z Fold 5,1405.59,,0.188,COD,3.4,yes
ORD-103125,27-09-2022,CUST-88853,Canada,Samsung,Galaxy A54,1388.66,5.0,0.165,COD,1.8,0
ORD-102666,2024-01-18,CUST-16695,USA,OnePlus,OnePlus 11,921.06,5.0,0.374,PayPal,4.3,False
ORD-100406,10-11-2022,CUST-89697,Australia,Samsung,Galaxy S23,563.44,3.0,0.203,PayPal,3.5,True
ORD-103479,04-10-2023,CUST-41195,Japan,GOOGLE,Pixel 8 Pro,736.19,5.0,0.083,COD,2.6,False
ORD-101004,05/17/2024,CUST-26661,France,Google,Pixel 8 Pro,,1.0,0.264,Debit Card,3.1,False
ORD-104996,2024-09-17,CUST-34927,Japan,Apple,iPhone SE,1499.51,3.0,0.198,Bank Transfer,2.8,no
ORD-100890,05/10/2022,CUST-22305,Japan,Motorola,Edge 40 Pro,1125.24,2.0,0.369,PayPal,1.5,0
ORD-102411,0000-00-00,CUST-67118,germany,Google,Pixel 8 Pro,856.87,2.0,0.388,PayPal,2.4,
ORD-102545,25-07-2023,CUST-88011,Australia,Sony,Xperia 5 V,1223.62,1.0,0.24,Bank Transfer,1.9,0
ORD-103558,07/13/2024,CUST-18134,Singapore,Motorola,Edge 40 Pro,827.08,1.0,0.137,Bank Transfer,2.2,False
ORD-102390,2022-03-25,CUST-83571,France,Samsung,Galaxy S23,437.01,5.0,0.348,Credit Card,3.2,1
ORD-104076,02-01-2023,CUST-14928,Australia,Samsung,Galaxy Z Fold 5,330.18,3.0,0.317,PayPal,1.5,0
ORD-100042,2022-09-11,CUST-65244,Japan,,iPhone 15 Pro,801.46,4.0,0.364,UPI,4.4,False
ORD-102830,2024-06-12,CUST-23343,usa,Samsung,Galaxy S24,830.99,2.0,0.141,Credit Card,3.0,False
ORD-103428,2024-11-15,CUST-56309,UK,Google,Pixel 8 Pro,520.58,4.0,0.304,Debit Card,1.1,True
ORD-103022,06-12-2024,CUST-66020,,,OnePlus 11,410.02,5.0,0.305,COD,4.6,False
ORD-100303,08/14/2023,CUST-29734,Brazil,ONEPLUS,OnePlus 12,1111.19,3.0,,PayPal,4.3,1
ORD-104587,16-05-2024,CUST-79136,USA,Samsung,Galaxy S24,653.48,4.0,0.281,Bank Transfer,4.9,False
ORD-103877,09/20/2022,CUST-76123,Canada,Samsung,Galaxy Z Fold 5,892.68,1.0,0.361,,3.4,1
ORD-100664,2023-10-17,CUST-36327,Singapore,Xiaomi,Redmi 12,955.79,3.0,,Debit Card,4.5,False
ORD-101177,08/27/2024,CUST-83986,Canada,ONEPLUS,,1251.57,2.0,1.767,UPI,1.3,0
ORD-102676,2022-02-01,CUST-33626,France,Sony,Xperia 5 V,322.74,1.0,0.293,PayPal,2.1,False
ORD-101947,10/10/2023,CUST-73463,USA,Apple,iPhone 14,571.33,2.0,0.316,UPI,1.3,0
ORD-102501,2022-03-10,CUST-98019,France,GOOGLE,Pixel 8 Pro,269.93,2.0,0.391,PayPal,4.9,False
ORD-101473,21-10-2022,CUST-65690,United Kingdom,Sony,Xperia 5 V,206.95,2.0,0.349,Bank Transfer,3.4,0
ORD-103607,2024-05-01,CUST-35838,Canada,GOOGLE,Pixel 7a,1452.12,2.0,0.095,Bank Transfer,2.7,False
ORD-104387,07/24/2022,CUST-34420,USA,xiaomi,Redmi 12,1366.31,-1.0,0.09,,3.3,
ORD-102132,2023-06-09,CUST-72852,Germany,Xiaomi,Redmi 12,743.68,2.0,0.371,UPI,3.5,False
ORD-101026,,CUST-28205,UK,Motorola,Edge 40 Pro,523.62,5.0,0.13,UPI,1.8,True
ORD-102989,2024-12-04,CUST-26464,Canada,google,Pixel 8,,4.0,0.197,Credit Card,3.3,yes
ORD-100961,03/06/2022,CUST-92023,Canada,ONEPLUS,OnePlus 12,,5.0,0.282,COD,2.9,1
ORD-102889,2023-08-08,CUST-49942,Germany,,iPhone 15 Pro,746.58,5.0,-0.012,Credit Card,1.3,False
ORD-103021,09-12-2024,CUST-10176,UK,XIAOMI,Redmi Note 13,99999.0,2.0,0.318,COD,3.4,True
ORD-103015,2023-12-16,CUST-63793,India,Motorola,Moto G53,573.42,3.0,0.26,COD,3.2,1
ORD-103250,2022-06-12,CUST-98300,Singapore,Apple,iPhone 15 Pro,891.4,3.0,0.156,UPI,3.6,1
ORD-102009,21-06-2023,CUST-60086,Australia,Apple,iPhone 14,732.41,5.0,0.026,UPI,2.0,True
ORD-102149,2022-12-18,CUST-21061,Singapore,Apple,iPhone 15,464.01,3.0,0.388,COD,2.6,False
ORD-103442,2023-10-18,CUST-86152,U.S.A,XIAOMI,Xiaomi 14,502.7,3.0,0.118,COD,1.2,False
ORD-102338,10-01-2024,CUST-16849,Brazil,samsung,Galaxy S23,623.99,3.0,0.196,COD,3.2,True
ORD-104024,10/05/2023,CUST-91853,Singapore,Samsung,Galaxy S24,577.59,3.0,,Debit Card,4.8,True
ORD-100304,09-04-2024,CUST-40564,,xiaomi,Xiaomi 14,802.78,3.0,0.154,UPI,1.6,False
ORD-101440,20-02-2024,CUST-54960,India,Apple,iPhone 15 Pro,737.8,4.0,0.278,Debit Card,2.0,False
ORD-101496,28-10-2024,CUST-25391,Singapore,Motorola,Moto G84,550.34,5.0,0.258,UPI,2.0,False
ORD-102652,24-02-2022,CUST-42994,USA,oneplus,OnePlus 12,1392.07,5.0,0.338,UPI,1.6,1
ORD-102875,10/08/2023,CUST-13624,India,OnePlus,OnePlus 12,378.81,1.0,0.199,PayPal,3.2,False
ORD-100916,12-07-2023,CUST-38224,Germany,Samsung,Galaxy Z Fold 5,1166.68,2.0,0.022,PayPal,2.5,True
ORD-104700,05-09-2022,CUST-64559,Singapore,ONEPLUS,OnePlus 11,516.47,1.0,0.306,Credit Card,2.4,no
ORD-104618,26-12-2022,CUST-45105,Germany,google,Pixel 8 Pro,304.35,,0.248,UPI,3.2,True
ORD-102772,,CUST-68227,Brazil,GOOGLE,Pixel 8 Pro,,4.0,0.106,Bank Transfer,4.1,0
ORD-101624,06-10-2024,CUST-75674,Brazil,Google,Pixel 8 Pro,956.14,2.0,0.379,Bank Transfer,1.1,yes
ORD-104651,2023-11-04,CUST-37795,Japan,Google,Pixel 7a,167.5,4.0,0.37,Bank Transfer,4.6,no
ORD-100821,,CUST-83444,Germany,Sony,Xperia 1 V,757.65,4.0,0.154,PayPal,1.4,1
ORD-103418,03/26/2024,CUST-10705,Germany,Sony,Xperia 1 V,1178.39,4.0,0.232,PayPal,2.4,1
ORD-101354,02/18/2024,CUST-80016,France,XIAOMI,POCO F5,523.96,1.0,0.017,Bank Transfer,1.1,True
ORD-104571,08/14/2022,CUST-37236,Japan,OnePlus,OnePlus Nord 3,1294.35,4.0,0.319,COD,3.7,yes
ORD-100850,2022-05-22,CUST-97779,Inda,Samsung,Galaxy A54,870.05,4.0,0.188,Debit Card,4.5,False
ORD-101000,19-07-2023,CUST-97143,Japan,GOOGLE,Pixel 7a,503.24,4.0,0.242,Bank Transfer,4.1,yes
ORD-100231,03/09/2024,CUST-34354,Brazil,Apple,iPhone 15,726.16,3.0,0.017,Debit Card,4.0,True
ORD-100018,10/19/2023,CUST-40081,Brazil,Samsung,Galaxy Z Fold 5,655.14,1.0,0.182,Credit Card,1.9,False
ORD-101637,08/31/2023,CUST-89829,Japan,OnePlus,OnePlus Nord 3,,4.0,0.39,COD,4.0,1
ORD-101667,2024-01-08,CUST-75028,UK,google,Pixel 8,1188.85,5.0,0.314,Debit Card,2.1,0
ORD-100493,28-03-2022,CUST-89516,Singapore,Samsung,Galaxy A54,737.36,5.0,0.174,Credit Card,1.1,1
ORD-101347,10/19/2023,CUST-11193,Japan,Sony,Xperia 10 V,1054.88,2.0,,Bank Transfer,4.1,False
ORD-103018,2024-12-17,CUST-24370,Japan,Sony,Xperia 10 V,1347.97,5.0,,UPI,3.2,False
ORD-103857,11/02/2023,CUST-95637,USA,OnePlus,OnePlus 11,627.49,4.0,0.01,PayPal,1.1,True
ORD-104652,2024-08-02,CUST-42225,USA,Apple,iPhone 14,1273.64,1.0,0.285,Credit Card,2.4,False
ORD-103742,12-08-2024,CUST-26738,Australia,Samsung,Galaxy Z Fold 5,1090.13,5.0,0.395,Credit Card,2.1,True
ORD-103605,06-10-2024,CUST-91843,France,OnePlus,OnePlus 12,1352.0,1.0,0.174,PayPal,2.9,True
ORD-100687,2024-05-04,CUST-25968,GERMANY,ONEPLUS,OnePlus 12,679.61,5.0,0.261,Bank Transfer,4.2,yes
ORD-103861,2024-11-09,CUST-11575,Canada,Google,Pixel 8,609.75,3.0,0.141,,2.4,False
ORD-101608,04-08-2022,CUST-80769,UK,Xiaomi,POCO F5,-999.0,3.0,0.369,COD,4.2,1
ORD-104157,2022-03-22,CUST-31016,Brazil,Motorola,Moto G84,878.79,1.0,0.373,COD,4.8,True
ORD-103523,2024-01-20,CUST-12401,France,Samsung,Galaxy A54,884.64,,0.191,Bank Transfer,1.1,True
ORD-101009,09/02/2022,CUST-77650,Brazil,Samsung,Galaxy A54,991.4,3.0,0.183,UPI,2.1,True
ORD-102408,2024-01-05,CUST-50863,India,Google,Pixel 8,864.6,1.0,0.106,PayPal,2.5,True
ORD-101092,16-02-2023,CUST-89565,Singapore,Apple,iPhone 15,252.86,4.0,0.111,Credit Card,2.8,False
ORD-101327,08-07-2024,CUST-97005,Singapore,Xiaomi,POCO F5,1268.48,1.0,0.096,Debit Card,4.9,True
ORD-101677,2024-08-13,CUST-82752,Germany,Apple,iPhone 15,528.37,2.0,0.173,Bank Transfer,3.7,False
ORD-101999,19-08-2023,CUST-48838,Canada,Motorola,Edge 40 Pro,1353.01,3.0,0.08,UPI,3.5,
ORD-101310,03/30/2024,CUST-49430,France,Samsung,Galaxy Z Fold 5,988.91,5.0,0.089,Credit Card,3.8,0
ORD-103165,2024-01-27,CUST-89884,GERMANY,Motorola,Moto G84,1345.82,1.0,0.355,Debit Card,1.8,True
ORD-104122,06/18/2022,CUST-42846,GERMANY,Samsung,Galaxy S24,483.34,3.0,,Debit Card,4.0,1
ORD-101987,2023-03-15,CUST-48686,India,Xiaomi,POCO F5,993.4,5.0,0.276,UPI,3.4,1
ORD-103778,,CUST-94662,Japan,apple,iPhone 15 Pro,308.76,5.0,-0.077,Credit Card,2.4,False
ORD-100344,10/27/2023,CUST-69695,INDIA,Motorola,Edge 40 Pro,360.15,5.0,0.033,Bank Transfer,2.6,no
ORD-104253,2023-10-30,CUST-24739,usa,Apple,iPhone 14,446.15,3.0,0.398,Debit Card,2.7,no
ORD-100986,14-11-2022,CUST-71883,Japan,Sony,Xperia 1 V,663.2,,0.017,Bank Transfer,1.4,True
ORD-103985,04/10/2024,CUST-99554,Brazil,Xiaomi,POCO F5,201.8,3.0,0.158,Credit Card,4.8,True
ORD-103938,2024-08-05,CUST-43110,UK,GOOGLE,Pixel 8,766.27,3.0,0.388,UPI,4.9,False
ORD-104383,2022-01-13,CUST-96195,India,Samsung,Galaxy S23,681.42,5.0,0.196,Credit Card,4.2,no
ORD-104806,10-02-2024,CUST-63252,Germany,Apple,iPhone 15,522.61,2.0,0.337,Bank Transfer,3.6,True
ORD-104200,12/05/2024,CUST-12630,Brazil,Apple,iPhone 15 Pro,669.53,1.0,0.196,COD,2.3,False
ORD-104561,2024-02-18,CUST-41446,USA,XIAOMI,POCO F5,1237.98,5.0,0.373,Bank Transfer,3.5,True
ORD-101142,2023-06-29,CUST-19180,Germany,Motorola,Moto G53,1095.36,3.0,0.206,PayPal,4.7,no
ORD-102358,07/17/2023,CUST-69345,Japan,xiaomi,Redmi Note 13,349.69,3.0,0.307,UPI,3.7,0
ORD-101198,2023-02-08,CUST-39131,UK,xiaomi,Redmi 12,902.65,3.0,0.213,,2.3,True
ORD-100085,28-11-2023,CUST-47499,Australia,GOOGLE,Pixel 7a,-999.0,1.0,0.31,Debit Card,3.6,False
ORD-101518,05-11-2024,CUST-75246,Canada,Xiaomi,Redmi 12,1218.08,1.0,0.398,COD,2.2,no
ORD-100516,2024-01-22,CUST-78144,UK,XIAOMI,Redmi Note 13,1184.7,5.0,-0.015,COD,1.5,False
ORD-101381,2022-08-03,CUST-42543,Germany,oneplus,OnePlus Nord 3,995.89,2.0,0.256,Credit Card,3.7,1
ORD-102716,01/30/2024,CUST-67912,Australia,apple,iPhone 15,1294.43,5.0,0.38,PayPal,1.5,False
ORD-104782,07-12-2023,CUST-19443,INDIA,Motorola,Moto G84,1118.78,3.0,0.212,Credit Card,4.5,True
ORD-101014,05-07-2024,CUST-95586,,Apple,,670.87,2.0,0.101,COD,1.4,yes
ORD-100128,08-07-2024,CUST-42384,,Motorola,Moto G53,,3.0,0.092,Debit Card,4.8,0
ORD-101364,12/04/2022,CUST-18656,USA,apple,iPhone 15,811.63,3.0,0.055,COD,3.5,False
ORD-103752,,CUST-29343,Germany,samsung,Galaxy S24,1276.86,5.0,0.108,UPI,4.2,0
ORD-104104,21-02-2024,CUST-91209,Australia,Apple,iPhone 15 Pro,1125.06,2.0,0.032,COD,1.9,1
ORD-103240,09-04-2022,CUST-53998,Singapore,Sony,Xperia 10 V,835.32,3.0,0.076,Credit Card,2.3,False
ORD-100891,19-05-2024,CUST-16262,France,SAMSUNG,,270.73,3.0,0.223,UPI,4.6,1
ORD-102793,18-09-2023,CUST-59451,UK,Apple,iPhone 15 Pro,299.82,2.0,0.282,Bank Transfer,1.1,False
ORD-104792,10/22/2022,CUST-51633,Germany,Samsung,,1061.29,2.0,0.093,COD,3.0,0
ORD-101359,01/11/2024,CUST-56979,Canada,Apple,iPhone 15,1367.6,3.0,0.125,Debit Card,3.4,False
ORD-100307,2022-01-13,CUST-49157,UK,GOOGLE,Pixel 7a,857.1,5.0,0.159,COD,2.0,True
ORD-101661,05-01-2023,CUST-30155,,samsung,Galaxy S24,487.99,3.0,0.257,UPI,3.1,
ORD-102431,2024-10-30,CUST-54527,Brazil,Sony,Xperia 5 V,760.56,5.0,0.263,Bank Transfer,2.9,True
ORD-104705,2024-11-19,CUST-13612,Australia,Apple,iPhone 14,778.55,3.0,0.212,Credit Card,4.1,False
ORD-101317,2023-03-16,CUST-42955,Germany,samsung,Galaxy A54,1206.38,5.0,0.19,Debit Card,4.3,0
ORD-104374,02/24/2023,CUST-64997,Australia,samsung,Galaxy S24,1196.32,3.0,0.116,UPI,3.9,no
ORD-102474,10/20/2022,CUST-32863,UK,,OnePlus 12,957.15,5.0,0.224,UPI,1.5,False
ORD-102542,08-11-2024,CUST-89377,Japan,Apple,iPhone 15 Pro,998.55,5.0,0.052,COD,4.2,yes
ORD-101246,08-09-2022,CUST-35757,France,Apple,iPhone 14,1197.42,1.0,0.318,Debit Card,2.0,True
ORD-103779,27-09-2022,CUST-60906,UK,APPLE,iPhone 15,0.0,5.0,0.342,PayPal,1.2,1
ORD-101208,2023-04-28,CUST-82038,Canada,SAMSUNG,Galaxy Z Fold 5,300.79,1.0,0.214,COD,-1.0,0
ORD-100216,2022-02-19,CUST-88625,France,Motorola,Edge 40 Pro,943.99,2.0,0.083,PayPal,4.5,False
ORD-104453,02-01-2022,CUST-80754,Canada,Google,Pixel 8 Pro,1462.52,4.0,0.135,COD,2.7,False
ORD-104763,18-10-2022,CUST-41103,Singapore,Sony,Xperia 1 V,676.61,2.0,0.022,Bank Transfer,1.3,no
ORD-101239,10-07-2023,CUST-16775,Australia,Samsung,Galaxy S23,491.19,2.0,0.341,UPI,4.0,True
ORD-102289,29-04-2022,CUST-43470,Singapore,XIAOMI,POCO F5,625.19,3.0,0.015,Bank Transfer,2.1,1
ORD-102740,2023-11-18,CUST-96083,Canada,Sony,Xperia 5 V,,4.0,0.243,PayPal,2.2,0
ORD-100275,2022-06-22,CUST-75723,India,ONEPLUS,OnePlus 12,1107.98,5.0,0.363,Debit Card,3.3,False
ORD-100489,2022-02-06,CUST-87938,France,Apple,iPhone 14,480.59,5.0,1.485,Bank Transfer,1.1,0
ORD-101035,07/27/2022,CUST-43952,Brazil,oneplus,,763.79,2.0,0.231,Debit Card,3.7,True
ORD-101229,2022-10-11,CUST-12322,India,Sony,Xperia 5 V,1090.32,4.0,-0.073,PayPal,2.0,False
ORD-104922,05/24/2023,CUST-88008,Australia,Sony,Xperia 1 V,935.92,5.0,0.187,PayPal,4.8,yes
ORD-101008,26-02-2022,CUST-61663,Brazil,OnePlus,OnePlus 12,1422.94,3.0,0.003,Bank Transfer,4.4,False
ORD-104783,07/29/2023,CUST-60872,Canada,Apple,iPhone 15,1108.25,3.0,0.113,PayPal,2.1,False
ORD-103238,07/31/2024,CUST-51349,Canada,xiaomi,Redmi Note 13,986.84,2.0,0.298,Debit Card,4.5,False
ORD-103299,11-05-2022,CUST-94948,,Sony,Xperia 5 V,744.29,2.0,0.061,Debit Card,1.0,False
ORD-102532,2023-11-09,CUST-51130,Canada,Motorola,Edge 40 Pro,177.65,1.0,0.257,Credit Card,3.0,True
ORD-104236,2023-02-04,CUST-87421,Singapore,Apple,iPhone SE,261.29,1.0,0.055,COD,1.1,True
ORD-101058,2023-08-09,CUST-40229,Brazil,oneplus,OnePlus 11,1483.38,5.0,0.071,,2.9,True
ORD-102166,12-08-2023,CUST-61221,Japan,Motorola,Moto G53,350.69,5.0,0.232,COD,4.1,yes
ORD-104165,06-03-2024,CUST-30150,France,Motorola,Moto G53,1375.58,4.0,0.144,PayPal,3.9,True
ORD-103494,04/18/2022,CUST-37913,Singapore,Motorola,Edge 40 Pro,228.61,2.0,0.274,Credit Card,1.4,False
ORD-100281,02-01-2022,CUST-80051,Japan,Apple,iPhone 15 Pro,1227.52,1.0,,,2.7,False
ORD-103691,07/25/2024,CUST-92297,Japan,xiaomi,Xiaomi 14,420.66,2.0,0.178,Bank Transfer,3.1,False
ORD-101316,06/02/2024,CUST-83908,Singapore,OnePlus,OnePlus Nord 3,841.62,2.0,0.305,UPI,4.3,0
ORD-100080,31-12-2024,CUST-38443,Australia,Google,Pixel 8,798.81,4.0,0.116,Credit Card,3.3,yes
ORD-100968,10/27/2022,CUST-15906,Japan,Sony,Xperia 5 V,814.73,3.0,0.023,Credit Card,4.1,True
ORD-104959,05-04-2023,CUST-39918,Singapore,Xiaomi,Redmi Note 13,359.35,3.0,0.044,PayPal,6.5,True
ORD-104056,01/18/2023,CUST-98197,U.S.A,Sony,Xperia 1 V,529.51,3.0,0.235,PayPal,1.8,yes
ORD-104361,2023-11-01,CUST-52134,Singapore,Motorola,Moto G53,796.12,4.0,0.301,Bank Transfer,2.6,True
ORD-104267,14-02-2024,CUST-72447,Germany,oneplus,OnePlus 12,1258.91,5.0,0.06,Credit Card,3.1,False
ORD-100619,07/09/2023,CUST-59828,,Samsung,Galaxy Z Fold 5,1126.26,2.0,0.169,Credit Card,3.3,no
ORD-103352,,CUST-95083,Germany,,Galaxy S23,,5.0,0.243,Bank Transfer,4.4,False
ORD-101742,04/19/2024,CUST-73480,Germany,OnePlus,OnePlus 12,341.62,,0.268,Bank Transfer,1.2,no
ORD-101390,30-04-2023,CUST-73952,Japan,google,Pixel 7a,627.1,5.0,0.024,Credit Card,2.4,1
ORD-104729,2023-10-11,CUST-46506,India,Sony,Xperia 10 V,1282.7,1.0,0.389,,3.6,no
ORD-101847,01/12/2024,CUST-12409,Japan,Google,Pixel 8,565.99,5.0,0.158,COD,3.4,0
ORD-101579,2024-06-30,CUST-83806,Singapore,samsung,Galaxy S24,,4.0,0.248,COD,1.1,1
ORD-101655,02-02-2024,CUST-72055,Canada,Sony,Xperia 1 V,703.84,3.0,0.246,PayPal,2.0,0
ORD-102352,05-10-2023,CUST-92803,Canada,ONEPLUS,OnePlus Nord 3,636.99,999.0,0.067,PayPal,,1
ORD-102212,2024-08-21,CUST-16508,USA,Sony,Xperia 10 V,360.14,1.0,0.365,PayPal,1.4,False
ORD-102020,2023-02-14,CUST-58873,India,OnePlus,OnePlus Nord 3,157.66,5.0,0.006,UPI,4.8,yes
ORD-102002,05/25/2024,CUST-52108,Australia,Samsung,Galaxy S24,1335.22,1.0,0.195,Credit Card,2.3,0
ORD-101956,26-02-2023,CUST-60164,Canada,Motorola,Edge 40 Pro,1243.02,2.0,0.386,Bank Transfer,2.9,1
ORD-103708,28-11-2022,CUST-55923,USA,Samsung,Galaxy A54,560.47,1.0,0.376,UPI,3.8,False
ORD-101307,14-08-2023,CUST-22231,India,apple,iPhone 15 Pro,1108.41,3.0,0.234,UPI,,
ORD-102003,10/17/2024,CUST-79563,Japan,Samsung,Galaxy S23,1155.31,5.0,0.144,Credit Card,1.3,0
ORD-104529,01/11/2023,CUST-45852,Japan,Google,Pixel 7a,273.91,3.0,0.172,PayPal,3.3,False
ORD-100575,14-03-2023,CUST-72226,India,Motorola,Moto G84,547.78,5.0,0.152,COD,3.8,1
ORD-102360,2023-01-15,CUST-47781,Japan,xiaomi,Xiaomi 14,775.37,5.0,-0.094,PayPal,2.1,False
ORD-104270,11/03/2023,CUST-65907,Germany,APPLE,iPhone 15 Pro,391.73,1.0,0.065,Bank Transfer,1.5,False
ORD-104510,02/13/2023,CUST-34121,USA,Xiaomi,Xiaomi 14,594.2,5.0,0.208,Debit Card,3.9,False
ORD-101706,02/17/2023,CUST-38968,Brazil,oneplus,,984.98,1.0,0.252,COD,4.8,True
ORD-103872,16-10-2022,CUST-53883,Brazil,GOOGLE,Pixel 8 Pro,703.81,4.0,0.244,Bank Transfer,3.5,1
ORD-104055,10/19/2022,CUST-21157,UK,oneplus,OnePlus 11,1398.38,3.0,0.309,Debit Card,4.7,False
ORD-101280,28-11-2024,CUST-17977,Australia,Xiaomi,Xiaomi 14,1402.3,5.0,0.363,Debit Card,4.6,yes
ORD-100861,05/06/2022,CUST-55983,UK,Google,Pixel 7a,622.06,4.0,0.169,Bank Transfer,3.3,yes
ORD-104212,03/20/2024,CUST-56063,India,xiaomi,Redmi 12,1131.88,5.0,0.149,Debit Card,,False
ORD-101801,2023-06-11,CUST-86540,France,SAMSUNG,Galaxy S23,1227.2,4.0,0.224,Debit Card,1.6,1
ORD-101628,12/30/2024,CUST-74077,India,Samsung,Galaxy S24,794.77,3.0,0.204,PayPal,1.9,False
ORD-101993,25-07-2022,CUST-75307,Brazil,ONEPLUS,OnePlus 11,712.29,4.0,0.161,,2.2,False
ORD-102639,01/13/2024,CUST-77482,Singapore,APPLE,iPhone 15 Pro,,2.0,0.265,COD,2.5,yes
ORD-100269,21-10-2022,CUST-15563,USA,XIAOMI,Redmi 12,675.59,1.0,0.119,PayPal,2.2,
ORD-100629,2022-07-19,CUST-10548,Canada,oneplus,OnePlus 11,863.89,2.0,0.158,Credit Card,4.7,1
ORD-103081,2023-05-23,CUST-65295,France,APPLE,iPhone SE,719.34,2.0,0.14,Credit Card,3.8,False
ORD-102334,08-03-2022,CUST-50962,USA,OnePlus,OnePlus Nord 3,1251.85,2.0,0.205,PayPal,3.8,1
ORD-102966,04-01-2024,CUST-39887,Germany,oneplus,OnePlus 12,1418.28,4.0,0.297,PayPal,2.0,False
ORD-100300,09/22/2024,CUST-53730,India,oneplus,OnePlus 11,,4.0,0.072,PayPal,3.6,False
ORD-100459,01/05/2024,CUST-54848,Japan,apple,iPhone SE,958.22,5.0,0.213,Credit Card,1.8,False
ORD-101447,2023-01-08,CUST-30992,France,Apple,iPhone 14,382.22,3.0,0.394,UPI,4.4,False
ORD-101472,12/10/2022,CUST-64439,France,,OnePlus 12,881.09,3.0,0.384,Credit Card,1.2,yes
ORD-102046,07/22/2023,CUST-39518,Singapore,google,Pixel 8,1304.27,5.0,0.398,Debit Card,2.4,1
ORD-104296,16-05-2023,CUST-50150,United States,google,Pixel 7a,922.79,4.0,0.149,Debit Card,1.9,False
ORD-103894,,CUST-21250,Singapore,OnePlus,OnePlus Nord 3,295.44,5.0,0.315,PayPal,1.9,False
ORD-102113,2023-11-02,CUST-77772,Singapore,XIAOMI,Xiaomi 14,724.54,3.0,0.354,Debit Card,4.4,True
ORD-100027,28-06-2024,CUST-54293,Canada,Google,Pixel 8 Pro,1179.41,4.0,0.126,UPI,1.6,False
ORD-103971,01/11/2023,CUST-28975,Brazil,oneplus,OnePlus 12,822.31,0.0,0.137,COD,4.0,yes
ORD-104596,09/30/2022,CUST-83567,Australia,Apple,iPhone 15,691.98,5.0,0.103,UPI,3.1,0
ORD-103681,16-07-2022,CUST-19825,USA,Sony,Xperia 10 V,586.59,4.0,0.141,COD,3.5,True
ORD-100837,09/25/2022,CUST-62753,Singapore,Xiaomi,Redmi Note 13,1310.72,2.0,0.277,Credit Card,4.3,0
ORD-103958,2024-09-28,CUST-17242,Singapore,Samsung,Galaxy S24,1326.01,1.0,0.039,Bank Transfer,1.8,no
ORD-104521,05/01/2022,CUST-60120,France,Samsung,Galaxy S24,335.69,4.0,0.037,PayPal,3.6,yes
ORD-102008,03/02/2024,CUST-90965,Singapore,Samsung,Galaxy S24,,2.0,0.253,Debit Card,4.2,no
ORD-104986,2024-05-15,CUST-47290,,Sony,Xperia 5 V,934.22,3.0,0.022,COD,2.9,False
ORD-100503,05/01/2024,CUST-79541,France,Xiaomi,Redmi 12,722.88,5.0,0.114,Debit Card,1.4,False
ORD-104494,07/05/2022,CUST-76881,GERMANY,Apple,iPhone 15 Pro,1437.54,4.0,0.175,Bank Transfer,4.2,False
ORD-104375,2024-04-25,CUST-70631,Japan,ONEPLUS,OnePlus 11,1356.48,4.0,0.397,COD,2.0,False
ORD-100380,07/10/2023,CUST-13462,Germany,OnePlus,OnePlus 12,1359.46,,0.263,,2.9,True
ORD-101851,12/19/2024,CUST-26147,,Apple,iPhone SE,902.24,3.0,0.114,PayPal,4.2,1
ORD-101525,11-03-2023,CUST-15940,Germany,OnePlus,OnePlus 11,620.82,3.0,0.274,COD,1.1,False
ORD-102365,14-03-2024,CUST-36339,Canada,samsung,,1139.46,4.0,0.079,COD,4.0,False
ORD-103346,2024-05-19,CUST-94236,USA,Apple,iPhone SE,298.04,5.0,0.281,PayPal,4.8,0
ORD-103052,2023-07-28,CUST-91188,Inda,Xiaomi,Redmi Note 13,1340.01,5.0,0.187,Credit Card,2.9,True
ORD-102884,14-11-2024,CUST-69514,Brazil,OnePlus,,219.29,,0.137,UPI,2.7,False
ORD-102340,2024-11-11,CUST-98721,Australia,Apple,iPhone 15 Pro,241.95,1.0,0.239,Bank Transfer,4.8,False
ORD-100374,09/05/2022,CUST-60273,Germany,Apple,iPhone 14,842.48,1.0,0.201,Credit Card,2.4,1
ORD-103378,2023-08-22,CUST-76852,USA,xiaomi,Redmi 12,798.46,3.0,0.333,COD,2.4,True
ORD-102381,2024-05-23,CUST-30155,France,Apple,,912.45,4.0,0.105,PayPal,4.7,False
ORD-104655,2023-06-13,CUST-68753,India,Sony,,229.08,5.0,0.173,Debit Card,1.5,True
ORD-100939,09/11/2022,CUST-67668,India,Apple,iPhone 15 Pro,1120.49,4.0,0.153,Credit Card,1.9,no
ORD-103984,03/01/2024,CUST-89372,Brazil,Apple,iPhone 15 Pro,1468.14,3.0,0.366,Credit Card,1.8,0
ORD-104232,12-06-2024,CUST-82337,Canada,Apple,iPhone 14,738.9,1.0,0.217,Debit Card,3.6,0
ORD-102799,2023-07-05,CUST-74248,Australia,google,Pixel 8,859.68,1.0,0.295,Bank Transfer,4.0,yes
ORD-102147,02/20/2022,CUST-19911,India,Motorola,Moto G53,947.63,2.0,0.356,UPI,2.5,True
ORD-103949,09-02-2022,CUST-95367,Brazil,Samsung,Galaxy S23,454.67,4.0,0.263,Credit Card,4.3,True
ORD-104614,16-10-2023,CUST-18293,Germany,Xiaomi,Redmi 12,217.53,2.0,0.372,UPI,1.5,True
ORD-104284,07/16/2024,CUST-39845,UK,Samsung,Galaxy S23,,4.0,0.141,Bank Transfer,3.5,
ORD-102068,2022-12-26,CUST-50074,Brazil,Motorola,Moto G53,276.8,3.0,0.09,COD,2.3,
ORD-100529,09/12/2022,CUST-75546,USA,google,Pixel 8,941.56,5.0,,Credit Card,2.7,False
ORD-103860,04/08/2023,CUST-21330,Inda,Sony,Xperia 10 V,928.57,3.0,0.084,UPI,3.6,False
ORD-100636,10-03-2022,CUST-78576,Japan,Samsung,Galaxy S24,450.18,4.0,0.062,UPI,3.6,False
ORD-101269,07/01/2022,CUST-20892,Japan,Samsung,Galaxy A54,1006.93,5.0,0.287,PayPal,1.5,0
ORD-100185,2024-04-26,CUST-29056,UK,Google,Pixel 8,1017.12,1.0,0.048,Debit Card,1.9,False
ORD-103950,01-09-2022,CUST-38685,U.K.,OnePlus,,887.3,1.0,0.011,Bank Transfer,2.9,True
ORD-103296,08/25/2023,CUST-38344,India,Xiaomi,POCO F5,,1.0,0.195,COD,1.2,False
ORD-103576,2023-10-05,CUST-75071,Canada,Sony,Xperia 5 V,1134.44,5.0,0.304,UPI,3.5,False
ORD-101797,14-02-2023,CUST-27656,Brazil,Xiaomi,Redmi 12,1018.13,2.0,0.297,Bank Transfer,1.3,True
ORD-102979,2024-10-01,CUST-67669,Brazil,xiaomi,POCO F5,1192.05,5.0,,Debit Card,4.3,False
ORD-101441,19-01-2024,CUST-30683,India,Motorola,Moto G84,1070.3,5.0,0.362,Bank Transfer,4.2,no
ORD-103548,2022-07-18,CUST-69783,INDIA,ONEPLUS,OnePlus 11,958.88,4.0,0.077,COD,4.5,False
ORD-104953,2023-04-10,CUST-86913,UK,apple,iPhone 15 Pro,435.08,1.0,0.168,Credit Card,3.0,True
ORD-101535,20-07-2024,CUST-23300,India,Samsung,Galaxy A54,583.67,5.0,0.099,Credit Card,,yes
ORD-103565,2022-06-02,CUST-57095,France,Sony,Xperia 1 V,1302.77,5.0,0.088,PayPal,3.7,True
ORD-103188,08/25/2024,CUST-70659,UK,samsung,Galaxy A54,1289.68,4.0,0.045,,2.7,yes
ORD-101273,2023-10-23,CUST-23767,Canada,GOOGLE,Pixel 8,831.69,4.0,0.033,UPI,4.1,yes
ORD-102467,2023-09-15,CUST-95579,India,Google,,751.54,4.0,0.326,Debit Card,3.5,False
ORD-100607,08/09/2024,CUST-98280,Japan,Motorola,Edge 40 Pro,969.62,5.0,0.341,Credit Card,2.7,no
ORD-104520,04/13/2023,CUST-20716,Canada,Xiaomi,Xiaomi 14,202.91,1.0,0.286,PayPal,4.2,False
ORD-101712,14-05-2023,CUST-63014,Canada,XIAOMI,Redmi Note 13,,4.0,0.09,PayPal,2.6,False
ORD-102199,2022-12-10,CUST-67124,Australia,Google,Pixel 8,311.4,1.0,0.126,Debit Card,2.1,False
ORD-100955,04/28/2024,CUST-90032,Australia,Samsung,Galaxy S24,1281.67,5.0,0.223,Credit Card,1.7,False
ORD-102579,06/20/2022,CUST-43860,UK,samsung,Galaxy Z Fold 5,484.09,1.0,0.324,Credit Card,2.6,False
ORD-104243,17-07-2024,CUST-25547,France,,iPhone 14,1416.36,5.0,0.31,COD,4.4,no
ORD-104498,07/02/2023,CUST-14590,USA,,POCO F5,1003.54,1.0,,COD,4.3,False
ORD-103501,12-10-2024,CUST-27694,,samsung,Galaxy S24,369.88,3.0,0.193,Bank Transfer,2.2,False
ORD-103815,,CUST-32191,INDIA,samsung,Galaxy Z Fold 5,707.28,2.0,0.178,Credit Card,1.9,True
ORD-100403,2023-09-27,CUST-34348,Australia,APPLE,iPhone SE,1022.02,1.0,0.274,UPI,1.4,True
ORD-102071,01/04/2024,CUST-97928,Japan,GOOGLE,Pixel 8 Pro,548.14,5.0,0.269,,3.7,False
ORD-104833,17-05-2022,CUST-61881,UK,xiaomi,Redmi 12,,4.0,0.347,PayPal,4.0,1
ORD-101977,09-06-2023,CUST-63869,Singapore,Samsung,Galaxy S23,740.52,1.0,0.168,UPI,2.1,0
ORD-100158,2024-09-26,CUST-16120,Japan,Motorola,Edge 40 Pro,1238.63,1.0,0.398,,1.4,True
ORD-101748,12-02-2022,CUST-85726,Singapore,xiaomi,Xiaomi 14,509.06,4.0,0.233,UPI,1.1,False
ORD-102909,2023-09-02,CUST-20017,Australia,APPLE,iPhone 14,1454.3,2.0,0.318,PayPal,2.7,1
ORD-103658,04-04-2023,CUST-79148,USA,SAMSUNG,Galaxy S23,1426.74,5.0,0.013,Debit Card,3.3,
ORD-100902,07/05/2022,CUST-35454,Japan,OnePlus,OnePlus 11,1301.24,2.0,0.208,PayPal,2.6,no
ORD-100352,10/16/2024,CUST-53307,Australia,Samsung,Galaxy S24,919.01,,1.502,PayPal,1.0,False
ORD-101230,01-09-2022,CUST-39277,Inda,oneplus,OnePlus 12,904.87,1.0,0.059,COD,2.7,False
ORD-104746,2024-08-04,CUST-16837,Japan,Google,Pixel 8,870.95,4.0,0.372,COD,1.2,False
ORD-102140,2022-07-12,CUST-88046,Brazil,Sony,Xperia 1 V,796.42,3.0,0.278,Bank Transfer,4.7,True
ORD-100444,08/21/2023,CUST-22971,Canada,Apple,iPhone 15,1176.08,5.0,0.048,Debit Card,1.6,0
ORD-102251,20-01-2024,CUST-22288,Singapore,Apple,iPhone 14,648.93,2.0,0.251,COD,2.0,False
ORD-100754,2024-12-20,CUST-48572,France,Google,Pixel 8 Pro,718.68,4.0,0.205,Bank Transfer,2.0,True
ORD-101737,2022-11-06,CUST-99226,Canada,APPLE,iPhone 15 Pro,765.91,1.0,0.293,PayPal,1.4,no
ORD-102971,2024-10-28,CUST-46182,Canada,Motorola,Moto G84,1408.86,2.0,0.245,PayPal,3.1,1
ORD-102575,10/13/2024,CUST-75353,Japan,Motorola,Moto G84,192.97,5.0,0.11,COD,4.2,no
ORD-102920,2023-11-06,CUST-66061,Brazil,,Xiaomi 14,426.73,5.0,0.2,Credit Card,5.0,no
ORD-100311,24-03-2024,CUST-19523,Japan,GOOGLE,Pixel 7a,916.18,,0.028,Credit Card,3.7,True
ORD-100548,09/03/2024,CUST-36603,Australia,Motorola,Moto G53,428.21,4.0,0.042,PayPal,2.1,0
ORD-100661,21-12-2022,CUST-22721,Inda,OnePlus,OnePlus 12,1210.99,1.0,0.289,Debit Card,1.6,1
ORD-104839,05/13/2022,CUST-77734,Australia,SAMSUNG,Galaxy A54,1382.07,4.0,0.344,COD,1.9,
ORD-101989,20-03-2024,CUST-39662,Brazil,OnePlus,OnePlus 12,1112.0,5.0,0.102,Debit Card,4.7,False
ORD-100306,02-10-2023,CUST-10037,France,ONEPLUS,OnePlus Nord 3,192.17,4.0,0.1,Credit Card,2.8,0
ORD-102335,2022-02-10,CUST-92491,USA,APPLE,iPhone 15 Pro,1045.8,3.0,0.132,Credit Card,4.8,False
ORD-100694,09/16/2023,CUST-13355,Germany,xiaomi,Redmi Note 13,167.44,3.0,0.084,COD,3.7,False
ORD-102356,2023-08-22,CUST-41823,Canada,Apple,iPhone 15 Pro,1169.28,1.0,0.089,Bank Transfer,0.0,False
ORD-101927,26-01-2024,CUST-95808,Singapore,oneplus,OnePlus 12,749.08,5.0,0.203,PayPal,4.1,False
ORD-100684,08-03-2024,CUST-25336,France,OnePlus,OnePlus 11,1264.28,2.0,0.157,PayPal,4.9,0
ORD-100749,05/29/2022,CUST-18141,Japan,OnePlus,OnePlus 12,901.89,5.0,0.273,UPI,0.0,False
ORD-103613,06/16/2023,CUST-42724,india,Sony,Xperia 10 V,348.26,4.0,0.105,Debit Card,2.9,1
ORD-103364,02-09-2023,CUST-27110,India,XIAOMI,Redmi 12,1353.41,4.0,0.363,COD,4.6,0
ORD-101266,2024-08-14,CUST-57027,France,Samsung,Galaxy A54,619.54,2.0,0.116,PayPal,2.3,True
ORD-103403,29-04-2024,CUST-57256,india ,oneplus,,1042.44,,0.27,Debit Card,1.4,0
ORD-103653,2024-09-22,CUST-29244,France,Google,Pixel 7a,1378.36,5.0,0.089,Debit Card,3.4,0
ORD-104825,2024-11-02,CUST-69319,UK,xiaomi,Xiaomi 14,1214.46,4.0,0.374,PayPal,1.2,1
ORD-102134,02/07/2022,CUST-25326,Australia,Xiaomi,,1429.35,5.0,0.389,PayPal,4.4,no
ORD-103083,26-06-2024,CUST-84770,,Motorola,Moto G84,998.66,3.0,0.205,Bank Transfer,1.0,False
ORD-103061,2024-06-08,CUST-42829,usa,xiaomi,POCO F5,235.83,5.0,0.392,Bank Transfer,4.7,False
ORD-103025,,CUST-61057,Canada,OnePlus,OnePlus Nord 3,929.99,4.0,,Bank Transfer,,1
ORD-100970,,CUST-55479,France,Google,Pixel 7a,998.75,3.0,0.373,PayPal,1.8,0
ORD-100013,30-06-2022,CUST-95759,Germany,,Edge 40 Pro,1356.14,5.0,,Credit Card,2.5,0
ORD-100873,2023-09-10,CUST-40632,Canada,apple,iPhone 14,1287.77,4.0,0.373,Bank Transfer,2.9,0
ORD-100808,29-08-2023,CUST-44340,UK,APPLE,iPhone 14,1214.86,1.0,0.05,Credit Card,3.5,False
ORD-103198,10/18/2024,CUST-73901,Brazil,google,Pixel 7a,938.6,2.0,0.122,Debit Card,3.3,False
ORD-100514,05/04/2024,CUST-73919,UK,Xiaomi,POCO F5,539.07,1.0,0.143,Bank Transfer,3.3,True
ORD-104546,11/03/2023,CUST-82109,Japan,Sony,Xperia 10 V,225.71,,0.284,Bank Transfer,,False
ORD-100409,13-05-2024,CUST-37570,UK,,iPhone 15 Pro,-999.0,5.0,0.22,UPI,3.4,no
ORD-103529,2024-12-26,CUST-56996,india,APPLE,iPhone SE,912.52,4.0,0.002,PayPal,2.4,False
ORD-104933,2022-01-05,CUST-30317,Japan,GOOGLE,Pixel 8 Pro,561.27,3.0,0.176,UPI,4.6,False
ORD-100207,19-06-2022,CUST-86192,uk,apple,iPhone 15 Pro,593.84,1.0,0.066,PayPal,4.5,True
ORD-103524,2023-04-21,CUST-68199,USA,Samsung,Galaxy A54,1170.64,2.0,0.159,PayPal,,False
ORD-100458,02/12/2022,CUST-79255,UK,OnePlus,OnePlus 11,1486.18,3.0,0.074,PayPal,3.7,no
ORD-103595,2024-07-30,CUST-83499,Germany,Motorola,Moto G84,1024.95,4.0,0.056,Debit Card,4.5,0
ORD-102430,12/15/2024,CUST-38479,UK,GOOGLE,Pixel 8,298.92,3.0,0.265,Credit Card,1.4,False
ORD-103787,09/08/2022,CUST-36327,UK,Google,Pixel 8,259.26,4.0,0.392,COD,1.7,True
ORD-100110,2023-09-02,CUST-35455,India,Samsung,Galaxy S23,728.02,1.0,0.139,UPI,3.7,True
ORD-104184,10/29/2022,CUST-49279,,xiaomi,POCO F5,380.3,,0.378,Credit Card,,no
ORD-101107,30-09-2022,CUST-88914,Brazil,Xiaomi,POCO F5,1151.37,4.0,0.337,PayPal,4.0,1
ORD-101883,11-06-2023,CUST-67620,Australia,Xiaomi,Xiaomi 14,,2.0,0.108,COD,1.6,True
ORD-101713,26-11-2022,CUST-69204,Canada,XIAOMI,POCO F5,514.27,1.0,0.254,UPI,2.1,1
ORD-104095,2024-02-24,CUST-89630,USA,Apple,iPhone SE,624.03,4.0,0.073,PayPal,3.7,no
ORD-103520,12/20/2023,CUST-26938,United Kingdom,samsung,Galaxy S23,378.3,2.0,0.154,PayPal,1.3,
ORD-100552,09/07/2022,CUST-41731,India,Google,Pixel 8 Pro,389.39,2.0,0.155,COD,2.9,False
ORD-101439,14-07-2023,CUST-32856,Australia,OnePlus,OnePlus Nord 3,556.36,5.0,0.183,Bank Transfer,1.4,yes
ORD-102270,2022-05-09,CUST-69802,Brazil,,POCO F5,485.89,2.0,0.375,COD,4.3,False
ORD-103144,10/16/2023,CUST-70788,UK,samsung,Galaxy A54,195.59,3.0,0.024,UPI,1.4,False
ORD-102821,2024-12-16,CUST-68899,France,OnePlus,OnePlus 12,338.8,3.0,0.388,Bank Transfer,1.5,1
ORD-101897,08/14/2023,CUST-75143,India,Motorola,Moto G53,1041.73,1.0,0.158,PayPal,4.2,yes
ORD-101925,2023-03-26,CUST-85533,U.K.,Google,Pixel 8 Pro,253.16,4.0,0.055,UPI,1.1,no
ORD-100634,29-06-2023,CUST-55538,india,ONEPLUS,OnePlus 11,989.32,3.0,1.864,UPI,2.4,False
ORD-104883,26-03-2024,CUST-82654,usa,Motorola,,918.42,2.0,0.309,Bank Transfer,3.4,0
ORD-100316,12/27/2023,CUST-55737,Singapore,XIAOMI,POCO F5,629.73,4.0,0.063,Credit Card,1.9,0
ORD-104541,05/28/2022,CUST-34238,India,Motorola,Edge 40 Pro,881.21,1.0,0.151,COD,3.4,True
ORD-104776,2022-08-07,CUST-74399,Australia,Sony,Xperia 10 V,1396.42,1.0,0.103,Bank Transfer,4.2,yes
ORD-101328,08/31/2023,CUST-30897,Canada,Xiaomi,Redmi Note 13,1193.81,1.0,0.158,,2.7,False
ORD-100427,2024-09-21,CUST-77163,INDIA,OnePlus,OnePlus Nord 3,1492.36,3.0,0.097,Bank Transfer,4.5,False
ORD-104119,2023-04-17,CUST-28993,India,google,Pixel 8,264.91,1.0,,PayPal,2.6,1
ORD-100105,06/26/2023,CUST-81620,Singapore,GOOGLE,Pixel 7a,254.53,2.0,0.372,PayPal,1.1,yes
ORD-103041,2024-11-22,CUST-50808,UK,google,Pixel 8 Pro,1034.23,4.0,0.073,Credit Card,1.6,False
ORD-100142,10/12/2023,CUST-92885,france,ONEPLUS,OnePlus 12,1110.39,2.0,0.244,UPI,4.2,False
ORD-102169,2024-09-09,CUST-24178,Germany,Apple,iPhone 15,1432.99,3.0,0.385,PayPal,4.3,no
ORD-104342,,CUST-63035,India,Google,Pixel 8,1072.5,1.0,0.153,Debit Card,1.7,yes
ORD-100089,2023-01-29,CUST-36017,Australia,Motorola,Moto G84,1173.17,4.0,0.154,COD,3.1,1
ORD-102918,06/24/2022,CUST-64690,USA,Motorola,Edge 40 Pro,586.94,2.0,0.243,Bank Transfer,4.6,False
ORD-103237,2024-06-01,CUST-14551,Canada,SAMSUNG,Galaxy S23,1076.26,2.0,0.239,Credit Card,1.7,False
ORD-102241,06-01-2022,CUST-89025,Germany,Sony,Xperia 1 V,1449.65,2.0,0.101,UPI,1.8,0
ORD-103174,20-04-2022,CUST-17172,Singapore,Motorola,Edge 40 Pro,338.8,3.0,0.25,Credit Card,1.5,False
ORD-104177,,CUST-91828,Canada,Xiaomi,Redmi 12,1028.83,,0.389,UPI,,False
ORD-102163,,CUST-85633,Brazil,Motorola,Moto G53,270.68,999.0,0.033,Debit Card,1.5,True
ORD-102636,2022-01-25,CUST-95254,Japan,,Redmi 12,295.53,2.0,0.074,UPI,6.4,False
ORD-101949,08/12/2024,CUST-79426,France,ONEPLUS,OnePlus Nord 3,424.16,4.0,0.12,PayPal,4.5,True
ORD-101768,08/03/2022,CUST-53801,France,Motorola,Moto G53,1398.53,4.0,0.151,,5.0,0
ORD-104549,2023-04-20,CUST-30706,France,Samsung,Galaxy S24,498.26,4.0,0.128,Bank Transfer,2.0,1
ORD-102272,2024-02-26,CUST-69928,U.K.,oneplus,OnePlus Nord 3,1055.82,3.0,0.28,Bank Transfer,1.4,no
ORD-100001,2023-06-14,CUST-80745,Inda,Sony,Xperia 1 V,1002.74,,0.388,Bank Transfer,4.1,False
ORD-103400,28-06-2024,CUST-13070,GERMANY,GOOGLE,Pixel 8,1158.43,2.0,0.303,UPI,1.9,1
ORD-100168,2024-07-27,CUST-63174,Brazil,samsung,Galaxy A54,1311.46,3.0,,Debit Card,1.8,False
ORD-101951,07/10/2024,CUST-48084,India,OnePlus,OnePlus Nord 3,574.09,1.0,0.272,Debit Card,3.0,True
ORD-100935,19-04-2023,CUST-69988,Canada,ONEPLUS,OnePlus 12,588.42,2.0,0.053,Credit Card,1.4,yes
ORD-104367,2023-03-30,CUST-73178,Australia,Xiaomi,POCO F5,634.89,3.0,0.394,Debit Card,3.9,False
ORD-102720,2022-05-21,CUST-74122,UK,samsung,Galaxy A54,1249.08,4.0,0.187,Debit Card,1.4,False
ORD-103610,2022-11-10,CUST-70215,Germany,Motorola,Moto G53,1171.76,5.0,0.216,Bank Transfer,1.0,False
ORD-101109,17-03-2023,CUST-84275,UK,Motorola,Moto G53,302.9,2.0,0.139,Credit Card,2.2,False
ORD-103714,20-03-2022,CUST-18512,Germany,Sony,Xperia 1 V,913.51,2.0,0.158,COD,3.9,no
ORD-100591,10-02-2022,CUST-28178,Singapore,XIAOMI,,796.82,5.0,0.224,Credit Card,2.1,False
ORD-101695,09-02-2022,CUST-59732,GERMANY,OnePlus,OnePlus 11,380.12,5.0,0.373,COD,4.1,1
ORD-104144,26-08-2023,CUST-41651,Germany,Samsung,Galaxy Z Fold 5,624.24,2.0,0.234,UPI,1.2,True
ORD-102936,21-05-2024,CUST-36539,Singapore,Motorola,Moto G84,616.68,1.0,0.101,,4.9,True
ORD-104272,07/30/2023,CUST-44178,Brazil,APPLE,iPhone 15 Pro,1460.95,4.0,0.286,COD,4.9,False
ORD-103532,17-10-2022,CUST-53373,Japan,GOOGLE,Pixel 7a,808.32,3.0,0.164,Credit Card,2.0,True
ORD-101576,09/07/2023,CUST-64155,Germany,Google,Pixel 8 Pro,589.16,1.0,,COD,3.9,False
ORD-104091,04/04/2024,CUST-97642,USA,Google,Pixel 8,243.7,3.0,0.09,UPI,5.0,no
ORD-100213,10-07-2022,CUST-29511,France,xiaomi,Redmi 12,1420.84,2.0,0.059,COD,,False
ORD-100778,2024-03-01,CUST-66327,UK,Apple,iPhone 15,1448.89,1.0,0.278,Credit Card,2.4,False
ORD-101415,05/20/2024,CUST-11446,Brazil,,Xiaomi 14,1219.76,5.0,0.021,Debit Card,3.8,yes
ORD-103889,08/09/2022,CUST-32011,India,OnePlus,OnePlus Nord 3,1369.7,3.0,0.158,Credit Card,2.8,False
ORD-102043,02/28/2023,CUST-30778,,XIAOMI,Redmi Note 13,204.84,5.0,0.218,Debit Card,2.2,False
ORD-102848,2023-03-03,CUST-65639,Australia,Xiaomi,Redmi Note 13,552.97,2.0,0.046,,1.5,False
ORD-104673,12/17/2022,CUST-91296,U.K.,Xiaomi,Xiaomi 14,1262.67,4.0,0.041,Bank Transfer,3.3,False
ORD-103960,2024-08-03,CUST-53842,India,,Xperia 1 V,977.99,5.0,0.108,Bank Transfer,2.9,True
ORD-103944,15-04-2024,CUST-38315,india,Apple,iPhone SE,330.31,4.0,0.001,Credit Card,4.0,False
ORD-101567,02/06/2024,CUST-22492,,Xiaomi,Xiaomi 14,776.76,3.0,0.276,,2.9,False
ORD-100165,28-12-2024,CUST-73473,Japan,xiaomi,POCO F5,647.25,4.0,0.024,PayPal,2.0,False
ORD-104791,2024-07-02,CUST-11163,usa,GOOGLE,Pixel 8 Pro,1084.79,4.0,0.164,Debit Card,4.5,False
ORD-103710,2024-10-17,CUST-38837,Germany,Sony,Xperia 5 V,1183.78,2.0,0.033,Bank Transfer,4.4,0
ORD-101640,11-09-2024,CUST-32001,Australia,Sony,Xperia 5 V,187.59,2.0,0.055,Debit Card,3.3,1
ORD-101343,09/14/2022,CUST-74630,USA,Sony,Xperia 10 V,1484.8,5.0,0.006,Credit Card,3.9,False
ORD-102013,2024-10-12,CUST-79660,UK,OnePlus,OnePlus 11,1131.47,3.0,0.283,Debit Card,4.1,True
ORD-100273,2022-04-18,CUST-44326,USA,Motorola,Edge 40 Pro,479.47,1.0,0.024,Credit Card,2.3,False
ORD-100071,11-02-2023,CUST-89918,France,Google,Pixel 7a,370.82,1.0,0.101,UPI,1.5,no
ORD-104023,2024-12-02,CUST-55339,Singapore,XIAOMI,POCO F5,341.75,5.0,0.161,PayPal,2.3,yes
ORD-101087,2024-10-10,CUST-62532,Singapore,Sony,Xperia 10 V,884.2,4.0,0.235,PayPal,1.8,no
ORD-100394,04/23/2024,CUST-62560,Canada,samsung,Galaxy A54,,4.0,0.111,Credit Card,1.2,0
ORD-100583,21-01-2022,CUST-79949,Brazil,OnePlus,OnePlus Nord 3,1039.77,2.0,0.041,PayPal,2.5,0
ORD-101367,06/15/2023,CUST-31523,Singapore,OnePlus,OnePlus 12,445.63,,0.116,Credit Card,1.0,
ORD-103776,2024-04-06,CUST-38326,Germany,,Moto G53,889.38,2.0,0.198,Bank Transfer,2.6,False
ORD-104718,2024-12-24,CUST-57228,india,apple,iPhone SE,1132.95,1.0,0.206,COD,1.3,yes
ORD-102548,05/20/2022,CUST-93570,Singapore,Google,Pixel 8,989.31,2.0,0.232,Bank Transfer,2.1,True
ORD-101013,2022-04-10,CUST-45371,Singapore,google,Pixel 8 Pro,1325.25,1.0,0.209,UPI,4.1,False
ORD-104976,2024-10-21,CUST-97215,India,OnePlus,OnePlus 12,908.58,4.0,,PayPal,2.6,1
ORD-103003,03/07/2023,CUST-81949,USA,,iPhone 15,,2.0,0.232,Debit Card,4.8,False
ORD-104866,2024-02-24,CUST-75356,Australia,Apple,iPhone 14,422.15,4.0,0.206,Bank Transfer,2.9,False
ORD-101701,2024-01-19,CUST-15234,INDIA,OnePlus,OnePlus 12,753.11,4.0,0.014,PayPal,1.5,False
ORD-103656,05-02-2023,CUST-99601,Australia,Google,Pixel 7a,827.74,4.0,0.104,COD,1.2,True
ORD-101763,12-03-2024,CUST-63273,Singapore,Motorola,Moto G53,1208.7,-1.0,0.305,PayPal,3.1,False
ORD-101875,2024-06-08,CUST-92137,Germany,OnePlus,OnePlus 11,1261.18,1.0,,COD,2.8,no
ORD-101259,2024-01-13,CUST-84796,Brazil,GOOGLE,Pixel 8 Pro,1381.81,1.0,0.336,PayPal,1.2,1
ORD-103344,19-11-2022,CUST-41285,Brazil,OnePlus,OnePlus 11,475.54,5.0,0.334,UPI,1.2,False
ORD-104604,2024-02-12,CUST-45134,Canada,Motorola,,1210.75,1.0,0.207,Debit Card,1.8,False
ORD-102253,03/10/2022,CUST-92033,Germany,SAMSUNG,Galaxy Z Fold 5,1335.34,4.0,0.096,Credit Card,4.3,True
ORD-102781,2022-12-19,CUST-48889,UK,Xiaomi,Redmi Note 13,1362.03,1.0,0.398,PayPal,2.4,False
ORD-103720,12/04/2023,CUST-30950,Japan,OnePlus,OnePlus 11,158.29,5.0,0.328,UPI,1.7,0
ORD-100526,2024-08-28,CUST-79940,Brazil,XIAOMI,POCO F5,1029.99,4.0,0.347,Bank Transfer,5.0,False
ORD-103542,29-10-2023,CUST-46561,Inda,Samsung,Galaxy S24,150.52,2.0,0.036,Credit Card,3.2,False
ORD-102946,2022-09-22,CUST-96134,india,Xiaomi,Redmi 12,241.98,3.0,0.313,Debit Card,1.4,False
ORD-100377,04/21/2024,CUST-99533,Canada,Google,Pixel 8,372.34,1.0,0.335,Credit Card,3.4,False
ORD-101559,2024-02-20,CUST-26993,Australia,OnePlus,OnePlus Nord 3,704.52,2.0,0.349,UPI,2.4,yes
ORD-104613,02-10-2023,CUST-58218,uk,Apple,iPhone 15,1100.21,5.0,0.214,PayPal,3.2,0
ORD-101963,19-05-2023,CUST-34599,INDIA,Samsung,Galaxy S24,,2.0,0.314,UPI,3.0,True
ORD-104810,08/21/2023,CUST-89616,United States,GOOGLE,Pixel 7a,449.84,2.0,0.184,,,True
ORD-100348,11-01-2022,CUST-49493,Singapore,Apple,iPhone 14,1366.58,1.0,0.236,Credit Card,1.6,1
ORD-102434,2022-07-11,CUST-87398,Germany,apple,,1085.11,3.0,0.223,Bank Transfer,3.4,False
ORD-102246,2022-08-01,CUST-18178,UK,APPLE,iPhone 15,168.65,4.0,0.166,COD,4.0,0
ORD-104233,2023-06-18,CUST-54312,Brazil,Xiaomi,Redmi 12,604.94,5.0,0.123,COD,2.7,no
ORD-101709,2022-08-16,CUST-21812,USA,Xiaomi,Xiaomi 14,182.25,4.0,0.023,Debit Card,2.4,no
ORD-101050,04/24/2024,CUST-55731,UK,Apple,iPhone 14,957.52,4.0,0.291,Debit Card,1.5,False
ORD-100590,2024-05-14,CUST-47434,Brazil,Apple,iPhone 15 Pro,1463.32,4.0,0.379,Debit Card,4.4,False
ORD-100519,16-12-2023,CUST-74632,USA,google,Pixel 8 Pro,854.93,5.0,0.245,UPI,1.0,yes
ORD-103380,2023-11-19,CUST-26354,France,OnePlus,OnePlus 12,666.88,4.0,0.335,Bank Transfer,1.5,True
ORD-104567,02/02/2022,CUST-23275,india,,iPhone 15,1224.25,1.0,0.073,UPI,1.2,1
ORD-104190,2024-11-04,CUST-13231,India,xiaomi,Xiaomi 14,557.03,1.0,0.358,Debit Card,1.7,False
ORD-102477,19-05-2024,CUST-64929,Brazil,GOOGLE,Pixel 8,1429.97,4.0,,Bank Transfer,1.6,yes
ORD-101083,2024-08-04,CUST-83331,France,samsung,,1395.49,4.0,0.357,UPI,3.4,False
ORD-103716,10-06-2024,CUST-42043,UK,SAMSUNG,Galaxy Z Fold 5,1049.2,2.0,0.086,COD,3.9,no
ORD-104856,2024-01-31,CUST-54083,Canada,Samsung,Galaxy A54,283.5,2.0,0.383,UPI,3.9,True
ORD-104707,2023-06-29,CUST-12696,Germany,ONEPLUS,OnePlus 11,711.1,2.0,0.319,UPI,2.8,False
ORD-101294,16-06-2022,CUST-31249,India,Samsung,Galaxy A54,295.18,5.0,0.044,PayPal,2.4,0
ORD-101809,03/31/2024,CUST-83871,Japan,Google,Pixel 7a,1270.31,4.0,0.019,UPI,1.1,1
ORD-100791,13-08-2022,CUST-88732,India,Xiaomi,POCO F5,,5.0,0.225,COD,3.2,1
ORD-100792,14-11-2024,CUST-27589,Canada,OnePlus,OnePlus 11,549.26,4.0,0.226,UPI,2.1,False
ORD-104181,03-09-2022,CUST-18929,USA,Sony,Xperia 5 V,1003.7,5.0,0.076,Bank Transfer,1.6,False
ORD-101855,05/24/2023,CUST-27501,United States,Apple,iPhone SE,838.02,4.0,0.239,Bank Transfer,3.6,False
ORD-104835,2023-01-14,CUST-48805,,Motorola,Moto G53,1229.21,5.0,0.127,Bank Transfer,1.5,0
ORD-101980,02/18/2024,CUST-62865,India,Xiaomi,Redmi Note 13,944.78,4.0,0.119,Credit Card,2.1,yes
ORD-103233,16-09-2024,CUST-43132,U.S.A,APPLE,iPhone 14,499.44,5.0,0.068,PayPal,1.6,True
ORD-104044,2024-06-12,CUST-83195,Brazil,Sony,Xperia 5 V,856.67,5.0,0.329,PayPal,4.7,True
ORD-104698,2024-03-25,CUST-24805,Canada,Apple,iPhone SE,1325.6,4.0,0.039,Bank Transfer,2.9,False
ORD-103328,12/08/2024,CUST-46620,Singapore,Motorola,Moto G53,830.03,2.0,0.389,Credit Card,1.5,0
ORD-101530,25-12-2023,CUST-28198,Canada,Apple,iPhone 15,586.64,5.0,0.065,PayPal,4.4,1
ORD-101410,2023-11-30,CUST-22206,France,Samsung,Galaxy A54,1179.08,5.0,0.377,PayPal,5.0,True
ORD-104365,02/07/2023,CUST-49109,Brazil,XIAOMI,Redmi Note 13,495.47,4.0,0.019,Debit Card,2.1,False
ORD-104724,01/30/2024,CUST-61666,UK,GOOGLE,Pixel 8,1236.51,2.0,0.047,Bank Transfer,2.3,1
ORD-100083,2022-06-16,CUST-81165,France,OnePlus,OnePlus 12,1489.25,3.0,0.038,PayPal,4.9,False
ORD-100868,2024-02-23,CUST-10622,Canada,Samsung,Galaxy S23,723.04,3.0,0.361,Bank Transfer,1.6,False
ORD-102350,06/11/2022,CUST-42884,Brazil,Motorola,Moto G84,954.8,2.0,0.022,COD,3.5,yes
ORD-100020,03/06/2022,CUST-73812,,Samsung,Galaxy Z Fold 5,681.39,5.0,0.34,Debit Card,1.7,yes
ORD-103545,11/12/2024,CUST-36364,Brazil,OnePlus,OnePlus 12,676.03,5.0,0.238,Debit Card,3.0,True
ORD-102795,2024-12-03,CUST-43191,France,OnePlus,OnePlus 11,234.58,3.0,0.309,COD,4.3,False
ORD-103453,2023-07-11,CUST-75352,Canada,Google,Pixel 8 Pro,1200.99,,0.134,PayPal,3.0,yes
ORD-104686,2022-05-29,CUST-53940,USA,XIAOMI,Redmi 12,770.99,2.0,0.26,Credit Card,1.6,False
ORD-101562,15-10-2022,CUST-27461,USA,Apple,iPhone 15 Pro,166.06,4.0,0.376,Bank Transfer,4.0,False
ORD-103093,,CUST-22603,Singapore,Xiaomi,POCO F5,489.04,4.0,0.161,UPI,1.7,no
ORD-103155,02/04/2024,CUST-18623,Canada,Google,Pixel 7a,1420.87,1.0,0.05,Credit Card,4.7,False
ORD-100973,2023-10-15,CUST-55941,Germany,APPLE,iPhone SE,180.79,3.0,0.061,Debit Card,3.5,no
ORD-101710,06/29/2022,CUST-49513,Singapore,ONEPLUS,OnePlus 12,376.9,1.0,0.291,PayPal,2.0,True
ORD-103201,10-06-2023,CUST-82317,Canada,Sony,Xperia 10 V,1114.11,1.0,0.034,COD,3.3,False
ORD-104204,2022-10-02,CUST-86820,USA,SAMSUNG,Galaxy Z Fold 5,1153.16,,0.063,UPI,1.5,False
ORD-104897,,CUST-46669,UK,apple,iPhone 14,403.27,4.0,1.405,Debit Card,1.0,yes
ORD-101098,04/19/2023,CUST-89155,Germany,APPLE,iPhone 14,744.65,3.0,,UPI,2.1,0
ORD-104228,,CUST-19382,France,Google,Pixel 8 Pro,645.77,2.0,0.151,Bank Transfer,2.8,False
ORD-102844,01-06-2022,CUST-16423,Germany,XIAOMI,Redmi 12,885.64,4.0,0.118,Debit Card,2.4,False
ORD-100886,16-09-2024,CUST-67680,Brazil,GOOGLE,Pixel 8 Pro,391.27,2.0,0.375,UPI,4.7,False
ORD-103972,2024-04-19,CUST-60419,France,Samsung,,699.73,3.0,0.108,PayPal,,1
ORD-103808,11/10/2023,CUST-43198,Canada,ONEPLUS,OnePlus 12,763.53,3.0,0.259,,1.1,True
ORD-104654,21-01-2023,CUST-79898,USA,OnePlus,OnePlus 12,864.53,5.0,,COD,1.8,True
ORD-103692,30-09-2022,CUST-69318,Japan,google,Pixel 8,390.84,5.0,0.086,COD,3.5,False
ORD-104472,09/13/2024,CUST-38972,Singapore,xiaomi,Xiaomi 14,1359.77,1.0,0.177,PayPal,1.6,True
ORD-100515,2024-07-08,CUST-42826,France,OnePlus,OnePlus 11,1194.37,3.0,0.38,Debit Card,1.1,False
ORD-104696,11-08-2024,CUST-85603,Singapore,OnePlus,OnePlus Nord 3,1252.59,4.0,0.117,Bank Transfer,2.6,False
ORD-100737,2023-08-25,CUST-51368,India,samsung,Galaxy S23,1478.96,1.0,0.044,PayPal,4.4,False
ORD-101453,10-02-2022,CUST-73656,Australia,ONEPLUS,OnePlus Nord 3,-999.0,1.0,0.113,Debit Card,4.6,1
ORD-102006,23-09-2024,CUST-35704,France,Motorola,Moto G53,1065.2,2.0,,,2.1,
ORD-104777,2023-11-20,CUST-81065,Canada,oneplus,OnePlus Nord 3,751.47,2.0,0.297,UPI,3.7,1
ORD-102506,09-03-2023,CUST-52554,UK,Xiaomi,POCO F5,628.08,,0.209,UPI,3.3,False
ORD-102994,05/06/2023,CUST-16864,FRANCE,Samsung,Galaxy S24,691.89,3.0,0.025,PayPal,3.7,False
ORD-102126,2024-06-08,CUST-28780,France,Sony,Xperia 5 V,,2.0,0.088,PayPal,1.2,False
ORD-102926,08/08/2022,CUST-24549,USA,Samsung,Galaxy S23,1069.58,1.0,0.067,UPI,,True
ORD-104823,,CUST-36384,USA,Motorola,Edge 40 Pro,428.45,1.0,0.152,Credit Card,2.7,False
ORD-100906,07/03/2023,CUST-68620,Australia,apple,iPhone 15 Pro,220.6,-1.0,0.125,Debit Card,2.7,False
ORD-104837,2023-03-15,CUST-39806,Germany,Xiaomi,Redmi 12,1050.81,5.0,0.27,COD,3.8,1
ORD-101030,2024-01-16,CUST-79961,Singapore,Apple,iPhone 15,943.64,5.0,0.191,Bank Transfer,2.7,no
ORD-102507,29-12-2023,CUST-20835,Japan,ONEPLUS,OnePlus 12,178.27,5.0,0.37,Bank Transfer,3.8,False
ORD-102428,2023-07-10,CUST-27356,Australia,xiaomi,Xiaomi 14,947.51,2.0,0.107,Credit Card,3.7,False
ORD-100947,2023-08-03,CUST-14412,India,Motorola,Moto G84,545.48,2.0,0.014,Credit Card,1.8,False
ORD-103937,2024-06-02,CUST-18282,USA,OnePlus,OnePlus Nord 3,321.0,5.0,0.08,PayPal,3.9,False
ORD-100762,15-02-2023,CUST-49524,Australia,ONEPLUS,OnePlus Nord 3,185.86,4.0,0.285,Bank Transfer,2.4,False
ORD-100715,2023-12-25,CUST-78355,USA,Samsung,Galaxy S24,871.39,5.0,0.236,UPI,2.6,1
ORD-100284,16-11-2024,CUST-13792,Singapore,APPLE,iPhone SE,532.45,3.0,0.156,UPI,1.9,False
ORD-100686,03/02/2024,CUST-70348,UK,Sony,Xperia 1 V,1489.06,1.0,0.041,Debit Card,3.2,True
ORD-100703,07/22/2023,CUST-29094,GERMANY,Sony,Xperia 1 V,738.94,1.0,0.07,COD,4.5,no
ORD-103341,02/10/2024,CUST-24384,Canada,OnePlus,OnePlus Nord 3,923.16,4.0,0.062,COD,2.1,no
ORD-102353,2022-11-18,CUST-91722,india,OnePlus,,1232.21,2.0,0.088,,4.1,1
ORD-102257,11-01-2022,CUST-69002,India,OnePlus,OnePlus 12,876.48,2.0,0.354,UPI,3.6,0
ORD-103676,08/26/2024,CUST-65862,,Google,Pixel 7a,779.44,4.0,0.082,,3.4,1
ORD-100473,01-02-2023,CUST-22298,India,GOOGLE,Pixel 8 Pro,153.25,3.0,0.29,PayPal,1.8,yes
ORD-100021,30-07-2023,CUST-55406,Canada,Xiaomi,Redmi 12,287.25,3.0,0.37,Debit Card,4.4,False
ORD-102752,05/30/2022,CUST-31930,UK,google,Pixel 8 Pro,826.23,4.0,0.056,Debit Card,3.1,yes
ORD-100885,09/28/2024,CUST-28697,France,Samsung,Galaxy S23,455.74,2.0,0.042,PayPal,1.3,yes
ORD-102448,07/04/2024,CUST-42984,UK,Xiaomi,Redmi 12,1111.36,5.0,0.005,Bank Transfer,2.4,0
ORD-100917,2024-02-21,CUST-56683,USA,Xiaomi,,685.1,3.0,0.211,Debit Card,3.6,1
ORD-103887,27-05-2022,CUST-41732,Singapore,,Pixel 7a,517.89,5.0,0.217,Debit Card,4.6,yes
ORD-103881,2023-06-16,CUST-61685,UK,Samsung,Galaxy S23,,4.0,0.233,PayPal,4.6,False
ORD-102239,26-12-2023,CUST-94609,United Kingdom,APPLE,iPhone 14,1298.71,2.0,0.046,COD,,yes
ORD-103976,07/13/2023,CUST-77579,Canada,Xiaomi,POCO F5,1356.39,3.0,0.238,Debit Card,3.3,True
ORD-103395,2022-09-25,CUST-58270,Singapore,samsung,Galaxy Z Fold 5,975.08,3.0,0.146,COD,3.4,yes
ORD-101265,24-11-2022,CUST-76930,India,Google,Pixel 8,154.25,5.0,0.211,PayPal,1.3,no
ORD-100483,09/24/2022,CUST-99953,France,GOOGLE,Pixel 8 Pro,942.53,1.0,0.357,Debit Card,4.7,yes
ORD-104408,04-08-2024,CUST-10102,Germany,OnePlus,OnePlus 12,436.68,5.0,0.039,Credit Card,2.7,True
ORD-102963,10-04-2022,CUST-13213,France,ONEPLUS,OnePlus 11,839.19,3.0,0.196,COD,2.7,True
ORD-101219,10/03/2024,CUST-95296,India,Motorola,Moto G53,1428.41,5.0,0.201,Debit Card,2.8,1
ORD-100277,2024-02-21,CUST-55967,Germany,OnePlus,OnePlus 12,614.14,3.0,0.371,UPI,5.0,True
ORD-100988,13-06-2022,CUST-35372,Japan,APPLE,iPhone 14,555.27,3.0,0.161,UPI,3.7,True
ORD-102084,2023-06-07,CUST-78712,USA,,OnePlus Nord 3,1100.36,2.0,0.275,UPI,1.6,1
ORD-101245,12-02-2023,CUST-59709,Canada,Google,Pixel 7a,692.76,5.0,0.122,Bank Transfer,2.2,False
ORD-102382,02/01/2024,CUST-59196,Japan,Sony,Xperia 5 V,796.93,2.0,0.055,Debit Card,1.9,yes
ORD-100571,,CUST-14075,France,XIAOMI,Redmi 12,509.02,2.0,0.262,COD,2.3,False
ORD-101435,02-08-2024,CUST-50813,USA,Sony,Xperia 10 V,1296.86,5.0,0.251,UPI,4.2,False
ORD-100993,05/01/2022,CUST-31938,France,Samsung,Galaxy S24,1447.18,5.0,0.272,Bank Transfer,3.0,no
ORD-103574,2024-12-31,CUST-60356,France,Apple,iPhone 15,258.87,,0.321,Bank Transfer,4.3,0
ORD-103895,2024-05-06,CUST-69204,Brazil,Samsung,Galaxy S24,1449.23,5.0,0.006,Debit Card,1.8,False
ORD-100585,20-02-2022,CUST-95928,Germany,Sony,Xperia 1 V,1344.53,3.0,0.171,PayPal,2.6,1
ORD-103526,06/12/2022,CUST-25710,Brazil,Sony,Xperia 5 V,306.38,5.0,0.035,Debit Card,3.1,False
ORD-103788,04-06-2024,CUST-30097,Japan,,Xperia 1 V,1374.54,4.0,0.263,Debit Card,3.6,True
ORD-102514,2024-11-01,CUST-43043,USA,,Galaxy S24,1108.43,4.0,0.09,COD,3.3,0
ORD-101349,05/28/2024,CUST-40445,germany,OnePlus,OnePlus 12,776.5,1.0,0.282,UPI,4.7,yes
ORD-101007,11/06/2024,CUST-97216,Singapore,apple,iPhone 14,1106.05,1.0,0.314,COD,1.2,0
ORD-100674,27-05-2023,CUST-15796,Canada,Google,Pixel 7a,1299.14,2.0,0.139,Credit Card,4.8,0
ORD-102412,2024-03-17,CUST-68521,Brazil,OnePlus,,1495.57,5.0,0.184,Debit Card,3.4,True
ORD-102903,06/07/2023,CUST-94847,Australia,XIAOMI,Redmi 12,1102.19,1.0,0.188,COD,2.8,0
ORD-100447,05/18/2024,CUST-48327,Japan,Xiaomi,Redmi Note 13,885.79,1.0,0.011,PayPal,1.5,
ORD-104362,2024-04-10,CUST-83492,INDIA,APPLE,iPhone SE,567.97,3.0,0.297,COD,4.1,False
ORD-103888,01/10/2023,CUST-21685,India,XIAOMI,POCO F5,1148.35,4.0,0.214,UPI,4.0,True
ORD-103833,18-05-2023,CUST-73515,Japan,Google,Pixel 8,1403.09,2.0,0.369,Bank Transfer,1.3,0
ORD-100359,01/18/2023,CUST-75822,Singapore,samsung,Galaxy S23,1196.5,2.0,0.117,Debit Card,2.8,False
ORD-102064,2022-05-19,CUST-53213,UK,Samsung,Galaxy S24,934.96,1.0,0.357,Debit Card,2.6,False
ORD-104523,03/31/2022,CUST-62021,Japan,Google,Pixel 8,226.88,3.0,0.107,UPI,1.2,no
ORD-103941,30-12-2023,CUST-53879,,APPLE,iPhone SE,1303.01,3.0,0.299,Credit Card,1.8,False
ORD-101690,2024-09-21,CUST-11316,Brazil,Samsung,Galaxy S23,903.45,4.0,0.133,Credit Card,2.5,False
ORD-104397,2023-06-08,CUST-76342,France,XIAOMI,Redmi 12,1319.53,5.0,0.359,Credit Card,,1
ORD-101548,01/18/2023,CUST-69217,GERMANY,Samsung,Galaxy A54,1345.0,4.0,0.261,Debit Card,4.9,yes
ORD-101247,08-10-2024,CUST-14794,GERMANY,APPLE,iPhone 15,1328.21,5.0,0.229,Debit Card,3.6,1
ORD-101985,08/02/2023,CUST-80961,U.K.,XIAOMI,Xiaomi 14,258.3,4.0,0.142,Credit Card,2.1,False
ORD-100294,05/03/2023,CUST-97072,Australia,APPLE,iPhone 14,652.3,3.0,0.396,COD,4.9,True
ORD-101547,2024-10-26,CUST-14907,Singapore,oneplus,,402.66,,0.002,Bank Transfer,2.5,False
ORD-102012,28-08-2022,CUST-68299,,Apple,iPhone 15 Pro,429.47,3.0,0.124,Bank Transfer,1.4,True
ORD-100588,27-04-2023,CUST-72471,India,Sony,Xperia 1 V,635.98,3.0,0.057,Credit Card,3.8,False
ORD-103329,09/28/2023,CUST-60729,Australia,apple,iPhone 15 Pro,229.77,1.0,0.124,UPI,1.9,0
ORD-102403,02/25/2022,CUST-38488,Australia,Google,Pixel 8 Pro,438.38,2.0,0.297,Debit Card,1.8,False
ORD-102129,04/11/2024,CUST-69035,United States,Sony,,742.06,3.0,0.179,Bank Transfer,1.9,1
ORD-104459,26-03-2023,CUST-62617,Canada,GOOGLE,Pixel 8 Pro,627.91,5.0,0.23,Debit Card,1.3,False
ORD-103508,2024-03-01,CUST-12470,Canada,Sony,Xperia 1 V,908.64,3.0,0.142,Bank Transfer,3.8,False
ORD-102410,2024-11-29,CUST-14311,Germany,SAMSUNG,Galaxy S24,197.24,1.0,0.203,Credit Card,4.1,yes
ORD-102719,24-05-2022,CUST-76905,USA,Xiaomi,Redmi Note 13,850.74,3.0,0.23,Bank Transfer,2.6,False
ORD-104628,2022-11-23,CUST-49830,france,Google,Pixel 8 Pro,298.55,1.0,0.2,Debit Card,1.7,False
ORD-100425,12/08/2022,CUST-80896,India,OnePlus,OnePlus 11,265.97,,0.197,UPI,1.2,False
ORD-102582,13-10-2023,CUST-41803,France,APPLE,iPhone 15 Pro,663.42,2.0,0.32,UPI,1.6,yes
ORD-101054,,CUST-35712,Singapore,Apple,iPhone 14,170.45,-1.0,0.183,Debit Card,,0
ORD-104630,03/13/2022,CUST-93549,USA,XIAOMI,Redmi 12,635.79,5.0,0.036,COD,1.1,0
ORD-104958,2023-11-17,CUST-70863,Canada,OnePlus,OnePlus Nord 3,352.48,4.0,,PayPal,2.1,True
ORD-100556,11/02/2022,CUST-65978,Australia,GOOGLE,Pixel 7a,405.58,3.0,0.153,Credit Card,1.4,True
ORD-104429,09/22/2023,CUST-88663,Singapore,GOOGLE,Pixel 7a,800.51,4.0,0.345,Credit Card,4.9,yes
ORD-104074,2024-06-03,CUST-20094,USA,oneplus,OnePlus Nord 3,1036.51,1.0,0.224,Credit Card,2.7,yes
ORD-104789,07/31/2022,CUST-38215,,oneplus,OnePlus 11,789.23,1.0,0.098,Debit Card,,1
ORD-102469,07/13/2024,CUST-13338,Japan,XIAOMI,Xiaomi 14,1127.23,2.0,0.061,PayPal,1.2,
ORD-104787,11/27/2022,CUST-90747,india,oneplus,OnePlus 11,896.85,3.0,0.278,PayPal,1.5,False
ORD-100355,10/30/2023,CUST-53128,India,OnePlus,OnePlus Nord 3,931.66,4.0,0.203,Debit Card,2.7,yes
ORD-101193,06/14/2024,CUST-12632,India,apple,iPhone 15 Pro,702.41,1.0,0.086,PayPal,4.8,True
ORD-101716,10/10/2022,CUST-51396,Canada,XIAOMI,Xiaomi 14,769.47,1.0,0.339,Credit Card,2.9,False
ORD-103416,2024-01-05,CUST-57721,Japan,APPLE,iPhone 15 Pro,213.18,4.0,0.256,COD,1.4,yes
ORD-102604,2024-04-04,CUST-68911,Brazil,Samsung,Galaxy S24,746.11,5.0,0.005,UPI,1.4,0
ORD-104196,10/31/2023,CUST-12367,India,Samsung,Galaxy S23,803.2,3.0,0.058,PayPal,3.3,1
ORD-102828,09/15/2023,CUST-67422,Australia,Sony,Xperia 5 V,1214.29,5.0,0.318,COD,2.0,False
ORD-101704,16-02-2022,CUST-92412,France,Motorola,Moto G53,239.32,4.0,0.099,COD,3.9,False
ORD-102863,04-04-2022,CUST-39264,Singapore,OnePlus,OnePlus 12,1160.14,1.0,0.363,Debit Card,1.4,0
ORD-102618,06/12/2024,CUST-12779,Singapore,APPLE,,904.69,3.0,0.319,Debit Card,2.3,True
ORD-102400,02-06-2024,CUST-41712,India,Motorola,Moto G53,353.56,1.0,0.024,Debit Card,,False
ORD-102139,26-01-2022,CUST-52327,Canada,XIAOMI,Redmi 12,349.23,1.0,0.329,Credit Card,1.3,False
ORD-103239,09/20/2024,CUST-87837,Singapore,APPLE,iPhone 15,1395.24,4.0,0.034,Debit Card,2.7,False
ORD-102383,03/19/2022,CUST-90538,India,Samsung,Galaxy S24,259.56,3.0,0.311,Credit Card,3.7,False
ORD-103218,02/11/2024,CUST-55877,India,GOOGLE,Pixel 8 Pro,746.88,3.0,0.282,Credit Card,2.7,False
ORD-103897,2022-12-21,CUST-74812,USA,Motorola,Edge 40 Pro,1071.64,2.0,0.094,UPI,4.8,1
ORD-101285,2024-09-27,CUST-14100,UK,Xiaomi,Redmi Note 13,1221.79,3.0,0.36,,4.7,False
ORD-103927,2024-02-11,CUST-64031,Canada,XIAOMI,POCO F5,525.89,1.0,0.371,Credit Card,1.3,False
ORD-103972,2024-04-19,CUST-60419,France,Samsung,,699.73,3.0,0.108,PayPal,,1
ORD-104542,2023-12-15,CUST-92381,Australia,Motorola,Edge 40 Pro,529.24,2.0,0.368,Debit Card,1.4,0
ORD-102087,12/29/2022,CUST-20513,United States,Xiaomi,POCO F5,551.47,4.0,0.356,COD,2.5,0
ORD-101889,2022-09-05,CUST-92315,Singapore,SAMSUNG,Galaxy Z Fold 5,796.35,2.0,0.317,Bank Transfer,1.7,
ORD-103630,26-07-2023,CUST-98427,Canada,Apple,iPhone 15 Pro,676.25,3.0,0.027,,,False
ORD-101591,08/09/2024,CUST-33947,France,Sony,Xperia 10 V,1338.27,4.0,0.216,UPI,4.1,False
ORD-101346,12/26/2022,CUST-50616,Singapore,SAMSUNG,Galaxy S23,567.44,4.0,0.334,Credit Card,1.2,False
ORD-104504,16-11-2022,CUST-84755,Australia,Google,Pixel 8 Pro,213.59,2.0,0.34,Bank Transfer,5.9,False
ORD-102162,07/01/2024,CUST-36668,France,Motorola,Moto G53,606.42,4.0,0.24,COD,3.7,False
ORD-102396,01/31/2022,CUST-42662,Brazil,Sony,Xperia 5 V,568.75,2.0,0.337,UPI,4.6,0
ORD-103773,11/11/2022,CUST-82989,Australia,Sony,Xperia 5 V,527.47,4.0,0.279,COD,5.4,1
ORD-102271,04-04-2024,CUST-77643,Canada,ONEPLUS,OnePlus Nord 3,851.75,1.0,0.041,COD,1.3,True
ORD-104564,11/06/2024,CUST-89647,Germany,Apple,iPhone SE,789.52,1.0,0.31,UPI,3.9,False
ORD-103111,08/04/2023,CUST-58862,France,Motorola,Edge 40 Pro,1434.33,3.0,0.128,Debit Card,2.8,False
ORD-101137,11/15/2022,CUST-89546,Germany,OnePlus,OnePlus 12,595.53,1.0,0.141,COD,2.1,False
ORD-104031,N/A,CUST-33007,Germany,google,Pixel 7a,165.65,4.0,0.327,Credit Card,,no
ORD-100972,2022-11-06,CUST-84082,Australia,APPLE,iPhone 14,1451.28,4.0,0.295,UPI,2.6,False
ORD-100795,2022-04-30,CUST-79556,Canada,Google,Pixel 8 Pro,1283.53,4.0,0.36,UPI,3.7,False
ORD-103020,2022-04-20,CUST-40702,,OnePlus,OnePlus 12,829.39,5.0,0.312,Credit Card,4.8,False
ORD-101711,26-04-2024,CUST-42037,Singapore,Apple,iPhone 15,1077.13,2.0,0.288,Bank Transfer,1.6,
ORD-103387,05/02/2024,CUST-12399,France,apple,iPhone 14,,5.0,0.073,Credit Card,,yes
ORD-100036,2023-02-07,CUST-52954,USA,,Xperia 5 V,1024.72,4.0,0.22,Credit Card,3.5,1
ORD-100453,30-01-2024,CUST-15034,,Xiaomi,POCO F5,1128.9,3.0,0.099,COD,1.8,False
ORD-100913,10/17/2023,CUST-56370,Australia,Apple,iPhone 15,465.49,3.0,0.185,UPI,1.9,False
ORD-104155,04/29/2022,CUST-93344,Australia,Sony,Xperia 1 V,656.97,2.0,0.11,Debit Card,2.0,
ORD-101199,09/28/2024,CUST-75604,INDIA,Xiaomi,Redmi Note 13,1044.64,3.0,0.256,UPI,2.0,1
ORD-101274,23-01-2022,CUST-49286,France,Apple,iPhone SE,1420.02,2.0,0.338,Credit Card,3.1,0
ORD-102375,07-02-2024,CUST-36931,UK,Samsung,Galaxy S24,,1.0,0.25,Debit Card,1.6,True
ORD-100037,17-09-2024,CUST-38458,UK,Samsung,Galaxy S23,1229.82,5.0,0.198,UPI,1.3,True
ORD-100974,09/07/2023,CUST-17225,Germany,Sony,Xperia 5 V,784.62,1.0,0.141,,4.8,False
ORD-103195,2023-01-23,CUST-32570,uk,Motorola,Edge 40 Pro,346.65,2.0,0.297,Credit Card,2.3,False
ORD-100983,2023-10-19,CUST-31605,UK,xiaomi,POCO F5,496.66,3.0,0.206,Bank Transfer,3.6,False
ORD-104040,2024-06-30,CUST-39249,Singapore,APPLE,iPhone 15,1270.16,3.0,0.283,Bank Transfer,1.5,False
ORD-104148,12/12/2024,CUST-60560,Singapore,google,Pixel 8,262.31,3.0,0.293,COD,4.4,False
ORD-101418,2024-03-23,CUST-38561,Singapore,Google,Pixel 7a,461.85,,0.089,Bank Transfer,3.3,False
ORD-103332,06/01/2024,CUST-86410,France,OnePlus,OnePlus 11,348.87,,0.329,PayPal,2.8,yes
ORD-101560,12/14/2024,CUST-78508,India,,iPhone 15,,1.0,0.183,UPI,3.6,True
ORD-100039,2022-12-14,CUST-87088,Brazil,Motorola,Moto G53,673.58,999.0,0.084,Bank Transfer,1.7,False
ORD-101486,11-10-2023,CUST-45453,France,Motorola,Moto G84,171.79,2.0,0.116,Credit Card,2.4,False
ORD-104239,07/14/2023,CUST-79163,UK,samsung,Galaxy Z Fold 5,1058.94,,0.037,UPI,3.1,0
ORD-100169,03-10-2024,CUST-47819,Canada,OnePlus,OnePlus 11,974.19,,0.016,UPI,6.1,False
ORD-101355,2024-01-02,CUST-63895,USA,Samsung,Galaxy A54,628.14,5.0,0.222,Credit Card,2.3,False
ORD-102785,09/27/2023,CUST-45936,Brazil,Samsung,Galaxy S23,1299.35,1.0,0.186,Bank Transfer,3.9,True
ORD-104250,2022-05-10,CUST-91147,germany,Google,Pixel 7a,371.6,5.0,0.046,UPI,4.0,1
ORD-104826,10/16/2022,CUST-35605,France,Samsung,Galaxy S24,1267.02,4.0,0.392,COD,1.8,False
ORD-103612,2024-08-19,CUST-96960,United Kingdom,Motorola,Edge 40 Pro,1338.97,3.0,0.057,PayPal,2.6,False
ORD-100987,26-02-2024,CUST-88004,UK,Google,Pixel 7a,1126.71,5.0,0.293,Bank Transfer,4.2,yes
ORD-102682,10/31/2024,CUST-36009,Singapore,google,Pixel 7a,1219.99,4.0,0.177,Debit Card,4.0,1
ORD-104781,22-07-2022,CUST-19290,Australia,xiaomi,Redmi Note 13,1125.49,2.0,0.01,Debit Card,2.3,False
ORD-104128,2024-03-01,CUST-43957,France,Google,Pixel 8,1073.19,5.0,0.253,UPI,1.2,True
ORD-101640,11-09-2024,CUST-32001,Australia,Sony,Xperia 5 V,187.59,2.0,0.055,Debit Card,3.3,1
ORD-101290,,CUST-39060,India,Motorola,Edge 40 Pro,1231.55,2.0,0.227,Debit Card,2.3,False
ORD-101380,03/12/2022,CUST-30816,Japan,google,Pixel 7a,877.18,4.0,0.117,Debit Card,3.4,False
ORD-101933,21-04-2022,CUST-89595,Brazil,Motorola,Moto G53,1241.58,1.0,0.104,Debit Card,1.8,False
ORD-100579,2022-12-14,CUST-32775,Brazil,Google,Pixel 8 Pro,605.68,4.0,0.297,Credit Card,4.5,True
ORD-104288,18-05-2024,CUST-22134,France,samsung,Galaxy A54,1369.21,1.0,0.368,PayPal,4.4,yes
ORD-103160,16-01-2024,CUST-22250,USA,Motorola,,949.2,2.0,0.022,COD,1.8,yes
ORD-102030,01/17/2023,CUST-47628,USA,Sony,Xperia 5 V,364.31,2.0,0.197,UPI,1.5,False
ORD-100892,2022-01-23,CUST-15062,,GOOGLE,Pixel 8 Pro,738.66,4.0,,Bank Transfer,1.6,True
ORD-104088,26-11-2023,CUST-48912,France,Google,Pixel 8 Pro,385.68,2.0,0.237,Bank Transfer,4.9,0
ORD-100780,17-07-2023,CUST-23560,USA,Google,Pixel 7a,192.3,3.0,0.029,PayPal,4.4,1
ORD-100159,10/23/2024,CUST-93630,Singapore,oneplus,OnePlus 11,522.49,4.0,0.179,Credit Card,2.6,False
ORD-100002,05-07-2022,CUST-54800,Brazil,Apple,iPhone SE,589.85,1.0,0.052,Credit Card,1.9,False
ORD-102263,24-07-2024,CUST-51174,Canada,,Galaxy Z Fold 5,622.75,2.0,0.247,Debit Card,3.0,1
ORD-103216,2023-10-12,CUST-76827,UK,Apple,iPhone SE,,1.0,0.23,COD,2.4,False
ORD-102109,07/25/2023,CUST-16166,Australia,SAMSUNG,Galaxy S23,951.96,2.0,0.208,Credit Card,3.6,False
ORD-100849,15-08-2023,CUST-17353,Singapore,samsung,Galaxy S24,850.98,4.0,0.093,,1.4,True
ORD-102737,18-09-2024,CUST-40576,Japan,Google,Pixel 7a,246.75,2.0,0.338,PayPal,1.5,False
ORD-102466,2024-07-16,CUST-38852,Japan,Samsung,Galaxy S24,1315.67,2.0,0.168,Debit Card,4.5,True
ORD-103826,2024-11-19,CUST-28936,Australia,samsung,Galaxy S23,297.16,1.0,0.295,UPI,3.0,False
ORD-103780,2023-06-24,CUST-74294,Brazil,oneplus,OnePlus Nord 3,,5.0,0.288,Debit Card,2.9,True
ORD-101596,09-12-2024,CUST-87062,USA,Google,Pixel 7a,265.67,1.0,0.187,Debit Card,2.5,True
ORD-101776,09/09/2024,CUST-51043,India,xiaomi,POCO F5,1459.8,2.0,0.323,PayPal,2.0,False
ORD-101913,01/20/2024,CUST-19997,Australia,Motorola,Moto G84,988.86,2.0,0.366,COD,4.6,0
ORD-101043,02/14/2024,CUST-69001,Brazil,Apple,iPhone 14,582.9,2.0,0.154,Bank Transfer,4.9,False
ORD-104790,23-03-2022,CUST-35347,Germany,Google,Pixel 8 Pro,918.62,4.0,0.386,PayPal,1.2,False
ORD-101544,2022-05-16,CUST-38096,Singapore,Apple,iPhone 15 Pro,1360.73,2.0,0.19,Credit Card,4.2,1
ORD-102736,04-12-2022,CUST-63603,Brazil,google,Pixel 8 Pro,739.77,3.0,0.341,Debit Card,3.7,True
ORD-103836,12/07/2022,CUST-88026,Canada,OnePlus,OnePlus Nord 3,1391.58,1.0,0.024,UPI,2.8,1
ORD-104693,10-08-2024,CUST-83566,Japan,Motorola,Moto G84,,2.0,0.018,Credit Card,4.9,False
ORD-100053,2022-02-12,CUST-99522,Canada,Motorola,Moto G53,198.38,4.0,0.016,Credit Card,1.3,1
ORD-101796,2024-10-31,CUST-49517,Japan,samsung,Galaxy S24,1212.61,1.0,0.127,Credit Card,4.6,1
ORD-103588,2023-06-27,CUST-25517,USA,ONEPLUS,OnePlus Nord 3,475.67,,0.23,PayPal,,False
ORD-101911,12/20/2022,CUST-89512,India,Xiaomi,Redmi Note 13,1062.34,4.0,0.167,Credit Card,3.5,False
ORD-102306,,CUST-74715,Germany,apple,iPhone 15 Pro,502.0,5.0,0.231,Debit Card,4.9,
ORD-102553,07-06-2022,CUST-67917,Australia,Apple,iPhone 14,536.48,1.0,0.056,Debit Card,3.7,True
ORD-102800,03/28/2022,CUST-20198,India,Google,Pixel 8 Pro,1239.31,2.0,0.115,Credit Card,4.6,False
ORD-100936,2023-03-07,CUST-10180,USA,APPLE,iPhone SE,1436.75,4.0,0.08,Debit Card,1.3,True
ORD-104194,2024-10-16,CUST-56335,uk,Apple,iPhone 14,968.03,3.0,0.343,PayPal,4.5,no
ORD-100824,02/01/2024,CUST-41751,Canada,xiaomi,POCO F5,215.18,3.0,0.059,UPI,4.0,True
ORD-104811,12/19/2023,CUST-59599,Japan,Samsung,Galaxy Z Fold 5,,2.0,0.071,Debit Card,3.4,0
ORD-103178,2023-02-16,CUST-15988,U.S.A,OnePlus,OnePlus 11,302.05,4.0,0.336,UPI,1.9,False
ORD-103401,2023-03-02,CUST-69653,Japan,google,Pixel 7a,1346.51,3.0,0.074,UPI,4.5,False
ORD-101389,2023-04-14,CUST-31342,Brazil,oneplus,OnePlus 11,550.01,3.0,0.002,Bank Transfer,4.4,False
ORD-103564,04-08-2022,CUST-31913,France,Apple,iPhone SE,,1.0,0.064,COD,4.6,True
ORD-104955,02/25/2024,CUST-88749,Australia,Apple,iPhone 15 Pro,,,,Bank Transfer,1.8,False
ORD-100884,30-06-2022,CUST-40681,France,Xiaomi,Redmi 12,323.05,3.0,0.071,PayPal,2.0,
ORD-103936,08-06-2024,CUST-14009,Singapore,Google,Pixel 8,159.9,1.0,0.053,PayPal,3.1,no
ORD-103646,10/28/2023,CUST-52352,USA,GOOGLE,Pixel 8 Pro,1339.97,2.0,0.395,Debit Card,3.8,False
ORD-101607,12-12-2023,CUST-29967,India,OnePlus,OnePlus Nord 3,1070.87,2.0,0.333,Bank Transfer,1.4,0
ORD-101594,2023-01-13,CUST-64905,United States,OnePlus,OnePlus Nord 3,1458.94,5.0,0.061,UPI,3.7,yes
ORD-100771,10/14/2023,CUST-25435,usa,Xiaomi,POCO F5,531.84,3.0,,Credit Card,4.7,False
ORD-102611,14-09-2024,CUST-75591,India,Xiaomi,POCO F5,290.24,4.0,0.375,Debit Card,4.0,yes
ORD-103988,31-07-2022,CUST-89642,Germany,Sony,Xperia 5 V,257.51,5.0,0.344,Bank Transfer,4.8,1
ORD-102273,2023-01-14,CUST-16745,Brazil,Xiaomi,Xiaomi 14,,2.0,,Debit Card,2.8,no
ORD-101868,2024-07-30,CUST-72537,UK,Apple,iPhone 15 Pro,573.09,3.0,0.277,Credit Card,1.2,1
ORD-101085,10/29/2024,CUST-68141,Singapore,XIAOMI,Redmi 12,877.94,1.0,0.035,Debit Card,3.9,0
ORD-100010,27-02-2022,CUST-36527,Canada,google,Pixel 8,806.98,3.0,0.189,COD,2.3,False
ORD-103739,,CUST-47344,USA,Xiaomi,Redmi 12,1051.3,5.0,0.278,Credit Card,1.7,False
ORD-101325,2022-12-03,CUST-66574,Singapore,SAMSUNG,Galaxy A54,951.4,3.0,0.371,Bank Transfer,3.0,True
ORD-103390,2024-07-25,CUST-77988,Singapore,ONEPLUS,OnePlus 11,1474.76,5.0,0.323,Debit Card,3.6,True
ORD-101463,2023-02-27,CUST-16458,Singapore,,POCO F5,505.59,1.0,0.159,Credit Card,4.0,False
ORD-100806,2022-12-06,CUST-95284,,OnePlus,OnePlus 11,481.19,4.0,0.324,Debit Card,3.8,1
ORD-103865,10/06/2023,CUST-95005,Germany,Motorola,Edge 40 Pro,1167.49,5.0,0.2,Bank Transfer,4.0,False
ORD-104109,2024-11-12,CUST-69548,Australia,Google,Pixel 8 Pro,500.75,4.0,0.171,PayPal,4.3,0
ORD-103902,28-04-2022,CUST-46006,india ,Apple,iPhone SE,185.99,4.0,0.075,Credit Card,1.2,False
ORD-102108,03-10-2023,CUST-47507,germany,GOOGLE,Pixel 7a,1052.98,2.0,0.055,,3.9,True
ORD-104304,2023-04-01,CUST-41169,Brazil,Samsung,Galaxy A54,,5.0,0.139,Bank Transfer,3.5,yes
ORD-104688,15-02-2024,CUST-50287,Canada,Sony,Xperia 5 V,446.92,3.0,0.184,Credit Card,1.4,0
ORD-102234,10/29/2022,CUST-10571,Germany,OnePlus,OnePlus Nord 3,420.91,3.0,,UPI,3.9,False
ORD-103211,26-12-2022,CUST-13259,India,Samsung,Galaxy S24,1176.16,2.0,0.094,Bank Transfer,4.5,1
ORD-100963,2022-11-23,CUST-33461,U.K.,google,Pixel 8,240.92,3.0,0.098,Credit Card,1.0,False
ORD-103415,2024-07-08,CUST-40417,Germany,Apple,iPhone SE,228.48,2.0,0.212,Debit Card,2.4,False
ORD-103883,20-12-2024,CUST-70541,Japan,Sony,Xperia 5 V,552.61,2.0,0.099,UPI,4.7,True
ORD-100398,01/25/2022,CUST-34474,India,Motorola,Moto G53,1405.74,,0.185,Debit Card,2.6,no
ORD-102632,09/22/2022,CUST-18080,,SAMSUNG,Galaxy S24,288.6,3.0,0.191,Bank Transfer,2.3,True
ORD-104929,2022-01-03,CUST-70794,Japan,Google,Pixel 8 Pro,704.64,5.0,0.037,Bank Transfer,4.9,no
ORD-102996,21-12-2024,CUST-60042,U.S.A,Google,Pixel 8,911.93,2.0,0.293,Bank Transfer,3.3,False
ORD-100704,28-11-2022,CUST-92771,INDIA,Sony,Xperia 1 V,265.82,1.0,0.326,Credit Card,3.2,False
ORD-100431,27-09-2023,CUST-25658,Singapore,Samsung,Galaxy A54,280.12,2.0,,COD,2.5,yes
ORD-104743,22-10-2024,CUST-99356,Brazil,Apple,iPhone 15 Pro,793.3,5.0,0.102,Debit Card,1.3,
ORD-100292,2024-10-23,CUST-66851,Brazil,,Xperia 1 V,1428.33,1.0,0.052,COD,2.1,True
ORD-104945,2024-09-09,CUST-85369,Singapore,Sony,Xperia 5 V,320.11,4.0,0.267,Bank Transfer,4.7,1
ORD-100145,19-02-2023,CUST-59528,Australia,Xiaomi,Redmi Note 13,787.82,4.0,0.388,Credit Card,2.5,yes
ORD-104213,08/23/2022,CUST-59140,Brazil,samsung,Galaxy S24,1248.97,2.0,0.173,PayPal,1.5,1
ORD-102033,2022-02-27,CUST-12973,Canada,apple,iPhone 14,331.53,2.0,0.299,UPI,1.6,False
ORD-103741,09/26/2023,CUST-33808,Brazil,Google,Pixel 8 Pro,-999.0,4.0,0.005,UPI,1.2,yes
ORD-104274,11/28/2023,CUST-64432,FRANCE,Samsung,Galaxy S24,529.31,2.0,0.244,PayPal,2.2,1
ORD-101165,11-07-2022,CUST-58285,UK,Apple,iPhone 15 Pro,877.36,2.0,0.111,PayPal,3.8,no
ORD-103500,17-06-2022,CUST-46175,Canada,Sony,Xperia 1 V,1312.79,5.0,0.187,PayPal,1.0,1
ORD-102050,08-08-2023,CUST-69400,India,xiaomi,POCO F5,1296.48,1.0,0.375,Debit Card,1.1,False
ORD-102624,24-03-2022,CUST-74917,United Kingdom,Motorola,Edge 40 Pro,918.38,3.0,0.144,PayPal,1.2,0
ORD-104449,10-12-2023,CUST-16243,France,Sony,Xperia 10 V,628.26,2.0,,Credit Card,4.6,False
ORD-100339,11/03/2023,CUST-71010,Canada,Apple,iPhone 15,1135.25,4.0,0.391,PayPal,1.7,True
ORD-104772,2023-04-22,CUST-99126,Japan,GOOGLE,Pixel 8,1363.1,2.0,0.307,COD,1.8,True
ORD-103802,2022-05-23,CUST-49019,,Xiaomi,Redmi 12,392.99,2.0,0.185,COD,1.8,False
ORD-102973,10-12-2023,CUST-52891,Canada,OnePlus,OnePlus Nord 3,352.46,2.0,0.229,UPI,2.4,True
ORD-100265,10/13/2024,CUST-81281,Australia,Apple,iPhone 15 Pro,267.17,2.0,0.348,Credit Card,4.8,no
ORD-102424,2023-08-12,CUST-93783,Australia,Sony,Xperia 10 V,492.0,3.0,0.164,Debit Card,3.8,0
ORD-101262,26-01-2022,CUST-80908,Germany,,Pixel 7a,549.8,4.0,0.398,Debit Card,1.1,True
ORD-101771,2022-08-25,CUST-70709,France,Motorola,Moto G84,293.23,5.0,0.01,PayPal,1.1,True
ORD-103511,2022-05-30,CUST-78582,UK,GOOGLE,Pixel 8,1400.19,1.0,0.006,Credit Card,2.5,
ORD-100271,2022-07-28,CUST-90100,Japan,APPLE,iPhone 14,1217.4,2.0,0.229,UPI,1.2,False
ORD-100696,08-01-2023,CUST-73082,Singapore,Samsung,Galaxy S23,692.22,4.0,0.022,PayPal,3.3,0
ORD-100747,12/29/2023,CUST-69436,UK,samsung,Galaxy S24,1428.81,5.0,0.149,UPI,2.3,True
ORD-100244,02/21/2024,CUST-88348,india ,xiaomi,Redmi 12,959.48,1.0,0.218,Credit Card,2.2,0
ORD-100317,2022-02-08,CUST-21678,Australia,Google,Pixel 8,693.99,1.0,0.213,Credit Card,2.9,False
ORD-100476,26-11-2022,CUST-88202,Singapore,Motorola,Edge 40 Pro,1281.26,,0.276,Debit Card,3.7,no
ORD-102032,02/15/2024,CUST-34227,FRANCE,Sony,Xperia 1 V,1037.84,1.0,0.058,Debit Card,3.9,False
ORD-100957,2024-05-09,CUST-52628,USA,Motorola,Edge 40 Pro,,4.0,0.206,PayPal,4.4,False
ORD-103948,2022-05-06,CUST-41478,Canada,Samsung,Galaxy A54,490.49,1.0,0.169,Debit Card,1.7,1
ORD-100813,2023-11-02,CUST-99897,Singapore,Motorola,Moto G84,1377.21,5.0,0.352,COD,4.0,False
ORD-104238,2024-11-12,CUST-71836,Singapore,Google,Pixel 8 Pro,1322.58,5.0,0.111,UPI,2.3,True
ORD-101914,2024-04-04,CUST-85390,Australia,Motorola,Moto G84,517.24,4.0,0.315,Bank Transfer,2.8,False
ORD-104677,11/10/2023,CUST-64180,France,Xiaomi,Redmi Note 13,1253.54,2.0,,,1.3,no
ORD-103487,2024-12-03,CUST-17823,India,Google,Pixel 7a,1425.38,4.0,0.233,PayPal,4.8,False
ORD-101297,05-02-2024,CUST-88923,Germany,Samsung,Galaxy Z Fold 5,1181.71,4.0,0.122,UPI,3.5,False
ORD-104619,12-01-2023,CUST-66364,Brazil,Sony,Xperia 10 V,448.18,3.0,0.006,Credit Card,4.9,False
ORD-101804,12-07-2022,CUST-35956,germany,XIAOMI,Xiaomi 14,532.78,1.0,0.182,Credit Card,0.0,False
ORD-100758,09/28/2024,CUST-20289,India,ONEPLUS,OnePlus 12,1349.08,3.0,0.335,Bank Transfer,1.3,no
ORD-100250,07/22/2022,CUST-56572,UK,Sony,Xperia 1 V,512.48,2.0,0.011,Bank Transfer,4.7,False
ORD-102461,2023-03-02,CUST-94335,Brazil,xiaomi,Redmi Note 13,487.16,1.0,0.398,Debit Card,0.0,1
ORD-100545,27-11-2022,CUST-26578,Brazil,SAMSUNG,Galaxy S23,256.94,3.0,0.14,,2.5,True
ORD-103241,2024-06-14,CUST-53369,Germany,APPLE,iPhone SE,926.52,5.0,0.171,Bank Transfer,1.6,no
ORD-100738,01-09-2022,CUST-47664,Brazil,Motorola,Moto G53,1444.59,3.0,0.134,PayPal,,False
ORD-100310,12/04/2023,CUST-99269,Japan,samsung,Galaxy Z Fold 5,426.81,5.0,0.298,PayPal,1.8,False
ORD-103911,2023-06-25,CUST-25014,uk,Sony,Xperia 10 V,381.15,4.0,0.098,PayPal,3.6,True
ORD-102941,21-12-2023,CUST-45505,uk,OnePlus,OnePlus 11,1462.72,1.0,0.213,Debit Card,4.3,False
ORD-101131,30-05-2023,CUST-95240,France,Sony,Xperia 5 V,1365.5,4.0,0.078,COD,4.9,yes
ORD-101449,06/11/2023,CUST-27851,India,SAMSUNG,Galaxy S23,899.07,,0.1,Bank Transfer,,False
ORD-104998,10/06/2022,CUST-24748,USA,Motorola,Edge 40 Pro,845.33,5.0,0.106,Bank Transfer,3.2,1
ORD-100015,27-02-2023,CUST-63943,Japan,,Galaxy Z Fold 5,314.46,1.0,0.232,PayPal,4.2,0
ORD-103232,2022-02-25,CUST-33289,USA,Apple,iPhone 15,389.59,4.0,0.01,Debit Card,2.4,no
ORD-102769,10-03-2024,CUST-77107,India,Apple,iPhone 15,482.94,5.0,0.177,COD,1.6,True
ORD-103468,12/14/2022,CUST-38494,U.K.,Samsung,Galaxy S23,660.19,1.0,0.368,UPI,4.0,no
ORD-100920,11/13/2023,CUST-82354,UK,OnePlus,OnePlus Nord 3,455.1,5.0,0.242,PayPal,2.8,False
ORD-103029,12/13/2022,CUST-85639,Australia,XIAOMI,Redmi Note 13,1470.87,3.0,0.098,PayPal,2.0,no
ORD-101372,2024-02-19,CUST-28175,USA,Google,Pixel 7a,1296.17,4.0,0.126,Bank Transfer,2.6,no
ORD-103587,2023-03-11,CUST-74845,UK,Apple,iPhone 15 Pro,701.85,4.0,0.39,Bank Transfer,2.4,True
ORD-102544,05/02/2024,CUST-81838,Australia,OnePlus,OnePlus 11,952.59,,0.334,Bank Transfer,3.9,0
ORD-103598,2024-07-19,CUST-29178,Australia,Google,Pixel 8,1210.6,2.0,0.229,Credit Card,2.4,1
ORD-100038,,CUST-16987,France,Google,Pixel 7a,169.81,4.0,0.061,COD,1.5,False
ORD-100363,05/29/2022,CUST-61494,Germany,Google,Pixel 8,1051.69,5.0,0.156,PayPal,2.1,False
ORD-104167,2022-10-15,CUST-12829,india,Apple,iPhone SE,214.53,4.0,0.303,UPI,3.4,no
ORD-100182,07-03-2023,CUST-45885,Australia,OnePlus,OnePlus 11,948.33,4.0,0.289,UPI,2.5,False
ORD-103033,16-10-2024,CUST-88326,Australia,GOOGLE,Pixel 8,226.63,2.0,0.321,Debit Card,3.4,True
ORD-102983,08/08/2024,CUST-32826,Japan,Google,Pixel 8,1218.29,5.0,0.067,Credit Card,4.0,
ORD-101194,10/31/2022,CUST-96124,Canada,google,Pixel 8,419.02,4.0,0.047,Bank Transfer,2.9,False
ORD-102852,2024-07-16,CUST-10161,Australia,Apple,iPhone 15 Pro,782.49,2.0,0.388,Credit Card,1.7,False
ORD-103979,10-10-2022,CUST-96581,UK,Apple,iPhone 14,606.42,3.0,0.064,Bank Transfer,2.8,False
ORD-101121,25-08-2023,CUST-96530,Brazil,Sony,Xperia 1 V,348.57,4.0,0.297,UPI,3.0,False
ORD-102235,09-09-2024,CUST-52969,Canada,Google,Pixel 8 Pro,886.07,4.0,0.199,Bank Transfer,1.7,0
ORD-102667,11/21/2022,CUST-74188,Canada,ONEPLUS,OnePlus 11,757.98,1.0,0.111,PayPal,2.0,False
ORD-103829,2024-05-27,CUST-42267,Germany,XIAOMI,Redmi Note 13,846.2,4.0,0.028,,2.5,False
ORD-103223,08-06-2022,CUST-31221,Australia,Motorola,Edge 40 Pro,929.24,3.0,,COD,1.8,no
ORD-101182,2022-12-07,CUST-56796,india,xiaomi,Xiaomi 14,357.86,2.0,0.184,Credit Card,4.9,0
ORD-104251,10/09/2024,CUST-15414,Australia,Motorola,Moto G84,637.95,1.0,0.284,Debit Card,1.6,True
ORD-104728,2022-03-03,CUST-26473,germany,Xiaomi,Xiaomi 14,1481.72,2.0,0.064,PayPal,3.0,0
ORD-100614,10/24/2023,CUST-61792,UK,Samsung,,650.49,5.0,0.012,PayPal,1.8,False
ORD-104987,07/27/2022,CUST-35180,India,XIAOMI,Redmi 12,369.72,2.0,0.047,Debit Card,2.1,True
ORD-101466,29-11-2024,CUST-50299,USA,google,Pixel 7a,1268.51,1.0,0.075,Credit Card,4.5,False
ORD-100401,08/29/2022,CUST-23297,Australia,OnePlus,OnePlus 12,632.36,5.0,0.171,COD,1.4,yes
ORD-103042,06/08/2024,CUST-20682,UK,,OnePlus 12,956.11,3.0,0.389,COD,1.6,False
ORD-100934,02/21/2022,CUST-84561,UK,Apple,iPhone SE,743.06,0.0,0.315,Debit Card,3.0,1
ORD-102419,28-10-2024,CUST-86083,Australia,Samsung,Galaxy S23,553.33,4.0,0.234,Debit Card,3.2,False
ORD-104755,08-04-2024,CUST-74868,France,OnePlus,OnePlus Nord 3,906.7,2.0,0.324,Credit Card,1.9,1
ORD-104588,05-10-2022,CUST-97081,U.K.,Xiaomi,Xiaomi 14,588.96,3.0,0.238,COD,2.4,False
ORD-102641,2024-01-19,CUST-91863,France,Apple,iPhone SE,1380.13,-1.0,0.37,Bank Transfer,4.2,True
ORD-104121,02/19/2023,CUST-88351,UK,Sony,Xperia 5 V,1353.39,4.0,0.027,Credit Card,1.8,False
ORD-100726,01-10-2022,CUST-27964,USA,Apple,iPhone 14,,4.0,0.019,Debit Card,3.0,1
ORD-100826,08/03/2024,CUST-47810,USA,Motorola,Moto G84,,4.0,0.368,PayPal,1.9,0
ORD-101521,17-10-2022,CUST-25026,Brazil,ONEPLUS,OnePlus Nord 3,947.92,3.0,0.376,Bank Transfer,1.3,False
ORD-104822,21-03-2023,CUST-32975,Singapore,APPLE,iPhone 14,938.98,,0.009,Debit Card,1.9,True
ORD-102930,2023-06-30,CUST-47889,Canada,Samsung,Galaxy S24,668.92,-1.0,0.381,COD,3.8,0
ORD-100136,,CUST-29394,France,Motorola,,590.41,2.0,0.092,PayPal,3.0,False
ORD-103590,02/27/2022,CUST-75305,Brazil,apple,iPhone SE,1198.96,5.0,0.161,Bank Transfer,2.7,False
ORD-100628,28-01-2023,CUST-90788,Brazil,apple,iPhone SE,1384.33,2.0,0.311,Bank Transfer,3.4,yes
ORD-100334,09/03/2022,CUST-98226,Singapore,Motorola,Moto G53,1140.01,1.0,0.094,COD,4.1,1
ORD-100390,2023-12-23,CUST-92556,Japan,Motorola,Moto G84,,1.0,0.045,PayPal,3.2,0
ORD-104458,08-07-2024,CUST-85719,Australia,Apple,iPhone 15,872.14,5.0,0.382,Debit Card,2.9,True
ORD-104954,2023-04-22,CUST-12303,France,OnePlus,OnePlus 11,1377.32,3.0,0.241,COD,3.9,False
ORD-103964,10/21/2024,CUST-15094,UK,Samsung,Galaxy S24,408.95,3.0,0.351,PayPal,3.2,no
ORD-101817,14-03-2022,CUST-98135,Japan,xiaomi,POCO F5,953.5,4.0,0.305,PayPal,1.0,False
ORD-100400,2024-09-10,CUST-19865,Japan,Xiaomi,Redmi 12,192.21,3.0,0.154,Bank Transfer,0.0,False
ORD-100710,10/07/2023,CUST-26247,France,samsung,Galaxy S23,1424.1,1.0,0.147,Debit Card,,yes
ORD-101039,23-12-2022,CUST-38000,GERMANY,ONEPLUS,OnePlus 12,1278.8,5.0,0.159,COD,3.1,False
ORD-100777,17-01-2023,CUST-14701,Brazil,SAMSUNG,Galaxy S24,700.01,4.0,0.025,COD,3.4,False
ORD-103359,,CUST-63773,Brazil,ONEPLUS,OnePlus 12,,3.0,0.32,Bank Transfer,1.2,False
ORD-100046,2023-11-30,CUST-96691,Brazil,Samsung,Galaxy S23,1221.46,2.0,0.37,Debit Card,1.1,True
ORD-101561,2023-03-28,CUST-18240,Inda,Motorola,Moto G84,757.39,1.0,0.034,COD,2.4,1
ORD-104877,2022-11-19,CUST-74524,Singapore,OnePlus,OnePlus 12,176.75,5.0,0.024,PayPal,,0
ORD-103642,30-08-2024,CUST-39988,UK,ONEPLUS,OnePlus 11,195.06,1.0,0.014,Bank Transfer,2.6,True
ORD-103726,08/24/2023,CUST-48985,France,oneplus,OnePlus 11,348.33,3.0,0.204,UPI,2.9,yes
ORD-104921,2022-09-24,CUST-46294,Australia,Motorola,Moto G84,975.04,4.0,0.337,COD,4.6,1
ORD-101112,07-12-2022,CUST-73940,GERMANY,Sony,Xperia 10 V,225.03,5.0,0.329,Credit Card,3.0,False
ORD-102513,01/27/2022,CUST-59389,Canada,Sony,Xperia 10 V,688.44,2.0,0.361,COD,3.8,False
ORD-103608,17-04-2022,CUST-70321,Australia,Samsung,Galaxy A54,1426.2,-1.0,0.349,Credit Card,2.0,False
ORD-101223,02-04-2022,CUST-18070,Canada,GOOGLE,Pixel 8,296.24,1.0,0.137,PayPal,4.7,no
ORD-104935,,CUST-96998,Japan,oneplus,OnePlus Nord 3,816.71,5.0,0.284,Bank Transfer,,True
ORD-103023,23-03-2022,CUST-60301,Singapore,Apple,iPhone 14,1332.5,3.0,,Bank Transfer,4.6,0
ORD-102421,2024-03-04,CUST-74064,Canada,samsung,Galaxy S23,464.58,4.0,0.37,Debit Card,3.0,True
ORD-101508,04/29/2024,CUST-76795,India,Xiaomi,Redmi 12,878.44,2.0,0.377,PayPal,1.0,False
ORD-101750,2024-08-13,CUST-12272,France,Motorola,Edge 40 Pro,1160.04,4.0,0.215,COD,3.8,no
ORD-104915,2023-08-01,CUST-61741,Japan,Xiaomi,Redmi 12,219.45,1.0,0.156,PayPal,1.5,False
ORD-104162,09-11-2024,CUST-82982,UK,Motorola,Moto G84,355.75,5.0,0.143,UPI,2.5,False
ORD-101799,09/05/2024,CUST-99963,France,Sony,Xperia 5 V,364.95,2.0,0.061,COD,2.8,True
ORD-100338,,CUST-73349,Japan,google,Pixel 8,810.45,4.0,0.34,,3.7,1
ORD-100215,2023-07-19,CUST-23430,Singapore,Google,Pixel 7a,765.92,4.0,0.342,Debit Card,3.8,True
ORD-103663,2023-06-11,CUST-50465,India,Apple,iPhone 14,818.91,5.0,0.012,Credit Card,3.6,False
ORD-101341,2023-07-08,CUST-29509,Australia,OnePlus,OnePlus 11,386.57,1.0,0.192,Credit Card,3.5,False
ORD-100011,2022-01-12,CUST-94403,Brazil,OnePlus,,296.57,5.0,0.264,UPI,4.1,False
ORD-101520,08/22/2023,CUST-24733,GERMANY,Motorola,Edge 40 Pro,841.69,5.0,0.018,Credit Card,,False
ORD-103640,08-08-2023,CUST-64883,Japan,XIAOMI,Redmi 12,443.7,4.0,0.314,UPI,4.0,yes
ORD-104073,10-10-2023,CUST-28218,GERMANY,Motorola,Moto G53,-999.0,5.0,0.122,COD,2.1,
ORD-103906,07-09-2024,CUST-57550,,OnePlus,OnePlus 12,1440.68,4.0,0.355,PayPal,3.2,False
ORD-103004,01-01-2024,CUST-53754,INDIA,Samsung,Galaxy Z Fold 5,759.66,1.0,0.148,UPI,4.5,yes
ORD-102864,01/16/2023,CUST-86295,Canada,OnePlus,OnePlus 12,1484.05,1.0,0.143,UPI,4.8,True
ORD-103115,2023-12-29,CUST-14545,India,Google,Pixel 8,1370.45,4.0,0.165,Debit Card,4.0,False
ORD-104918,22-10-2024,CUST-49641,Canada,xiaomi,POCO F5,209.6,5.0,0.271,PayPal,3.1,0
ORD-102322,11/07/2024,CUST-13404,USA,Google,Pixel 8 Pro,728.73,1.0,0.2,Bank Transfer,3.7,1
ORD-102571,2023-12-13,CUST-60322,France,,iPhone 15 Pro,525.79,5.0,0.022,Bank Transfer,4.0,True
ORD-102913,03/01/2024,CUST-77322,Australia,SAMSUNG,Galaxy A54,1328.72,3.0,0.307,Credit Card,3.0,True
ORD-100101,03/16/2023,CUST-43905,Australia,OnePlus,OnePlus Nord 3,1242.1,2.0,0.261,Bank Transfer,3.5,False
ORD-103549,11-04-2023,CUST-36059,France,samsung,Galaxy A54,579.53,2.0,0.269,UPI,3.7,
ORD-101458,01-06-2023,CUST-24174,Singapore,xiaomi,Redmi Note 13,498.77,3.0,0.121,COD,4.2,True
ORD-100171,04/09/2022,CUST-63834,Germany,OnePlus,OnePlus 12,193.99,1.0,0.032,PayPal,4.9,False
ORD-100107,03/16/2024,CUST-23824,UK,Sony,Xperia 1 V,619.66,5.0,0.175,PayPal,2.5,
ORD-104264,2023-09-01,CUST-30078,Brazil,GOOGLE,Pixel 8,187.37,1.0,0.114,Credit Card,4.3,True
ORD-103569,11/04/2022,CUST-67841,Japan,Google,Pixel 7a,278.44,4.0,0.203,Debit Card,2.1,1
ORD-101859,2023-07-12,CUST-82837,USA,xiaomi,POCO F5,930.03,4.0,0.301,PayPal,4.2,True
ORD-104093,04-05-2022,CUST-75878,Germany,XIAOMI,Redmi Note 13,797.84,4.0,0.147,Debit Card,4.6,1
ORD-104366,,CUST-29753,Germany,Apple,iPhone 14,204.99,1.0,0.066,UPI,1.3,False
ORD-100024,2024-06-20,CUST-96443,UK,Google,Pixel 8 Pro,539.0,1.0,0.344,Credit Card,3.5,0
ORD-103995,2023-07-07,CUST-12233,Canada,Xiaomi,Xiaomi 14,594.16,3.0,0.134,Credit Card,2.9,True
ORD-104189,2023-12-04,CUST-43338,UK,APPLE,iPhone 15,426.79,,0.261,UPI,2.6,True
ORD-100938,05-12-2022,CUST-97811,Germany,Xiaomi,POCO F5,550.19,4.0,0.23,PayPal,2.2,False
ORD-100060,05/04/2023,CUST-62002,India,Apple,iPhone SE,989.41,4.0,0.118,UPI,4.3,0
ORD-101240,2024-02-28,CUST-78871,Singapore,OnePlus,OnePlus Nord 3,350.49,,0.058,COD,4.6,False
ORD-104713,2023-04-13,CUST-78480,USA,google,Pixel 8 Pro,740.03,5.0,0.347,Bank Transfer,4.3,
ORD-101040,05-05-2022,CUST-92202,Brazil,,Galaxy A54,739.86,2.0,0.258,Debit Card,3.9,False
ORD-104254,02-09-2023,CUST-80670,france,OnePlus,OnePlus 11,688.71,4.0,0.112,COD,1.6,1
ORD-102760,2023-04-04,CUST-11402,France,Apple,iPhone 15 Pro,898.93,5.0,0.289,UPI,3.0,1
ORD-102120,2022-07-24,CUST-45469,France,Xiaomi,Redmi 12,1405.61,3.0,0.231,Debit Card,3.9,False
ORD-101524,01-11-2024,CUST-48757,Germany,Samsung,Galaxy S24,757.57,5.0,0.25,COD,2.2,no
ORD-103521,22-07-2023,CUST-87139,Singapore,Motorola,Moto G84,1401.24,5.0,0.232,COD,1.4,True
ORD-100153,06/04/2022,CUST-48128,Australia,Motorola,Moto G53,1468.3,2.0,0.012,UPI,1.8,False
ORD-102248,01/29/2024,CUST-51444,Germany,Sony,Xperia 5 V,775.95,4.0,0.051,Bank Transfer,1.9,yes
ORD-100481,01/28/2022,CUST-43667,Canada,Google,Pixel 8 Pro,1211.62,5.0,0.301,,2.9,1
ORD-104301,07/11/2022,CUST-46738,France,Sony,Xperia 5 V,1426.31,,0.376,Debit Card,4.6,False
ORD-104376,2024-12-13,CUST-95106,India,Motorola,Moto G84,1056.12,4.0,0.043,,4.3,False
ORD-103578,12/08/2022,CUST-44961,Canada,OnePlus,OnePlus 12,815.05,,0.113,Bank Transfer,4.8,0
ORD-104192,,CUST-36064,UK,XIAOMI,Redmi 12,943.55,1.0,0.208,UPI,3.0,1
ORD-103562,21-10-2023,CUST-63426,USA,Xiaomi,Redmi Note 13,362.38,1.0,0.085,UPI,4.5,False
ORD-103315,2024-09-14,CUST-33866,USA,Sony,Xperia 10 V,1386.93,2.0,0.08,,4.5,False
ORD-101762,2023-10-25,CUST-94669,Singapore,google,Pixel 8,210.88,2.0,0.176,UPI,1.2,False
ORD-103538,03/13/2022,CUST-51716,Canada,Motorola,Edge 40 Pro,758.27,2.0,0.268,COD,3.8,True
ORD-104881,06/15/2024,CUST-70956,Canada,OnePlus,OnePlus 12,210.44,3.0,0.025,Debit Card,3.3,no
ORD-100750,11/05/2022,CUST-71581,USA,google,Pixel 7a,225.78,4.0,0.359,Credit Card,2.4,no
ORD-103619,2022-05-01,CUST-48426,USA,Google,Pixel 8,689.91,4.0,0.344,Credit Card,1.1,False
ORD-101785,28-03-2022,CUST-30556,Canada,samsung,Galaxy S24,,5.0,0.32,COD,4.5,False
ORD-104762,27-05-2023,CUST-48486,USA,Apple,iPhone SE,367.79,2.0,0.277,,1.8,False
ORD-103383,02-03-2022,CUST-74802,USA,ONEPLUS,OnePlus Nord 3,0.0,2.0,0.337,Credit Card,4.4,True
ORD-104205,05/28/2022,CUST-99885,,GOOGLE,Pixel 7a,325.04,2.0,0.353,PayPal,2.7,1
ORD-100405,0000-00-00,CUST-95002,France,oneplus,OnePlus Nord 3,1343.17,1.0,0.057,UPI,4.0,1
ORD-100757,2023-05-22,CUST-78634,,apple,iPhone 15 Pro,605.82,3.0,0.019,UPI,1.2,False
ORD-102711,2023-10-02,CUST-18519,UK,OnePlus,OnePlus 11,209.07,2.0,0.235,PayPal,4.8,no
ORD-102670,07-06-2023,CUST-79820,Singapore,XIAOMI,Xiaomi 14,839.06,2.0,0.101,PayPal,2.8,0
ORD-104653,30-07-2024,CUST-90590,UK,Motorola,Edge 40 Pro,372.32,2.0,0.117,Credit Card,3.4,0
ORD-100097,01/20/2024,CUST-63764,Singapore,SAMSUNG,Galaxy Z Fold 5,1153.66,,-0.081,Credit Card,2.3,True
ORD-101333,2023-03-30,CUST-63873,Singapore,Sony,Xperia 5 V,387.47,4.0,0.109,Bank Transfer,1.9,False
ORD-104525,2024-05-22,CUST-40211,Brazil,GOOGLE,Pixel 8,637.73,4.0,0.275,COD,3.8,False
ORD-102791,2024-08-19,CUST-73845,Germany,Samsung,Galaxy A54,987.06,4.0,0.233,PayPal,3.0,False
ORD-102854,09/24/2024,CUST-29690,U.S.A,Samsung,Galaxy S23,1124.52,1.0,0.333,Bank Transfer,2.9,False
ORD-100186,2022-11-17,CUST-11887,Australia,Xiaomi,Redmi 12,646.92,2.0,0.365,PayPal,4.3,0
ORD-101136,07/10/2022,CUST-99789,Brazil,Google,Pixel 8,794.46,1.0,,Bank Transfer,3.3,no
ORD-102723,07/14/2023,CUST-72112,Japan,Sony,,683.97,5.0,0.165,COD,1.6,yes
ORD-103583,04/16/2024,CUST-50396,Japan,Xiaomi,Redmi Note 13,1423.53,2.0,0.015,PayPal,4.8,False
ORD-102058,11/01/2023,CUST-11125,Australia,Samsung,Galaxy S23,1483.02,1.0,0.03,Debit Card,2.2,False
ORD-101319,09-02-2022,CUST-59179,Singapore,Samsung,Galaxy Z Fold 5,176.99,3.0,0.288,Credit Card,2.6,1
ORD-104266,2023-09-19,CUST-91752,U.K.,Motorola,Moto G53,947.14,1.0,0.303,PayPal,3.3,True
ORD-100148,04-03-2023,CUST-32627,Australia,ONEPLUS,OnePlus 12,356.12,1.0,0.056,UPI,2.7,yes
ORD-100028,2023-02-21,CUST-76373,USA,Sony,Xperia 10 V,797.14,4.0,0.38,PayPal,4.4,False
ORD-104207,04/06/2023,CUST-59556,Germany,Motorola,,766.56,1.0,-0.065,Debit Card,4.8,True
ORD-101394,28-01-2024,CUST-53257,United States,samsung,,774.92,3.0,0.198,PayPal,4.8,False
ORD-103363,28-05-2024,CUST-73248,Brazil,SAMSUNG,Galaxy S23,671.51,1.0,0.144,PayPal,1.5,False
ORD-100692,19-07-2023,CUST-15816,India,Motorola,Moto G53,1001.33,1.0,0.281,Credit Card,4.1,False
ORD-102866,05/21/2022,CUST-85813,,xiaomi,POCO F5,718.86,2.0,0.291,Debit Card,1.2,False
ORD-103776,2024-04-06,CUST-38326,Germany,,Moto G53,889.38,2.0,0.198,Bank Transfer,2.6,False
ORD-101386,05/02/2022,CUST-25016,uk,Motorola,Moto G84,1429.22,3.0,0.139,Bank Transfer,2.4,False
ORD-101845,2024-06-17,CUST-12448,Canada,XIAOMI,Redmi 12,634.09,5.0,0.188,COD,1.4,False
ORD-104808,02/24/2024,CUST-21366,France,OnePlus,OnePlus Nord 3,,1.0,0.331,Bank Transfer,4.5,False
ORD-100129,09/28/2023,CUST-80133,Germany,OnePlus,OnePlus Nord 3,422.06,3.0,0.14,COD,1.6,
ORD-101599,22-04-2022,CUST-52359,Germany,ONEPLUS,OnePlus Nord 3,1198.3,1.0,0.374,PayPal,2.6,False
ORD-103629,10-10-2024,CUST-10151,France,oneplus,OnePlus 12,1248.64,2.0,0.257,Bank Transfer,3.3,False
ORD-104577,2022-07-04,CUST-56987,Brazil,Xiaomi,POCO F5,706.92,4.0,0.34,UPI,2.1,True
ORD-100701,29-09-2024,CUST-11743,Japan,OnePlus,OnePlus 12,1160.59,5.0,0.204,PayPal,4.6,False
ORD-103547,01/03/2023,CUST-91724,UK,Xiaomi,Xiaomi 14,443.77,1.0,0.261,PayPal,4.1,yes
ORD-103028,16-06-2023,CUST-25490,Canada,,Pixel 7a,1257.7,5.0,0.321,Bank Transfer,4.9,True
ORD-102969,11-02-2023,CUST-13798,Canada,,Galaxy A54,1276.03,2.0,0.151,Credit Card,1.1,False
ORD-104427,29-12-2024,CUST-12527,France,Google,Pixel 8,1322.77,2.0,0.182,PayPal,2.5,False
ORD-101708,2024-07-24,CUST-76674,UK,Apple,iPhone 15,230.17,3.0,0.336,Bank Transfer,3.4,False
ORD-102953,04/22/2024,CUST-31783,Brazil,Google,Pixel 8 Pro,1277.06,5.0,0.335,COD,4.7,0
ORD-100454,,CUST-72213,USA,Xiaomi,Redmi 12,1027.71,4.0,0.293,Debit Card,3.9,no
ORD-102868,2022-12-06,CUST-18217,Australia,Google,Pixel 8 Pro,1357.04,3.0,0.019,UPI,1.9,no
ORD-102040,2022-12-17,CUST-81272,USA,APPLE,iPhone 15,529.56,3.0,0.247,UPI,1.5,1
ORD-101772,10/17/2024,CUST-25658,Japan,Motorola,Edge 40 Pro,986.2,4.0,0.258,Credit Card,3.4,False
ORD-102315,2022-12-12,CUST-62718,Japan,xiaomi,Redmi 12,1076.01,3.0,0.291,Credit Card,1.7,yes
ORD-100609,28-02-2022,CUST-95441,Brazil,google,Pixel 8 Pro,229.83,5.0,,Credit Card,1.7,True
ORD-100167,2024-09-17,CUST-62876,INDIA,Sony,Xperia 1 V,320.85,5.0,0.289,PayPal,3.5,False
ORD-100730,21-05-2024,CUST-93269,UK,oneplus,OnePlus 12,1268.33,3.0,0.095,PayPal,3.6,yes
ORD-104318,2022-11-24,CUST-73451,Australia,apple,iPhone 15 Pro,1260.73,3.0,0.316,Bank Transfer,2.8,1
ORD-103358,06/01/2024,CUST-55317,Australia,OnePlus,OnePlus Nord 3,877.46,,0.219,Debit Card,1.7,False
ORD-103896,01/21/2023,CUST-91596,,Xiaomi,Xiaomi 14,1354.9,3.0,0.376,COD,,False
ORD-102074,09/28/2023,CUST-56971,Germany,Apple,iPhone 14,608.99,5.0,0.348,Debit Card,3.0,0
ORD-104501,24-12-2024,CUST-72551,Australia,GOOGLE,Pixel 7a,1027.2,5.0,0.184,UPI,1.6,no
ORD-103945,05/08/2022,CUST-39605,Japan,Xiaomi,Xiaomi 14,352.79,1.0,0.399,PayPal,2.7,True
ORD-103700,06-07-2023,CUST-23283,United States,Apple,iPhone 15,1424.56,3.0,0.397,,2.7,no
ORD-101622,06/11/2022,CUST-81450,USA,Apple,iPhone SE,679.78,5.0,0.078,COD,1.1,True
ORD-100587,03/03/2022,CUST-60156,,Google,Pixel 8 Pro,843.45,4.0,0.373,Credit Card,2.1,1
ORD-101401,10-02-2024,CUST-79627,Brazil,OnePlus,OnePlus Nord 3,1070.97,2.0,0.315,Debit Card,2.6,True
ORD-103045,2022-02-11,CUST-81120,USA,xiaomi,Redmi Note 13,257.25,5.0,,PayPal,3.5,0
ORD-103224,03/08/2024,CUST-51338,UK,ONEPLUS,OnePlus 12,672.98,1.0,0.225,Debit Card,2.4,False
ORD-101700,2022-04-28,CUST-96910,Australia,Xiaomi,Xiaomi 14,1374.12,1.0,0.158,Bank Transfer,3.1,False
ORD-103088,2024-07-30,CUST-21559,India,Motorola,Edge 40 Pro,922.22,3.0,0.283,Bank Transfer,2.1,False
ORD-104461,12/20/2023,CUST-73603,Australia,Google,Pixel 7a,721.31,1.0,0.303,COD,3.3,no
ORD-102981,05/12/2022,CUST-39032,Germany,GOOGLE,Pixel 7a,1372.98,4.0,,Debit Card,2.0,0
ORD-100040,2024-12-18,CUST-92832,France,xiaomi,POCO F5,755.12,2.0,0.174,COD,1.6,False
ORD-101379,2022-08-12,CUST-82826,Singapore,xiaomi,Redmi 12,405.12,2.0,0.333,Credit Card,4.5,False
ORD-102089,04/13/2022,CUST-47315,Germany,OnePlus,OnePlus 11,354.84,4.0,0.241,Credit Card,3.8,False
ORD-103924,10/17/2022,CUST-89225,,Xiaomi,Xiaomi 14,1092.21,2.0,0.301,PayPal,1.3,False
ORD-102175,2023-11-12,CUST-62383,Brazil,xiaomi,POCO F5,1040.05,5.0,0.341,Credit Card,3.1,0
ORD-103217,11/12/2022,CUST-58989,Canada,apple,iPhone 15,1455.48,3.0,0.383,UPI,3.8,False
ORD-102885,15-08-2022,CUST-94223,India,Sony,Xperia 10 V,850.16,4.0,0.286,Credit Card,1.9,True
ORD-100074,05-06-2022,CUST-81808,,OnePlus,OnePlus Nord 3,580.85,4.0,0.24,UPI,4.8,False
ORD-104695,2024-06-24,CUST-27488,Japan,SAMSUNG,Galaxy A54,1074.07,2.0,0.289,PayPal,3.5,yes
ORD-104026,05-04-2022,CUST-54807,USA,Motorola,Moto G53,440.28,3.0,0.339,Debit Card,4.9,0
ORD-102657,30-06-2024,CUST-65977,Singapore,XIAOMI,POCO F5,1200.68,1.0,0.351,Bank Transfer,3.3,True
ORD-103180,10/23/2022,CUST-97329,India,,OnePlus 11,457.64,5.0,0.382,COD,,1
ORD-102076,2022-09-14,CUST-44949,france,XIAOMI,Xiaomi 14,1390.5,3.0,0.253,Debit Card,4.9,False
ORD-100441,03-03-2022,CUST-70124,Australia,Google,,670.49,,,Credit Card,1.9,no
ORD-104388,2024-11-09,CUST-65059,Australia,Samsung,Galaxy A54,1153.93,5.0,0.185,Debit Card,3.3,False
ORD-102051,2022-08-18,CUST-33446,Germany,Motorola,Moto G84,1443.26,1.0,0.014,PayPal,4.4,no
ORD-102541,08/13/2022,CUST-59888,U.S.A,ONEPLUS,OnePlus 11,1091.08,3.0,0.185,COD,2.3,False
ORD-103306,10-07-2022,CUST-77919,UK,SAMSUNG,Galaxy S23,280.05,4.0,0.113,Debit Card,3.5,False
ORD-101301,07/04/2023,CUST-98161,India,APPLE,iPhone SE,901.99,1.0,0.02,Bank Transfer,1.6,
ORD-101781,08/20/2023,CUST-10567,USA,Motorola,Moto G84,948.22,4.0,0.027,Bank Transfer,3.5,False
ORD-104892,14-05-2024,CUST-77346,France,APPLE,iPhone 15,1044.62,1.0,0.192,UPI,4.8,True
ORD-103430,03/13/2024,CUST-61277,France,GOOGLE,,784.24,3.0,0.112,Credit Card,4.5,no
ORD-101304,2024-03-25,CUST-16324,Australia,google,Pixel 7a,1365.46,1.0,0.058,Credit Card,4.5,False
ORD-100236,2023-10-13,CUST-29461,india ,google,Pixel 8 Pro,1407.91,2.0,0.26,UPI,5.2,False
ORD-102599,2024-02-08,CUST-93473,USA,SAMSUNG,Galaxy Z Fold 5,959.22,5.0,0.243,PayPal,4.4,no
ORD-100520,06-07-2022,CUST-51030,U.S.A,Apple,iPhone 15,1347.47,1.0,0.034,,4.8,True
ORD-102573,09/18/2023,CUST-56409,Singapore,Apple,iPhone 15,1310.48,2.0,0.285,Debit Card,3.2,1
ORD-103280,2023-02-27,CUST-57327,uk,Google,Pixel 8 Pro,404.92,5.0,-0.032,UPI,2.4,True
ORD-103186,14-10-2023,CUST-17190,France,Google,Pixel 8,192.89,2.0,0.008,UPI,,yes
ORD-103953,2022-09-25,CUST-94166,Brazil,OnePlus,OnePlus Nord 3,1367.17,4.0,0.357,Debit Card,4.7,yes
ORD-102768,2024-02-19,CUST-41816,Brazil,XIAOMI,Redmi Note 13,987.07,2.0,0.331,PayPal,4.9,True
ORD-100735,,CUST-54941,USA,Xiaomi,Xiaomi 14,566.71,5.0,0.096,PayPal,6.5,False
ORD-104780,26-10-2023,CUST-80250,Brazil,Motorola,Edge 40 Pro,237.0,2.0,0.143,Credit Card,3.8,0
ORD-104414,10/31/2022,CUST-34976,Singapore,oneplus,OnePlus Nord 3,1063.91,3.0,0.339,,4.2,no
ORD-102106,11-12-2023,CUST-56826,France,ONEPLUS,OnePlus 11,266.64,3.0,0.057,Credit Card,2.9,False
ORD-102679,10/03/2024,CUST-64554,Singapore,Apple,iPhone SE,1141.66,1.0,0.206,COD,3.6,no
ORD-103229,03/20/2022,CUST-10450,Germany,Google,Pixel 7a,1495.89,5.0,,PayPal,5.0,0
ORD-102761,30-08-2022,CUST-67579,U.K.,OnePlus,OnePlus Nord 3,990.12,5.0,0.056,UPI,2.9,
ORD-100592,2024-05-17,CUST-11856,France,Google,Pixel 7a,1453.99,1.0,,Bank Transfer,4.1,no
ORD-101303,2022-08-02,CUST-73055,India,oneplus,OnePlus 11,245.43,5.0,0.271,COD,3.8,False
ORD-101387,2023-12-04,CUST-92068,Canada,Samsung,,550.78,1.0,,UPI,4.0,False
ORD-104771,04/23/2024,CUST-64840,Australia,SAMSUNG,Galaxy S24,277.81,4.0,0.358,,4.7,True
ORD-104600,2024-11-27,CUST-54775,USA,GOOGLE,Pixel 7a,1158.43,5.0,0.163,Credit Card,1.0,True
ORD-104083,2024-11-06,CUST-50824,Brazil,google,Pixel 7a,1023.33,2.0,0.12,Debit Card,1.7,False
ORD-101890,,CUST-50211,USA,XIAOMI,Redmi Note 13,465.66,2.0,0.225,Debit Card,3.8,True
ORD-102987,22-02-2024,CUST-24704,France,oneplus,OnePlus 11,1156.53,5.0,0.005,Credit Card,3.3,False
ORD-101090,2024-04-09,CUST-24608,Brazil,google,Pixel 7a,1212.29,1.0,0.218,COD,4.3,False
ORD-103297,01-06-2022,CUST-70610,Australia,XIAOMI,Redmi 12,1398.33,1.0,0.269,PayPal,4.8,False
ORD-100904,23-01-2024,CUST-23052,Singapore,GOOGLE,Pixel 8,838.23,4.0,0.37,COD,1.3,
ORD-104684,2022-04-02,CUST-14399,Canada,oneplus,OnePlus 11,914.63,4.0,0.323,Credit Card,3.4,False
ORD-101279,17-03-2024,CUST-91060,GERMANY,Samsung,Galaxy A54,729.31,5.0,0.01,Credit Card,2.6,False
ORD-100933,04-10-2024,CUST-38241,Germany,OnePlus,OnePlus 11,1124.92,,0.234,COD,3.3,yes
ORD-104978,2023-01-26,CUST-74043,UK,Motorola,Moto G53,780.49,3.0,0.293,UPI,3.5,False
ORD-102308,05/25/2022,CUST-89442,France,Samsung,Galaxy S23,875.25,5.0,0.31,Credit Card,1.0,False
ORD-101555,2022-12-22,CUST-89622,Canada,Motorola,Moto G53,1162.3,1.0,0.298,Bank Transfer,4.2,
ORD-104607,03/03/2023,CUST-10179,India,Sony,Xperia 1 V,511.23,2.0,0.181,COD,3.1,1
ORD-103190,25-09-2022,CUST-71486,France,Samsung,Galaxy Z Fold 5,593.03,3.0,0.134,COD,2.1,False
ORD-104515,2024-12-03,CUST-92151,Australia,Xiaomi,Xiaomi 14,1383.72,999.0,0.072,Credit Card,4.0,yes
ORD-100706,2024-11-21,CUST-36311,Brazil,Sony,Xperia 5 V,305.3,1.0,0.008,Credit Card,3.6,1
ORD-104766,21-05-2023,CUST-96576,UK,SAMSUNG,Galaxy A54,1440.7,2.0,,Debit Card,4.3,True
ORD-103070,10-09-2022,CUST-14511,France,apple,iPhone 14,1016.53,5.0,0.22,Debit Card,3.2,1
ORD-100745,08-09-2024,CUST-29861,USA,Samsung,Galaxy S24,845.83,3.0,0.383,Credit Card,4.2,False
ORD-103594,2024-07-27,CUST-91283,India,SAMSUNG,Galaxy S23,161.13,3.0,0.17,Credit Card,1.7,False
ORD-101939,06/21/2024,CUST-26473,Germany,Xiaomi,Xiaomi 14,721.69,4.0,0.169,PayPal,4.7,0
ORD-104471,09/11/2023,CUST-48230,Australia,Google,Pixel 8,602.76,2.0,0.104,Bank Transfer,3.6,False
ORD-102862,09/08/2023,CUST-84120,Australia,ONEPLUS,OnePlus Nord 3,715.04,4.0,0.009,Debit Card,2.9,False
ORD-101920,,CUST-77257,Brazil,Google,Pixel 7a,1032.06,4.0,0.118,Bank Transfer,4.6,0
ORD-100513,01/28/2023,CUST-75075,,Apple,iPhone 15,955.37,2.0,0.289,COD,3.9,0
ORD-100081,2023-10-10,CUST-31620,GERMANY,samsung,Galaxy S24,1226.63,5.0,0.31,PayPal,2.6,False
ORD-103274,03/18/2023,CUST-36025,Japan,Sony,Xperia 1 V,794.79,4.0,0.069,UPI,3.4,0
ORD-101308,03/28/2023,CUST-87174,Japan,XIAOMI,Redmi 12,480.8,-1.0,0.008,Bank Transfer,3.2,False
ORD-104622,02/19/2022,CUST-59440,Singapore,Xiaomi,Redmi Note 13,806.47,5.0,0.229,PayPal,1.4,
ORD-100914,2022-12-29,CUST-10821,GERMANY,OnePlus,OnePlus 12,381.95,4.0,0.37,PayPal,,False
ORD-103452,06/25/2024,CUST-58566,Singapore,Xiaomi,Redmi 12,268.73,4.0,0.114,Bank Transfer,3.7,0
ORD-103695,02/11/2022,CUST-56855,Japan,Xiaomi,Redmi 12,1299.44,4.0,0.048,UPI,3.6,True
ORD-104882,2022-08-29,CUST-80864,Canada,Sony,Xperia 5 V,442.14,3.0,0.103,,4.2,False
ORD-103156,20-03-2022,CUST-51012,FRANCE,Motorola,Moto G53,1397.91,3.0,0.312,Debit Card,2.8,False
ORD-102198,12-02-2023,CUST-78404,Singapore,Apple,iPhone SE,1219.41,2.0,0.051,Credit Card,2.1,1
ORD-104421,02/14/2024,CUST-51417,USA,OnePlus,OnePlus Nord 3,99999.0,5.0,0.098,Bank Transfer,2.6,False
ORD-100774,2022-04-15,CUST-95006,USA,Sony,Xperia 1 V,1185.91,2.0,0.194,PayPal,1.8,False
ORD-100329,08/28/2023,CUST-51224,Japan,SAMSUNG,Galaxy Z Fold 5,938.48,4.0,0.168,Debit Card,2.3,False
ORD-102054,27-04-2022,CUST-18784,France,Xiaomi,POCO F5,513.06,5.0,1.309,Debit Card,1.6,False
ORD-102001,06/08/2024,CUST-66560,USA,OnePlus,OnePlus Nord 3,1222.44,4.0,0.142,UPI,1.1,False
ORD-100943,06-11-2022,CUST-62285,France,Sony,Xperia 1 V,1227.2,1.0,0.153,PayPal,4.3,False
ORD-100822,06/05/2023,CUST-22134,USA,Sony,Xperia 1 V,1366.02,2.0,0.382,Credit Card,2.4,True
ORD-104601,08/01/2024,CUST-40340,France,xiaomi,Redmi Note 13,1217.2,2.0,0.296,Debit Card,3.8,1
ORD-100909,03-09-2023,CUST-34852,UK,,OnePlus 11,1181.49,4.0,0.081,Credit Card,1.6,False
ORD-102516,09/10/2022,CUST-94384,Japan,GOOGLE,Pixel 8 Pro,739.43,4.0,0.071,Debit Card,1.5,True
ORD-100181,,CUST-58548,Australia,Xiaomi,Redmi 12,875.63,4.0,0.109,PayPal,4.5,True
ORD-100164,11-04-2022,CUST-40989,Singapore,ONEPLUS,OnePlus Nord 3,1362.8,3.0,0.016,UPI,2.4,True
ORD-101523,22-01-2024,CUST-52833,Japan,Apple,iPhone SE,1491.19,1.0,0.368,PayPal,4.1,0
ORD-100451,24-07-2023,CUST-64626,Australia,Samsung,Galaxy A54,1455.09,1.0,0.147,PayPal,1.3,yes
ORD-103983,05/20/2024,CUST-87840,France,SAMSUNG,Galaxy A54,809.74,5.0,0.066,Bank Transfer,2.5,1
ORD-102538,2024-04-23,CUST-94364,Singapore,Apple,iPhone 14,373.68,2.0,0.079,PayPal,1.2,False
ORD-104172,2023-07-17,CUST-71000,Singapore,oneplus,OnePlus 12,553.81,1.0,0.345,PayPal,1.9,False
ORD-104853,04-05-2024,CUST-33102,Canada,SAMSUNG,Galaxy Z Fold 5,1357.56,1.0,1.633,Debit Card,2.1,0
ORD-101311,04-04-2023,CUST-54078,France,Xiaomi,Xiaomi 14,1487.41,2.0,0.032,UPI,1.7,False
ORD-103149,2022-10-25,CUST-76354,Japan,Sony,Xperia 1 V,943.38,2.0,,UPI,,False
ORD-101111,2024-05-30,CUST-83320,Brazil,Xiaomi,POCO F5,1250.92,5.0,0.186,UPI,3.4,False
ORD-104621,12/27/2022,CUST-62789,Singapore,APPLE,iPhone 14,640.07,4.0,0.314,Credit Card,3.5,1
ORD-103874,2022-05-24,CUST-58823,Australia,Samsung,Galaxy Z Fold 5,921.81,5.0,0.092,Credit Card,4.4,1
ORD-103489,2024-12-31,CUST-16257,Canada,Sony,Xperia 10 V,307.85,1.0,0.317,PayPal,3.3,True
ORD-101287,2023-02-06,CUST-60846,France,xiaomi,POCO F5,538.93,5.0,0.13,Bank Transfer,3.9,False
ORD-104244,07/01/2022,CUST-88802,Singapore,,OnePlus 11,1350.7,1.0,0.328,COD,,False
ORD-104773,07/05/2022,CUST-76253,Canada,ONEPLUS,OnePlus Nord 3,1127.67,5.0,0.236,UPI,3.2,False
ORD-103300,31-08-2024,CUST-24914,Singapore,Google,Pixel 8,1340.92,2.0,0.381,,1.1,0
ORD-103310,02/23/2024,CUST-43904,France,Motorola,Moto G84,681.47,4.0,0.083,UPI,1.2,0
ORD-100327,2022-05-17,CUST-10201,Australia,APPLE,iPhone 15 Pro,565.96,1.0,0.149,COD,3.3,yes
ORD-102490,10/05/2023,CUST-71424,Brazil,Apple,iPhone 15 Pro,718.7,5.0,0.085,Credit Card,3.8,1
ORD-104761,08/11/2024,CUST-28233,Germany,Sony,Xperia 1 V,1129.56,,0.186,Bank Transfer,4.5,True
ORD-100832,2023-02-22,CUST-61738,USA,OnePlus,OnePlus 12,218.17,5.0,0.108,Debit Card,4.5,no
ORD-103079,08-06-2024,CUST-14793,USA,Xiaomi,Xiaomi 14,191.55,3.0,0.223,PayPal,,0
ORD-103462,10-02-2024,CUST-78961,Australia,Samsung,Galaxy A54,1042.57,5.0,0.229,Debit Card,3.3,False
ORD-104462,02-03-2022,CUST-35960,India,oneplus,OnePlus 12,1096.03,3.0,0.371,UPI,2.5,0
ORD-100054,2022-01-02,CUST-81113,Brazil,apple,iPhone 15,1092.55,5.0,1.201,Debit Card,5.8,
ORD-104064,10/25/2023,CUST-37181,Brazil,Apple,iPhone 15,455.73,3.0,0.387,PayPal,1.3,False
ORD-103451,05-11-2024,CUST-11324,Canada,GOOGLE,Pixel 7a,262.68,999.0,0.059,COD,4.6,True
ORD-101901,2022-03-16,CUST-48736,Brazil,,iPhone 15 Pro,1071.91,5.0,0.1,Bank Transfer,4.9,True
ORD-101481,2023-11-08,CUST-11942,France,SAMSUNG,Galaxy S23,618.59,2.0,0.112,Debit Card,3.0,yes
ORD-103335,2022-10-04,CUST-22445,Germany,google,Pixel 7a,938.23,2.0,0.041,Bank Transfer,3.6,False
ORD-100946,10/05/2023,CUST-31876,,xiaomi,Redmi Note 13,1002.83,1.0,0.255,Credit Card,3.6,False
ORD-103293,10/14/2023,CUST-14152,Brazil,Samsung,Galaxy A54,496.7,,0.062,PayPal,1.8,False
ORD-102161,16-09-2022,CUST-99564,Japan,apple,iPhone 15,664.58,4.0,0.344,Debit Card,4.3,True
ORD-103057,01-11-2023,CUST-27329,USA,XIAOMI,Xiaomi 14,1352.1,1.0,0.149,PayPal,3.8,False
ORD-100768,2023-11-19,CUST-19699,UK,Motorola,Moto G53,1410.28,3.0,0.176,Credit Card,2.6,False
ORD-104931,2022-06-07,CUST-78763,Brazil,Samsung,Galaxy S23,831.24,1.0,,COD,3.6,0
ORD-103495,02-08-2024,CUST-28906,Singapore,xiaomi,Redmi Note 13,411.18,2.0,0.288,,4.2,False
ORD-100285,2024-09-14,CUST-34992,United Kingdom,Apple,,614.0,1.0,0.226,COD,3.5,True
ORD-104349,03/07/2024,CUST-13400,USA,GOOGLE,Pixel 7a,443.13,3.0,0.25,PayPal,3.3,0
ORD-104522,07/20/2022,CUST-60742,Australia,Motorola,,453.79,1.0,0.193,COD,2.4,1
ORD-102332,09/18/2023,CUST-20767,,Motorola,Edge 40 Pro,840.73,2.0,,UPI,4.9,False
ORD-102717,09/19/2022,CUST-60887,Canada,Samsung,Galaxy A54,1313.99,5.0,0.109,UPI,1.9,1
ORD-102079,07/13/2023,CUST-47948,Brazil,XIAOMI,Redmi 12,248.01,4.0,0.224,COD,1.8,True
ORD-103389,,CUST-52682,Germany,OnePlus,OnePlus 12,853.92,2.0,0.029,Bank Transfer,2.6,True
ORD-100722,12/10/2024,CUST-11869,USA,SAMSUNG,Galaxy S23,1030.14,,0.298,Bank Transfer,3.2,False
ORD-100951,10/06/2024,CUST-97471,Canada,apple,iPhone 15,366.57,3.0,0.106,PayPal,1.6,False
ORD-104437,01/14/2024,CUST-21559,india ,,Galaxy A54,785.02,3.0,0.093,PayPal,1.0,no
ORD-102262,2022-05-11,CUST-48305,,Motorola,Moto G84,510.28,5.0,0.203,COD,3.5,False
ORD-100989,07/22/2024,CUST-44103,Singapore,Google,Pixel 7a,427.7,1.0,0.346,Bank Transfer,2.8,True
ORD-103212,29-01-2024,CUST-89998,Japan,,OnePlus Nord 3,238.04,2.0,0.035,Bank Transfer,2.1,True
ORD-101759,03/09/2023,CUST-26670,france,apple,iPhone 15,1494.44,2.0,0.206,Credit Card,1.6,False
ORD-104173,29-10-2023,CUST-19079,United Kingdom,Apple,iPhone 14,1340.82,1.0,0.01,Credit Card,1.4,1
ORD-101724,07/05/2022,CUST-59080,India,Apple,iPhone 15,1456.4,5.0,0.083,Debit Card,4.4,no
ORD-100341,17-04-2024,CUST-29601,Brazil,Xiaomi,Redmi 12,841.44,2.0,0.255,UPI,1.4,False
ORD-103701,2022-05-21,CUST-49031,UK,OnePlus,OnePlus 12,153.64,3.0,0.263,Bank Transfer,3.9,False
ORD-100688,06/01/2023,CUST-85908,Canada,Samsung,Galaxy Z Fold 5,612.44,4.0,0.102,Bank Transfer,1.7,False
ORD-103432,10/01/2024,CUST-57668,Germany,Samsung,Galaxy S24,646.46,5.0,0.037,COD,3.6,1
ORD-100966,12/30/2022,CUST-34335,Japan,apple,iPhone 15 Pro,153.08,4.0,0.25,COD,1.6,yes
ORD-104804,11-06-2024,CUST-63470,India,ONEPLUS,OnePlus 11,1076.31,4.0,0.343,Debit Card,2.9,
ORD-102203,06/25/2022,CUST-20226,India,ONEPLUS,OnePlus 11,1106.29,5.0,0.035,Bank Transfer,4.3,0
ORD-102713,05-09-2023,CUST-87450,Germany,APPLE,iPhone 15,1340.68,3.0,0.087,Credit Card,3.9,False
ORD-103572,08-05-2024,CUST-67832,France,SAMSUNG,,620.63,5.0,0.035,COD,4.9,0
ORD-101990,23-11-2022,CUST-44986,Brazil,Google,Pixel 8,220.69,1.0,0.32,PayPal,4.7,1
ORD-104120,04/26/2023,CUST-30768,Australia,Google,Pixel 8,616.98,2.0,0.385,Credit Card,3.7,1
ORD-104168,09/07/2022,CUST-17463,Australia,Apple,iPhone 15,945.02,4.0,0.027,Credit Card,2.1,False
ORD-104820,08/25/2023,CUST-33475,UK,APPLE,iPhone 15 Pro,1065.54,2.0,0.214,Credit Card,4.8,1
ORD-103600,29-03-2022,CUST-50382,Canada,Apple,iPhone 14,844.2,2.0,0.209,Bank Transfer,4.3,1
ORD-104641,,CUST-19412,Singapore,Apple,iPhone 15,1470.84,1.0,0.254,Credit Card,4.5,1
ORD-104926,04/06/2022,CUST-39564,Singapore,Xiaomi,Redmi Note 13,608.88,5.0,0.389,COD,4.7,True
ORD-104962,09-05-2022,CUST-91876,india ,APPLE,,636.62,5.0,0.35,,2.7,yes
ORD-100385,01/28/2024,CUST-25320,Germany,Google,,696.39,3.0,,Debit Card,1.5,1
ORD-104441,2022-09-14,CUST-71822,India,Samsung,Galaxy S23,241.95,4.0,0.186,Credit Card,4.1,0
ORD-104643,01/03/2022,CUST-80818,India,Xiaomi,Redmi Note 13,418.66,3.0,0.312,Debit Card,3.3,1
ORD-100536,08/17/2023,CUST-97546,Brazil,Xiaomi,Redmi Note 13,875.89,2.0,0.285,Debit Card,4.5,
ORD-104741,2022-02-10,CUST-36455,Singapore,samsung,Galaxy S24,609.83,4.0,0.386,COD,2.3,yes
ORD-103507,31-08-2023,CUST-92345,Germany,Xiaomi,POCO F5,397.37,5.0,0.15,PayPal,1.6,False
ORD-100201,29-07-2023,CUST-22554,USA,samsung,Galaxy Z Fold 5,1150.09,5.0,0.157,COD,1.0,1
ORD-101332,08/04/2022,CUST-32851,Canada,Samsung,Galaxy S23,230.41,5.0,0.16,COD,3.2,False
ORD-103502,28-05-2022,CUST-22676,India,,OnePlus Nord 3,890.0,1.0,0.285,Debit Card,1.5,no
ORD-102708,2022-04-15,CUST-50114,GERMANY,Google,,291.35,1.0,0.389,UPI,3.1,
ORD-104021,09/14/2024,CUST-58597,UK,Motorola,Moto G53,231.26,4.0,0.131,UPI,1.6,yes
ORD-101854,31-01-2024,CUST-68064,USA,Apple,iPhone 15,864.82,4.0,0.069,UPI,2.3,1
ORD-104543,22-10-2023,CUST-14691,Australia,Apple,,603.84,4.0,0.137,Bank Transfer,5.2,0
ORD-102872,31-10-2022,CUST-68837,USA,SAMSUNG,Galaxy Z Fold 5,1266.87,-1.0,0.23,Debit Card,4.7,False
ORD-103030,12-05-2024,CUST-36772,Japan,GOOGLE,Pixel 8 Pro,549.08,4.0,0.078,COD,3.5,False
ORD-101205,2024-04-20,CUST-75391,India,Google,Pixel 8,364.89,2.0,0.162,Debit Card,3.8,True
ORD-101645,17-08-2022,CUST-93180,uk,Sony,Xperia 10 V,981.96,1.0,0.325,Debit Card,1.4,False
ORD-103417,2023-06-27,CUST-76682,Singapore,GOOGLE,Pixel 8,204.24,4.0,0.268,Credit Card,2.2,0
ORD-103476,2022-05-14,CUST-66568,India,,iPhone 15,543.25,1.0,0.073,PayPal,2.6,True
ORD-102861,06-09-2024,CUST-11073,Singapore,OnePlus,OnePlus 11,1200.38,1.0,,Bank Transfer,3.2,0
ORD-101792,04/21/2024,CUST-85480,Singapore,Samsung,Galaxy S24,267.52,3.0,0.202,Credit Card,2.4,0
ORD-103797,04-09-2024,CUST-42688,,xiaomi,Redmi 12,999.43,5.0,0.261,UPI,2.8,False
ORD-103368,2024-01-04,CUST-11560,germany,ONEPLUS,OnePlus 12,519.42,,0.122,Bank Transfer,5.0,0
ORD-103367,12/29/2023,CUST-89233,uk,Motorola,Moto G53,941.33,3.0,0.206,Debit Card,1.8,True
ORD-103533,14-06-2023,CUST-49514,usa,ONEPLUS,OnePlus Nord 3,1234.65,1.0,0.237,PayPal,4.3,False
ORD-104464,19-11-2022,CUST-28779,Australia,Apple,iPhone 14,642.41,4.0,0.148,COD,4.5,yes
ORD-103449,28-09-2024,CUST-70450,USA,Motorola,Moto G84,648.91,3.0,0.079,Bank Transfer,1.7,False
ORD-100603,08/10/2022,CUST-28577,USA,GOOGLE,Pixel 8 Pro,615.44,5.0,0.093,Debit Card,2.5,1
ORD-103056,10/11/2023,CUST-75684,Inda,Samsung,Galaxy S23,487.06,2.0,0.383,Bank Transfer,4.8,no
ORD-104431,11/24/2023,CUST-59815,Singapore,google,Pixel 8 Pro,601.46,3.0,0.298,Bank Transfer,2.2,False
ORD-100126,03-03-2024,CUST-16393,India,GOOGLE,Pixel 8 Pro,1213.51,4.0,0.121,COD,2.3,1
ORD-103876,2023-06-24,CUST-19045,Canada,Xiaomi,Redmi 12,531.73,1.0,0.163,Bank Transfer,4.7,True
ORD-102935,09/26/2022,CUST-44802,Singapore,Motorola,Edge 40 Pro,1382.78,3.0,0.373,UPI,4.5,yes
ORD-103531,16-04-2022,CUST-76980,Canada,Apple,iPhone 15,954.83,5.0,0.035,PayPal,2.1,0
ORD-102730,29-07-2024,CUST-13340,Brazil,Samsung,Galaxy Z Fold 5,426.09,3.0,0.06,Bank Transfer,1.3,0
ORD-100827,2022-11-16,CUST-48285,Japan,OnePlus,OnePlus 12,447.88,1.0,0.047,Credit Card,3.4,0
ORD-101639,03/09/2024,CUST-58170,france,Xiaomi,POCO F5,345.45,1.0,0.282,Debit Card,2.2,False
ORD-100984,20-03-2024,CUST-18190,Japan,google,Pixel 7a,354.42,4.0,0.005,Debit Card,1.7,no
ORD-103281,09/22/2023,CUST-75857,USA,,OnePlus 11,840.23,5.0,0.091,UPI,3.4,False
ORD-101371,04/25/2022,CUST-12812,Brazil,Samsung,Galaxy A54,1105.55,5.0,0.328,UPI,1.5,no
ORD-102188,01/15/2022,CUST-87515,Canada,Xiaomi,Redmi 12,1448.93,5.0,0.246,Debit Card,4.5,True
ORD-104688,15-02-2024,CUST-50287,Canada,Sony,Xperia 5 V,446.92,3.0,0.184,Credit Card,1.4,0
ORD-102443,06/04/2022,CUST-47266,U.K.,ONEPLUS,OnePlus 11,1036.71,4.0,0.328,Debit Card,4.7,True
ORD-100362,24-09-2024,CUST-66045,Germany,XIAOMI,POCO F5,1335.81,5.0,0.049,Bank Transfer,1.9,False
ORD-102349,08/01/2023,CUST-99759,Germany,apple,iPhone SE,1001.01,3.0,0.136,Debit Card,3.7,1
ORD-100345,2023-11-21,CUST-92478,Brazil,samsung,Galaxy S24,529.67,2.0,0.045,Debit Card,1.3,False
ORD-100814,10/11/2023,CUST-62798,France,,Galaxy A54,1054.64,4.0,0.207,Bank Transfer,1.5,False
ORD-103205,24-04-2023,CUST-39246,,Xiaomi,POCO F5,621.14,1.0,0.102,Credit Card,4.3,yes
ORD-104259,14-05-2022,CUST-65409,Australia,OnePlus,OnePlus Nord 3,259.77,4.0,0.195,Credit Card,2.3,False
ORD-104873,30-09-2023,CUST-91634,India,Sony,Xperia 1 V,1487.97,3.0,0.376,UPI,3.8,1
ORD-103325,2023-10-19,CUST-83090,INDIA,SAMSUNG,Galaxy Z Fold 5,454.49,2.0,,,1.5,yes
ORD-104106,2023-09-01,CUST-98070,INDIA,OnePlus,OnePlus 11,1323.49,,0.223,Credit Card,4.5,0
ORD-102116,03/01/2023,CUST-23427,India,ONEPLUS,OnePlus 11,502.76,1.0,0.196,Credit Card,1.3,True
ORD-101834,24-11-2024,CUST-55184,India,OnePlus,OnePlus 12,996.16,2.0,0.034,Bank Transfer,2.5,True
ORD-100793,12/21/2023,CUST-78989,Australia,OnePlus,OnePlus 12,1360.34,5.0,0.284,Credit Card,2.0,True
ORD-101914,2024-04-04,CUST-85390,Australia,Motorola,Moto G84,517.24,4.0,0.315,Bank Transfer,2.8,False
ORD-102674,2024-03-17,CUST-96359,USA,Samsung,Galaxy S23,1112.62,5.0,0.059,Bank Transfer,3.2,False
ORD-100094,2023-10-19,CUST-82475,France,samsung,Galaxy Z Fold 5,289.42,1.0,0.163,Credit Card,3.5,False
ORD-103756,2023-02-20,CUST-70722,USA,Samsung,Galaxy S23,531.75,5.0,0.255,Debit Card,2.9,yes
ORD-102891,2023-05-26,CUST-72331,India,xiaomi,POCO F5,264.9,3.0,0.13,UPI,4.3,0
ORD-102371,22-01-2022,CUST-86872,UK,Sony,Xperia 10 V,386.72,1.0,0.006,Debit Card,2.1,False
ORD-104216,05/18/2022,CUST-62945,Japan,samsung,,532.21,1.0,0.087,COD,3.9,1
ORD-104505,2024-12-09,CUST-41577,,OnePlus,OnePlus 11,602.2,1.0,0.108,PayPal,2.8,True
ORD-103228,2022-10-08,CUST-32232,Germany,OnePlus,,383.63,5.0,0.13,Debit Card,3.4,True
ORD-102853,2023-10-23,CUST-95321,Brazil,Motorola,Moto G53,384.33,1.0,0.215,COD,3.9,0
ORD-102912,2022-01-31,CUST-81439,France,Motorola,Moto G84,782.94,1.0,0.049,PayPal,3.2,yes
ORD-101865,07/01/2023,CUST-74335,Canada,xiaomi,Redmi 12,99999.0,1.0,0.245,PayPal,1.6,False
ORD-101857,02-06-2022,CUST-77410,USA,Motorola,Moto G53,1291.11,1.0,0.181,Credit Card,2.3,
ORD-102645,08/22/2024,CUST-68771,India,Xiaomi,POCO F5,1327.08,2.0,0.206,PayPal,2.9,no
ORD-102243,2022-02-06,CUST-20987,UK,Xiaomi,Xiaomi 14,1314.93,2.0,0.062,PayPal,3.8,False
ORD-102336,2023-03-16,CUST-80408,Singapore,Apple,iPhone 15,157.06,-1.0,0.171,Bank Transfer,3.3,False
ORD-100950,17-06-2022,CUST-55901,UK,XIAOMI,Redmi 12,983.92,1.0,0.098,Credit Card,3.5,True
ORD-103068,10/24/2023,CUST-60456,Canada,ONEPLUS,OnePlus 12,796.6,,0.187,UPI,1.2,yes
ORD-101120,30-08-2023,CUST-66188,France,SAMSUNG,Galaxy S24,293.7,2.0,0.379,UPI,4.9,yes
ORD-102597,01/25/2022,CUST-62207,Australia,apple,iPhone 15,994.99,3.0,0.252,Debit Card,2.8,0
ORD-102204,13-11-2022,CUST-48833,India,Sony,Xperia 10 V,1091.66,5.0,0.177,Bank Transfer,3.3,yes
ORD-100419,2023-08-22,CUST-11385,USA,samsung,Galaxy S24,891.33,5.0,0.066,COD,4.0,False
ORD-100922,2024-05-09,CUST-65736,UK,SAMSUNG,,1139.62,4.0,0.239,UPI,3.6,False
ORD-101254,06/19/2024,CUST-55775,Germany,Samsung,Galaxy A54,1186.51,3.0,0.125,UPI,3.4,True
ORD-100477,28-04-2022,CUST-30304,Germany,Apple,iPhone 15,787.24,3.0,0.285,Debit Card,4.0,yes
ORD-102035,2024-12-20,CUST-70979,Brazil,apple,iPhone 14,1381.44,,0.247,COD,1.5,0
ORD-101202,2022-10-22,CUST-92257,Inda,oneplus,OnePlus 12,340.38,2.0,0.323,Bank Transfer,4.6,True
ORD-102626,2023-10-29,CUST-81173,Japan,samsung,Galaxy S23,1163.81,2.0,,Bank Transfer,4.2,False
ORD-104896,01/18/2023,CUST-19306,Japan,samsung,Galaxy S24,488.36,2.0,0.378,COD,1.2,False
ORD-101970,05/09/2022,CUST-83165,USA,APPLE,iPhone 15,455.91,5.0,0.118,UPI,4.9,
ORD-103110,15-04-2023,CUST-96254,Australia,Samsung,Galaxy S23,235.88,5.0,0.197,COD,4.1,False
ORD-104018,11/18/2022,CUST-52882,USA,xiaomi,Redmi Note 13,1388.86,1.0,0.014,Bank Transfer,3.2,True
ORD-102151,2022-11-22,CUST-54678,India,xiaomi,Xiaomi 14,1167.42,1.0,0.25,Credit Card,1.1,False
ORD-103687,2022-07-13,CUST-19169,Germany,OnePlus,OnePlus 11,932.89,3.0,0.087,UPI,1.5,0
ORD-101997,08-08-2024,CUST-26915,UK,,Xperia 1 V,1146.68,,0.211,UPI,2.6,False
ORD-104033,08/21/2022,CUST-96295,Japan,Google,Pixel 8,850.96,1.0,0.155,Debit Card,4.1,
ORD-103054,04/10/2024,CUST-21295,UK,Xiaomi,Redmi Note 13,417.67,5.0,0.302,PayPal,4.3,1
ORD-101248,29-06-2023,CUST-29046,uk,Motorola,Moto G84,230.58,,0.015,COD,2.1,yes
ORD-102192,,CUST-89236,Canada,oneplus,OnePlus Nord 3,662.54,2.0,0.174,UPI,2.9,
ORD-102712,12-07-2024,CUST-32469,India,Motorola,Edge 40 Pro,585.08,4.0,0.341,UPI,1.8,True
ORD-100992,2022-02-21,CUST-38082,India,SAMSUNG,Galaxy Z Fold 5,1339.25,5.0,0.154,Debit Card,5.0,False
ORD-102190,2024-09-14,CUST-23254,France,Google,Pixel 7a,601.01,-1.0,0.307,Debit Card,2.0,no
ORD-103762,08/13/2023,CUST-91478,Singapore,Motorola,Edge 40 Pro,233.21,4.0,0.069,Credit Card,,1
ORD-103597,30-09-2023,CUST-10618,Australia,apple,iPhone 14,1466.38,4.0,0.258,COD,1.4,no
ORD-101318,11/14/2022,CUST-32670,Brazil,samsung,Galaxy S23,697.76,1.0,0.093,Debit Card,3.0,1
ORD-101863,2022-01-28,CUST-63112,Australia,google,Pixel 8,1022.5,2.0,0.051,Credit Card,1.7,False
ORD-102343,24-11-2022,CUST-11525,India,GOOGLE,Pixel 8 Pro,400.88,4.0,0.257,Debit Card,3.9,False
ORD-102449,01/20/2022,CUST-49337,USA,APPLE,iPhone SE,369.02,2.0,0.121,Bank Transfer,1.0,False
ORD-102136,2022-09-26,CUST-69780,Canada,Xiaomi,POCO F5,165.07,4.0,0.335,Bank Transfer,2.5,no
ORD-101065,02/22/2024,CUST-71249,India,SAMSUNG,Galaxy S23,1362.37,1.0,0.353,Debit Card,3.5,1
ORD-103352,,CUST-95083,Germany,,Galaxy S23,,5.0,0.243,Bank Transfer,4.4,False
ORD-104227,02-09-2023,CUST-66590,France,google,,336.07,2.0,0.192,Bank Transfer,1.7,True
ORD-102621,2024-10-04,CUST-98791,india ,Sony,Xperia 5 V,532.14,3.0,0.131,UPI,3.5,True
ORD-100077,10-08-2024,CUST-40812,Australia,Motorola,Edge 40 Pro,1311.84,1.0,0.052,Credit Card,1.6,1
ORD-102898,2023-07-29,CUST-36336,uk,OnePlus,OnePlus 11,643.94,3.0,0.285,Credit Card,2.1,False
ORD-101314,05-08-2023,CUST-64320,Singapore,Motorola,Moto G53,520.57,5.0,0.261,Bank Transfer,4.2,1
ORD-104443,2022-10-27,CUST-75502,Australia,Apple,iPhone 15 Pro,482.1,1.0,0.369,Bank Transfer,1.4,True
ORD-100872,2024-12-20,CUST-50710,Germany,Motorola,Moto G84,1144.91,1.0,0.116,Debit Card,2.6,0
ORD-103850,25-09-2024,CUST-44742,india,samsung,Galaxy S23,1347.06,1.0,0.087,,4.3,False
ORD-104865,2022-04-14,CUST-62213,USA,Apple,iPhone SE,714.47,3.0,0.021,Credit Card,1.3,1
ORD-102965,2022-03-15,CUST-27564,USA,GOOGLE,Pixel 8,367.88,4.0,0.085,Credit Card,2.1,False
ORD-103391,05/18/2023,CUST-93436,UK,google,Pixel 8,500.06,2.0,0.371,COD,3.8,0
ORD-102560,05-12-2024,CUST-91279,Australia,samsung,Galaxy S23,647.76,3.0,0.316,Bank Transfer,4.0,no
ORD-104975,02/06/2022,CUST-10841,usa,Apple,iPhone SE,935.58,3.0,0.253,PayPal,2.1,True
ORD-102635,08-11-2022,CUST-36042,Canada,samsung,Galaxy S24,728.39,2.0,0.322,Debit Card,1.5,0
ORD-103530,22-06-2023,CUST-17887,india,Google,Pixel 8 Pro,,1.0,0.271,Credit Card,2.7,1
ORD-100375,20-12-2023,CUST-42173,Japan,samsung,Galaxy A54,1118.36,2.0,0.167,Credit Card,4.7,False
ORD-101908,11/26/2023,CUST-30533,Japan,SAMSUNG,Galaxy A54,1377.68,3.0,0.124,UPI,4.9,False
ORD-104403,2023-11-24,CUST-43282,Brazil,Apple,iPhone 14,1279.58,4.0,0.375,COD,2.7,True
ORD-104450,2022-11-03,CUST-55290,Brazil,xiaomi,POCO F5,,3.0,0.304,PayPal,3.7,False
ORD-104027,2023-05-26,CUST-17047,Germany,Sony,Xperia 10 V,570.55,4.0,0.333,UPI,1.1,False
ORD-101604,2023-04-26,CUST-30180,USA,Xiaomi,Redmi Note 13,1138.02,3.0,0.199,PayPal,4.4,0
ORD-101118,2024-07-02,CUST-65060,france,Motorola,Moto G84,746.08,2.0,0.058,Bank Transfer,3.0,False
ORD-103677,2024-04-22,CUST-77287,Singapore,xiaomi,Xiaomi 14,231.9,5.0,0.301,Credit Card,3.0,0
ORD-103490,02/09/2023,CUST-86931,USA,OnePlus,OnePlus 12,782.84,1.0,0.363,Debit Card,3.3,False
ORD-104942,04/10/2024,CUST-45709,India,Google,Pixel 7a,1205.42,2.0,0.014,Bank Transfer,4.1,True
ORD-102958,2024-04-19,CUST-61265,Germany,Sony,Xperia 1 V,1007.42,2.0,0.076,UPI,4.6,False
ORD-101994,23-02-2022,CUST-83125,France,Motorola,,1197.59,,0.247,COD,2.5,1
ORD-100711,05-01-2022,CUST-57522,germany,Samsung,Galaxy S24,1128.03,,0.38,UPI,4.1,yes
ORD-101900,,CUST-38523,Singapore,GOOGLE,Pixel 8,1420.26,2.0,0.185,UPI,2.6,yes
ORD-102376,07/08/2022,CUST-46613,India,OnePlus,OnePlus 12,1268.09,5.0,0.328,,4.5,0
ORD-101342,25-07-2022,CUST-38348,Brazil,Samsung,Galaxy S23,1296.44,5.0,0.021,Bank Transfer,3.0,0
ORD-100320,30-08-2022,CUST-94741,Australia,Samsung,,,5.0,0.325,COD,1.5,yes
ORD-101619,03/19/2024,CUST-76583,Japan,Samsung,Galaxy A54,333.6,5.0,0.017,UPI,4.1,False
ORD-103713,2022-02-28,CUST-54480,Germany,ONEPLUS,OnePlus Nord 3,660.17,1.0,0.357,COD,2.1,no
ORD-102060,2024-11-12,CUST-50614,Brazil,Apple,iPhone 15 Pro,1388.04,5.0,0.216,PayPal,3.7,1
ORD-102219,22-06-2023,CUST-20970,USA,,Redmi Note 13,960.93,2.0,0.139,Debit Card,4.9,False
ORD-101673,2022-10-11,CUST-92567,France,apple,iPhone 15,960.04,,0.055,Debit Card,,False
ORD-100260,2023-08-27,CUST-57510,Canada,OnePlus,OnePlus 11,733.63,5.0,0.194,Bank Transfer,1.1,False
ORD-104489,2023-07-31,CUST-93508,UK,OnePlus,OnePlus Nord 3,342.51,5.0,0.396,PayPal,2.3,yes
ORD-102039,05/30/2024,CUST-58269,India,Xiaomi,POCO F5,699.31,2.0,0.005,UPI,2.0,yes
ORD-100901,2023-12-01,CUST-39932,Japan,SAMSUNG,Galaxy Z Fold 5,384.81,4.0,0.262,COD,1.3,yes
ORD-103744,07/26/2022,CUST-74183,Australia,ONEPLUS,OnePlus 12,599.69,1.0,0.292,Debit Card,3.9,True
ORD-102026,2024-08-26,CUST-56127,Singapore,Motorola,Moto G53,1476.44,1.0,0.018,PayPal,2.2,False
ORD-104234,04/11/2023,CUST-21825,Germany,google,Pixel 7a,481.33,1.0,0.327,,3.6,False
ORD-101917,14-07-2022,CUST-50998,Brazil,oneplus,OnePlus 11,899.16,4.0,0.094,Bank Transfer,2.7,False
ORD-101828,2022-08-26,CUST-30041,Singapore,Apple,iPhone 15 Pro,1063.07,4.0,0.219,COD,3.8,yes
ORD-101573,06/17/2024,CUST-98764,,,Edge 40 Pro,531.78,3.0,0.336,Debit Card,2.6,True
ORD-104727,2024-10-18,CUST-72754,GERMANY,Motorola,Moto G84,1117.32,2.0,0.235,UPI,2.4,False
ORD-104208,2023-08-20,CUST-97157,Brazil,Samsung,Galaxy Z Fold 5,233.32,2.0,0.01,COD,1.6,0
ORD-100224,05/02/2024,CUST-52220,Australia,Sony,Xperia 10 V,1103.22,5.0,0.254,Debit Card,4.7,False
ORD-100723,07-02-2023,CUST-17655,USA,google,Pixel 8,,4.0,0.207,PayPal,1.9,yes
ORD-104559,23-09-2022,CUST-63569,UK,Xiaomi,Redmi Note 13,1099.17,4.0,0.027,Credit Card,4.9,False
ORD-101141,25-07-2023,CUST-84610,Germany,oneplus,OnePlus 12,,2.0,0.372,Debit Card,1.9,no
ORD-102762,2022-04-02,CUST-62320,,APPLE,iPhone SE,682.82,2.0,0.239,PayPal,5.0,True
ORD-100846,10-04-2024,CUST-89432,Australia,google,Pixel 7a,529.44,3.0,0.276,COD,4.3,True
ORD-104289,06-07-2022,CUST-85251,USA,APPLE,iPhone SE,820.35,2.0,0.188,PayPal,3.0,True
ORD-102551,08-06-2022,CUST-59138,Australia,APPLE,iPhone 15 Pro,246.3,4.0,0.155,COD,2.0,1
ORD-102928,14-10-2023,CUST-51346,Germany,Xiaomi,Xiaomi 14,862.01,4.0,0.315,COD,4.0,0
ORD-100117,,CUST-86304,Singapore,google,Pixel 8 Pro,379.22,5.0,0.38,UPI,4.3,False
ORD-100645,,CUST-27552,Japan,XIAOMI,Xiaomi 14,319.91,3.0,0.212,COD,2.9,yes
ORD-100003,2022-10-20,CUST-52259,USA,Samsung,Galaxy A54,673.09,4.0,0.056,UPI,1.0,1
ORD-104170,20-11-2023,CUST-26371,Germany,Motorola,Moto G53,1278.34,4.0,0.231,PayPal,3.7,False
ORD-100467,11-07-2022,CUST-73847,Canada,samsung,Galaxy A54,660.97,4.0,0.239,PayPal,4.4,True
ORD-100005,11-01-2023,CUST-52398,Brazil,Xiaomi,Redmi Note 13,465.81,3.0,0.117,COD,3.2,1
ORD-100919,28-01-2024,CUST-67384,Brazil,Google,Pixel 7a,501.18,4.0,0.39,PayPal,3.0,True
ORD-102595,09/19/2022,CUST-48293,UK,apple,iPhone 14,693.07,4.0,0.253,UPI,1.6,0
ORD-104324,2024-11-14,CUST-31390,GERMANY,xiaomi,POCO F5,1487.18,5.0,0.258,Bank Transfer,3.3,True
ORD-101063,2024-08-28,CUST-61490,Canada,samsung,Galaxy A54,735.66,2.0,0.362,UPI,3.2,0
ORD-102590,2024-12-03,CUST-74162,United Kingdom,GOOGLE,Pixel 8 Pro,522.28,3.0,,Debit Card,4.1,False
ORD-100242,2023-05-17,CUST-26162,INDIA,Xiaomi,POCO F5,195.36,1.0,0.255,UPI,2.7,False
ORD-101160,13-01-2023,CUST-43247,Australia,xiaomi,Redmi Note 13,529.05,5.0,0.389,Debit Card,,False
ORD-102870,2023-04-20,CUST-40469,USA,OnePlus,OnePlus Nord 3,,4.0,0.084,COD,,False
ORD-103735,24-06-2024,CUST-80089,,ONEPLUS,OnePlus 12,314.56,3.0,0.219,Bank Transfer,4.6,False
ORD-102397,01/14/2023,CUST-43888,Japan,Xiaomi,Xiaomi 14,1445.76,5.0,0.384,COD,3.7,False
ORD-103517,2022-07-05,CUST-56166,India,xiaomi,Redmi Note 13,190.98,4.0,0.254,Debit Card,3.8,False
ORD-103421,2023-03-14,CUST-25313,UK,Google,Pixel 8,1298.85,5.0,0.325,UPI,4.9,0
ORD-102563,2023-01-17,CUST-82134,Singapore,Motorola,Edge 40 Pro,617.51,4.0,0.375,Bank Transfer,1.5,1
ORD-101605,2022-03-06,CUST-52326,USA,samsung,Galaxy Z Fold 5,,2.0,0.076,Credit Card,3.8,False
ORD-104906,2023-01-23,CUST-21105,Canada,xiaomi,Xiaomi 14,281.6,3.0,0.206,,3.1,yes
ORD-102324,2023-01-06,CUST-78597,india,Samsung,Galaxy Z Fold 5,154.65,3.0,0.115,COD,4.4,0
ORD-102709,27-12-2024,CUST-36121,India,Sony,Xperia 1 V,1454.84,4.0,0.064,UPI,3.2,True
ORD-104484,11/03/2023,CUST-88519,Singapore,samsung,Galaxy A54,244.83,5.0,0.396,Bank Transfer,4.7,False
ORD-101312,07/22/2022,CUST-24535,,samsung,Galaxy Z Fold 5,1126.74,3.0,0.254,COD,4.0,True
ORD-103448,07/01/2024,CUST-84592,India,Google,Pixel 8,1138.84,4.0,0.374,COD,4.6,no
ORD-103812,06-02-2024,CUST-94426,usa,,OnePlus 11,763.78,4.0,0.134,UPI,2.8,False
ORD-104731,2023-11-11,CUST-82967,USA,Apple,iPhone SE,1344.88,2.0,0.08,COD,2.8,True
ORD-102362,2023-08-08,CUST-30900,UK,xiaomi,Redmi 12,,4.0,0.273,Bank Transfer,3.2,False
ORD-101975,09/08/2024,CUST-98925,UK,xiaomi,POCO F5,1252.88,5.0,0.309,PayPal,3.7,False
ORD-103514,05-07-2022,CUST-32738,Canada,ONEPLUS,OnePlus 11,1238.42,1.0,0.156,Credit Card,2.9,1
ORD-101761,21-05-2023,CUST-24161,INDIA,Xiaomi,Redmi Note 13,325.99,4.0,0.146,Debit Card,1.1,yes
ORD-102739,2022-01-06,CUST-73691,UK,Samsung,Galaxy S24,1204.05,2.0,0.293,Bank Transfer,1.1,True
ORD-104824,19-03-2022,CUST-46221,France,google,Pixel 7a,1094.97,5.0,0.205,Debit Card,3.6,no
ORD-102472,07/09/2023,CUST-35139,Canada,Google,Pixel 7a,883.89,4.0,0.2,PayPal,2.5,False
ORD-104007,,CUST-34445,UK,apple,iPhone 15,699.56,1.0,0.229,Bank Transfer,4.2,False
ORD-101493,08-11-2024,CUST-70568,germany,Motorola,Edge 40 Pro,1071.39,1.0,0.274,PayPal,3.3,0
ORD-104206,16-07-2024,CUST-34254,Canada,GOOGLE,Pixel 8 Pro,977.02,1.0,0.181,Debit Card,4.2,False
ORD-102158,11/20/2024,CUST-88910,UK,apple,iPhone SE,794.97,5.0,0.079,Bank Transfer,4.2,True
ORD-101169,28-12-2023,CUST-14052,Singapore,SAMSUNG,Galaxy A54,223.81,4.0,0.25,PayPal,4.9,False
ORD-104590,31-01-2023,CUST-28046,India,GOOGLE,Pixel 7a,1021.53,1.0,0.052,Debit Card,2.8,False
ORD-100232,12-01-2024,CUST-16413,France,Samsung,Galaxy S24,235.94,3.0,,COD,5.9,True
ORD-100066,08/28/2024,CUST-52558,Australia,samsung,Galaxy Z Fold 5,854.71,3.0,0.193,COD,3.6,False
ORD-101603,05-06-2023,CUST-63626,Japan,APPLE,iPhone 15 Pro,582.67,2.0,0.041,COD,3.0,False
ORD-103283,08/07/2023,CUST-44437,,XIAOMI,Xiaomi 14,1446.55,2.0,0.377,Bank Transfer,1.5,0
ORD-103596,2022-08-03,CUST-34307,Brazil,ONEPLUS,OnePlus Nord 3,949.77,2.0,0.295,COD,3.9,False
ORD-100125,03/25/2024,CUST-31450,India,SAMSUNG,Galaxy S23,1223.55,4.0,,COD,2.4,False
ORD-101296,04/15/2023,CUST-88636,India,OnePlus,OnePlus 12,694.48,4.0,0.146,Bank Transfer,4.0,yes
ORD-101976,05/31/2023,CUST-69806,USA,Apple,iPhone 15 Pro,846.4,2.0,1.899,Debit Card,4.3,True
ORD-104591,2023-07-22,CUST-47260,UK,,iPhone 15,757.1,2.0,,Credit Card,4.6,False
ORD-104821,10/04/2023,CUST-83694,France,Samsung,Galaxy A54,926.79,3.0,0.151,PayPal,4.9,False
ORD-102075,23-11-2024,CUST-74148,Singapore,XIAOMI,Redmi Note 13,198.41,1.0,0.28,Bank Transfer,1.9,
ORD-103086,02-08-2022,CUST-44809,India,Google,,431.16,1.0,0.076,Debit Card,3.2,True
ORD-104416,2023-09-03,CUST-14547,Germany,GOOGLE,Pixel 8 Pro,640.12,4.0,0.149,Debit Card,3.4,True
ORD-103345,2024-11-12,CUST-28560,Australia,Google,Pixel 7a,293.82,4.0,0.298,Credit Card,1.0,False
ORD-104538,05/15/2023,CUST-50271,Singapore,Google,Pixel 8 Pro,1176.25,4.0,0.096,COD,2.5,False
ORD-102797,08/14/2024,CUST-72915,Canada,apple,iPhone SE,593.06,2.0,0.267,COD,2.6,False
ORD-100918,2024-09-28,CUST-18534,India,OnePlus,OnePlus Nord 3,-999.0,5.0,,COD,-1.0,yes
ORD-101646,2024-06-18,CUST-52811,UK,Motorola,Edge 40 Pro,1037.15,2.0,0.016,PayPal,3.0,False
ORD-100364,11/07/2023,CUST-27104,Germany,ONEPLUS,OnePlus 11,1172.91,4.0,0.252,UPI,2.5,0
ORD-103287,20-01-2024,CUST-50038,France,Samsung,Galaxy Z Fold 5,987.88,1.0,0.388,PayPal,2.1,1
ORD-102125,02/27/2023,CUST-80510,uk,Google,Pixel 8,174.82,3.0,0.227,Bank Transfer,2.8,True
ORD-104123,2024-10-14,CUST-85458,France,ONEPLUS,OnePlus Nord 3,1004.84,2.0,0.033,Credit Card,4.5,0
ORD-100525,2024-04-25,CUST-70852,Brazil,xiaomi,Redmi 12,1015.9,3.0,0.059,UPI,3.3,1
ORD-100055,2022-04-13,CUST-37186,Australia,XIAOMI,Redmi 12,585.35,3.0,0.273,Debit Card,2.3,True
ORD-100638,2023-10-27,CUST-32993,,APPLE,iPhone 14,1010.08,1.0,0.157,Debit Card,1.1,False
ORD-100302,2023-02-03,CUST-12011,germany,Xiaomi,Redmi Note 13,1278.48,1.0,0.236,,3.7,no
ORD-102766,2023-04-27,CUST-34660,uk,Apple,,1038.29,5.0,0.116,PayPal,,False
ORD-101276,2023-03-27,CUST-74352,Germany,Sony,Xperia 10 V,779.79,3.0,0.271,UPI,2.3,1
ORD-102055,2023-12-25,CUST-14568,Canada,apple,iPhone SE,1150.77,1.0,0.106,Debit Card,3.1,True
ORD-103644,04/02/2024,CUST-83230,Japan,oneplus,OnePlus 12,472.43,2.0,,Bank Transfer,1.9,yes
ORD-104143,02-06-2024,CUST-20850,Japan,Google,Pixel 8 Pro,,2.0,0.341,Bank Transfer,3.1,True
ORD-102878,02/13/2022,CUST-90545,Australia,XIAOMI,POCO F5,1088.81,3.0,0.283,Credit Card,2.8,False
ORD-104202,2024-06-02,CUST-54986,INDIA,apple,iPhone 15 Pro,596.52,4.0,0.252,Bank Transfer,3.3,0
ORD-102286,08-02-2022,CUST-13274,,OnePlus,OnePlus 12,1158.91,5.0,0.001,Credit Card,2.0,True
ORD-102261,02/20/2024,CUST-91426,India,Google,Pixel 8 Pro,,2.0,0.373,PayPal,2.2,False
ORD-102296,28-08-2024,CUST-32341,USA,SAMSUNG,Galaxy S24,199.15,5.0,0.181,Debit Card,1.0,False
ORD-101753,08-09-2023,CUST-47301,Germany,xiaomi,Redmi Note 13,926.44,4.0,0.313,Credit Card,1.7,0
ORD-101968,2024-07-20,CUST-48464,Canada,apple,iPhone 14,180.8,2.0,0.201,COD,1.9,False
ORD-104422,04-11-2023,CUST-35232,India,Motorola,Moto G84,683.89,999.0,0.323,Credit Card,4.1,no
ORD-103117,01-04-2023,CUST-55591,Australia,Apple,iPhone 14,522.67,3.0,0.062,UPI,4.3,1
ORD-102393,2022-12-26,CUST-66076,Brazil,Google,Pixel 8 Pro,1289.74,1.0,0.176,PayPal,4.4,False
ORD-100523,13-10-2022,CUST-95263,Germany,GOOGLE,Pixel 8 Pro,1440.44,3.0,0.318,Credit Card,3.5,0
ORD-103900,06-11-2023,CUST-48034,Brazil,oneplus,OnePlus 12,354.48,2.0,0.185,Debit Card,1.9,0
ORD-103122,2022-08-04,CUST-35001,Canada,Sony,Xperia 1 V,201.19,3.0,0.321,PayPal,2.5,False
ORD-104156,25-11-2024,CUST-96010,United Kingdom,GOOGLE,Pixel 8 Pro,1326.6,3.0,0.191,PayPal,3.3,False
ORD-101969,2023-02-24,CUST-28845,Australia,Apple,iPhone 14,1159.67,3.0,0.395,COD,4.3,False
ORD-100671,2022-09-17,CUST-63655,USA,GOOGLE,Pixel 8,603.05,1.0,0.047,Debit Card,1.1,yes
ORD-104188,03/09/2022,CUST-19901,Brazil,Apple,iPhone SE,941.75,2.0,0.1,Credit Card,1.1,False
ORD-100666,17-11-2022,CUST-83360,Inda,Xiaomi,,1073.6,1.0,0.338,Debit Card,2.6,False
ORD-104409,,CUST-15775,Japan,Google,Pixel 8 Pro,1271.45,3.0,0.383,COD,2.4,1
ORD-101887,03-07-2023,CUST-81942,Canada,Samsung,Galaxy Z Fold 5,776.64,5.0,0.078,Bank Transfer,4.5,
ORD-103266,04/15/2022,CUST-47859,Singapore,APPLE,iPhone SE,203.3,,0.302,COD,1.8,False
ORD-100280,2022-09-10,CUST-11206,UK,,iPhone 14,1031.66,3.0,0.109,Debit Card,1.8,False
ORD-101719,10/11/2022,CUST-25777,Canada,Motorola,Moto G84,676.3,4.0,0.107,UPI,4.1,True
ORD-102947,07-05-2022,CUST-91121,Brazil,Xiaomi,Redmi Note 13,347.94,4.0,0.059,Bank Transfer,2.5,False
ORD-100899,02/09/2023,CUST-27732,Inda,Sony,Xperia 5 V,180.41,5.0,0.288,Bank Transfer,1.3,False
ORD-104928,24-01-2024,CUST-76880,Australia,SAMSUNG,Galaxy Z Fold 5,334.46,1.0,0.252,Debit Card,2.0,False
ORD-100760,2022-10-31,CUST-48631,Australia,Xiaomi,Xiaomi 14,1439.83,2.0,0.357,Debit Card,1.5,False
ORD-101906,2023-04-08,CUST-84490,Canada,OnePlus,OnePlus Nord 3,571.65,3.0,0.32,UPI,1.3,1
ORD-104042,07-07-2023,CUST-22168,Japan,Apple,iPhone 15,1000.37,4.0,0.276,Bank Transfer,3.8,yes
ORD-103823,2024-04-11,CUST-11859,Germany,Apple,iPhone SE,960.18,3.0,0.386,PayPal,1.1,0
ORD-104138,06/01/2023,CUST-54321,Singapore,Sony,Xperia 10 V,447.97,2.0,0.057,UPI,1.8,False
ORD-103818,07/08/2022,CUST-86878,Singapore,OnePlus,OnePlus Nord 3,1342.9,5.0,0.05,PayPal,3.8,False
ORD-104300,01/05/2022,CUST-21117,Germany,Xiaomi,Redmi 12,511.49,5.0,0.032,Bank Transfer,3.7,yes
ORD-102593,2024-09-14,CUST-49910,United Kingdom,xiaomi,Redmi 12,248.53,5.0,0.162,Debit Card,2.2,False
ORD-104164,2022-06-12,CUST-93244,France,Xiaomi,Redmi Note 13,939.91,3.0,0.213,Debit Card,1.7,False
ORD-103031,28-05-2022,CUST-70077,Australia,oneplus,OnePlus 12,802.0,2.0,0.274,Debit Card,4.2,False
ORD-103579,02-07-2022,CUST-13419,Canada,oneplus,OnePlus 12,-999.0,2.0,0.209,UPI,4.8,True
ORD-102832,23-03-2022,CUST-82857,Brazil,GOOGLE,Pixel 7a,1199.19,4.0,0.065,PayPal,3.0,1
ORD-103472,09/10/2022,CUST-76010,Singapore,Motorola,Moto G84,227.71,3.0,0.363,Debit Card,1.5,False
ORD-100137,2023-12-26,CUST-47102,Canada,apple,iPhone 15,936.29,2.0,0.211,PayPal,4.4,yes
ORD-102180,06/13/2023,CUST-56147,USA,Samsung,Galaxy S24,474.11,4.0,0.332,Bank Transfer,3.0,
ORD-102128,2023-05-23,CUST-42508,UK,GOOGLE,Pixel 7a,249.86,2.0,0.14,COD,,False
ORD-103177,05-02-2024,CUST-36453,usa,oneplus,OnePlus Nord 3,99999.0,3.0,0.233,UPI,1.4,1
ORD-104438,05/10/2022,CUST-18439,UK,Samsung,Galaxy Z Fold 5,908.27,4.0,0.038,UPI,2.8,False
ORD-104261,29-07-2024,CUST-90410,Japan,Apple,iPhone 14,1143.1,2.0,0.085,COD,3.7,False
ORD-104344,22-01-2024,CUST-14402,Canada,google,Pixel 7a,,1.0,0.1,UPI,2.4,1
ORD-101331,2022-01-06,CUST-34905,UK,,Redmi 12,334.56,4.0,0.144,Bank Transfer,4.1,False
ORD-102017,27-07-2024,CUST-76788,India,ONEPLUS,OnePlus Nord 3,178.47,2.0,0.132,COD,3.0,0
ORD-102482,2024-05-17,CUST-69199,Germany,OnePlus,OnePlus 12,1047.05,1.0,0.347,,4.2,False
ORD-101358,06/19/2023,CUST-43184,Germany,SAMSUNG,Galaxy S23,659.24,2.0,0.139,COD,1.9,False
ORD-101329,,CUST-55602,Germany,Apple,iPhone SE,505.1,2.0,0.355,Credit Card,4.9,False
ORD-102150,2022-10-05,CUST-99113,Germany,ONEPLUS,OnePlus 12,400.48,2.0,0.322,Debit Card,2.2,False
ORD-102122,14-02-2024,CUST-96959,Canada,OnePlus,OnePlus 12,257.47,1.0,0.278,Credit Card,2.3,False
ORD-103981,01/07/2022,CUST-82096,Brazil,oneplus,OnePlus 11,1004.66,3.0,0.389,COD,1.8,1
ORD-101252,2024-09-09,CUST-62846,France,Apple,,288.16,1.0,0.238,UPI,3.3,True
ORD-103278,07/30/2023,CUST-15437,india,Google,Pixel 8 Pro,1357.59,1.0,0.365,COD,4.3,no
ORD-103374,11-10-2022,CUST-63985,India,ONEPLUS,OnePlus 11,378.7,1.0,,Credit Card,3.3,True
ORD-102814,02/20/2024,CUST-17343,Canada,google,Pixel 8,1214.59,2.0,0.396,COD,3.9,1
ORD-101848,11-04-2024,CUST-26115,Australia,Apple,iPhone 15,1498.81,4.0,0.055,UPI,4.9,True
ORD-103037,2024-04-14,CUST-22790,france,OnePlus,OnePlus Nord 3,1003.55,4.0,0.131,COD,4.7,
ORD-100388,2024-02-14,CUST-72846,Australia,Motorola,Edge 40 Pro,1164.82,5.0,0.171,Credit Card,3.6,False
ORD-100235,2024-04-25,CUST-98611,usa,ONEPLUS,OnePlus Nord 3,1131.45,3.0,0.115,COD,1.1,1
ORD-101077,2023-04-16,CUST-48083,UK,OnePlus,OnePlus 11,1134.56,3.0,0.058,Bank Transfer,4.9,no
ORD-101984,12/04/2023,CUST-50150,,samsung,Galaxy A54,1039.75,1.0,0.102,UPI,4.7,1
ORD-104363,2023-09-10,CUST-99775,UK,Samsung,Galaxy S24,671.52,3.0,0.079,Credit Card,2.2,False
ORD-103962,07-01-2022,CUST-85406,India,SAMSUNG,Galaxy S24,430.41,3.0,0.018,Bank Transfer,4.4,0
ORD-100770,04/10/2023,CUST-71323,Australia,APPLE,iPhone 14,174.08,5.0,0.17,Debit Card,3.5,False
ORD-102165,,CUST-69299,Australia,samsung,Galaxy Z Fold 5,1488.86,4.0,0.342,Debit Card,,yes
ORD-100673,07/06/2024,CUST-30026,UK,Motorola,Edge 40 Pro,422.04,3.0,0.153,UPI,2.5,False
ORD-100249,27-01-2023,CUST-38322,Japan,Samsung,Galaxy A54,,5.0,0.382,UPI,4.5,1
ORD-101574,04/16/2022,CUST-90654,Singapore,Samsung,Galaxy A54,1448.85,3.0,0.293,UPI,2.1,False
ORD-103419,2024-07-29,CUST-10544,Germany,ONEPLUS,OnePlus 12,472.62,1.0,0.047,COD,1.2,1
ORD-102081,2024-05-10,CUST-83394,Germany,XIAOMI,Redmi Note 13,1174.89,2.0,0.332,COD,2.0,False
ORD-101823,2023-04-26,CUST-17103,Canada,,iPhone SE,1127.31,4.0,0.398,PayPal,1.4,False
ORD-100716,30-12-2022,CUST-34316,Australia,ONEPLUS,OnePlus Nord 3,1306.79,3.0,0.179,PayPal,3.9,1
ORD-104934,18-12-2024,CUST-71289,Brazil,GOOGLE,Pixel 8 Pro,406.5,4.0,0.283,UPI,2.1,True
ORD-102048,05/04/2022,CUST-43625,India,google,Pixel 7a,1197.13,3.0,0.185,Bank Transfer,4.6,False
ORD-104178,07/20/2023,CUST-72428,United States,Samsung,Galaxy S24,988.99,1.0,0.114,,2.9,False
ORD-102724,11/27/2024,CUST-69694,USA,Xiaomi,Redmi 12,921.04,1.0,,COD,1.6,True
ORD-104595,20-08-2024,CUST-51420,Singapore,Sony,Xperia 10 V,1377.27,1.0,0.274,Bank Transfer,4.5,False
ORD-101460,11/11/2024,CUST-80660,Germany,Samsung,Galaxy S23,313.28,3.0,0.257,UPI,2.1,True
ORD-101668,02-01-2022,CUST-83762,Singapore,Sony,Xperia 10 V,964.34,4.0,0.125,,4.8,False
ORD-102756,2022-10-04,CUST-41510,UK,Motorola,,395.16,5.0,0.108,PayPal,2.8,False
ORD-102000,2023-07-31,CUST-23342,USA,Google,Pixel 8,639.42,5.0,0.125,Bank Transfer,,True
ORD-100404,2024-02-23,CUST-38775,Brazil,oneplus,OnePlus Nord 3,,4.0,0.273,Credit Card,1.8,1
ORD-100384,2024-09-14,CUST-19860,France,Xiaomi,,497.35,5.0,0.068,UPI,1.2,True
ORD-104566,10/18/2022,CUST-84839,Singapore,Samsung,Galaxy Z Fold 5,,3.0,0.253,Debit Card,1.7,False
ORD-102152,02/20/2024,CUST-91439,Germany,Sony,Xperia 10 V,1395.78,1.0,0.302,Credit Card,1.3,False
ORD-101633,09/29/2024,CUST-89053,USA,Google,Pixel 8 Pro,1250.83,3.0,0.333,Debit Card,2.7,no
ORD-104660,18-04-2024,CUST-69287,Japan,Sony,Xperia 5 V,488.73,1.0,0.302,Debit Card,4.8,yes
ORD-103925,05/01/2024,CUST-48088,USA,samsung,Galaxy S24,688.5,1.0,0.095,UPI,1.4,True
ORD-104158,18-08-2022,CUST-55897,Japan,Google,Pixel 7a,524.01,5.0,0.278,Debit Card,2.8,False
ORD-100223,2022-02-17,CUST-36363,Japan,Sony,Xperia 5 V,790.22,2.0,0.057,Bank Transfer,4.4,True
ORD-102193,13-04-2023,CUST-70583,Canada,Apple,iPhone 14,1494.78,3.0,0.039,Debit Card,3.0,False
ORD-103136,05/05/2022,CUST-93776,USA,OnePlus,OnePlus 11,1192.94,2.0,0.15,Bank Transfer,2.3,1
ORD-104469,11-10-2024,CUST-75310,Australia,samsung,Galaxy Z Fold 5,684.58,2.0,0.291,Bank Transfer,2.5,0
ORD-101824,28-03-2023,CUST-35150,Brazil,XIAOMI,Redmi 12,585.45,4.0,0.297,COD,2.6,1
ORD-104675,12/08/2022,CUST-14221,usa,google,,1343.78,,0.333,Debit Card,4.9,False
ORD-100797,,CUST-37205,France,google,Pixel 7a,487.22,3.0,0.295,Credit Card,1.1,False
ORD-102871,01/23/2023,CUST-96155,Germany,Samsung,Galaxy Z Fold 5,1300.79,5.0,0.025,PayPal,4.8,1
ORD-100009,02/22/2023,CUST-87094,Japan,GOOGLE,Pixel 8 Pro,345.1,3.0,0.068,Credit Card,3.3,0
ORD-101944,20-04-2024,CUST-23590,Brazil,google,Pixel 8,1301.65,1.0,0.035,Bank Transfer,2.8,False
ORD-101838,2024-04-14,CUST-82720,U.K.,Google,Pixel 8 Pro,400.43,,0.144,Credit Card,4.3,True
ORD-100255,2023-01-01,CUST-40300,France,Motorola,Edge 40 Pro,1368.1,1.0,0.18,PayPal,1.0,False
ORD-104485,04/24/2022,CUST-42826,USA,Samsung,Galaxy A54,151.23,4.0,0.055,COD,3.8,0
ORD-104582,04/28/2023,CUST-11529,Canada,Sony,Xperia 1 V,1487.37,,0.056,PayPal,3.1,0
ORD-101581,18-10-2023,CUST-87297,Australia,Xiaomi,Xiaomi 14,358.52,1.0,0.29,COD,2.0,True
ORD-102956,2024-10-25,CUST-12644,Japan,,Redmi Note 13,1158.3,4.0,0.223,Debit Card,3.1,True
ORD-100924,20-10-2024,CUST-91415,India,xiaomi,POCO F5,462.4,5.0,0.097,UPI,3.3,0
ORD-104502,25-02-2023,CUST-20116,Germany,Sony,Xperia 10 V,706.86,5.0,0.191,COD,2.0,False
ORD-102508,10/30/2022,CUST-14352,U.K.,Xiaomi,POCO F5,,3.0,0.117,Bank Transfer,3.3,False
ORD-103775,11/21/2023,CUST-23207,Japan,oneplus,OnePlus Nord 3,467.74,1.0,0.018,Debit Card,4.3,False
ORD-104136,01/30/2024,CUST-74929,France,Google,Pixel 8,-999.0,3.0,0.235,Credit Card,2.7,yes
ORD-102779,26-11-2022,CUST-64535,Brazil,Google,Pixel 8,1266.37,2.0,0.087,Credit Card,2.8,
ORD-100539,2022-05-07,CUST-21945,Germany,Samsung,Galaxy S24,1478.25,2.0,0.363,Credit Card,2.8,False
ORD-102745,12-09-2022,CUST-19064,Canada,xiaomi,Redmi Note 13,552.45,3.0,0.384,,2.5,False
ORD-104572,2023-01-09,CUST-17294,Brazil,SAMSUNG,Galaxy Z Fold 5,178.67,4.0,0.218,Bank Transfer,4.5,1
ORD-104645,19-04-2022,CUST-24737,UK,Google,Pixel 7a,237.9,1.0,0.381,PayPal,1.8,no
ORD-101145,2023-02-19,CUST-46158,Canada,OnePlus,OnePlus 11,320.04,2.0,0.047,PayPal,2.4,0
ORD-104468,04/24/2022,CUST-59054,Japan,,iPhone SE,619.07,1.0,0.307,UPI,3.5,False
ORD-100667,2023-04-08,CUST-36930,Japan,Motorola,Edge 40 Pro,857.4,5.0,0.009,UPI,2.3,True
ORD-103019,14-07-2024,CUST-85949,France,Apple,iPhone 15 Pro,1246.24,4.0,0.18,PayPal,3.2,True
ORD-100357,2022-04-02,CUST-47014,UK,Apple,iPhone 14,99999.0,4.0,0.062,Credit Card,2.7,False
ORD-102831,07-10-2024,CUST-67042,Germany,Motorola,Edge 40 Pro,908.08,1.0,0.206,UPI,4.8,
ORD-102783,2024-02-28,CUST-25729,France,samsung,Galaxy S23,1406.96,2.0,0.175,COD,2.7,False
ORD-101353,2022-11-04,CUST-51552,UK,samsung,Galaxy S24,609.8,2.0,0.293,COD,1.8,0
ORD-100470,29-06-2022,CUST-41409,Brazil,XIAOMI,POCO F5,1013.19,3.0,0.144,COD,1.8,0
ORD-102703,,CUST-97016,Japan,samsung,Galaxy Z Fold 5,719.75,4.0,0.288,Credit Card,3.1,no
ORD-103330,2022-01-25,CUST-17683,India,Sony,Xperia 5 V,371.61,1.0,0.139,,2.9,False
ORD-103637,10/27/2023,CUST-44043,france,Apple,iPhone 15,362.4,3.0,0.314,UPI,1.5,no
ORD-101396,04/03/2023,CUST-78073,INDIA,XIAOMI,Redmi Note 13,805.37,1.0,0.155,PayPal,2.4,1
ORD-103584,12-05-2022,CUST-50374,India,oneplus,OnePlus Nord 3,1085.21,1.0,0.089,UPI,3.6,False
ORD-104560,2024-11-02,CUST-68114,Brazil,Google,Pixel 8 Pro,615.06,4.0,0.121,Bank Transfer,3.1,0
ORD-103376,2022-02-14,CUST-77403,Germany,SAMSUNG,Galaxy A54,1280.42,1.0,0.269,Debit Card,4.4,1
ORD-101256,03/07/2024,CUST-85351,GERMANY,Apple,iPhone 14,807.74,5.0,0.289,Bank Transfer,2.3,1
ORD-103512,2023-06-06,CUST-39410,India,Sony,Xperia 1 V,1100.28,1.0,0.074,Bank Transfer,3.0,False
ORD-101250,02/04/2023,CUST-90278,Japan,Motorola,Moto G53,511.66,2.0,0.181,Credit Card,2.9,False
ORD-104885,,CUST-82618,Germany,Motorola,Edge 40 Pro,206.61,5.0,0.273,Debit Card,3.4,1
ORD-104298,13-11-2024,CUST-35151,Brazil,Google,Pixel 8 Pro,1133.73,2.0,,COD,4.6,0
ORD-103284,07/30/2023,CUST-95287,france,google,Pixel 8 Pro,897.39,3.0,0.092,Credit Card,1.6,True
ORD-102933,2024-04-19,CUST-39477,USA,Google,Pixel 8,1419.01,5.0,0.266,Debit Card,4.2,1
ORD-104175,01/08/2023,CUST-95920,Australia,Sony,Xperia 1 V,329.86,1.0,0.067,Credit Card,4.5,yes
ORD-101852,2023-01-03,CUST-34260,UK,Sony,Xperia 5 V,-999.0,2.0,0.261,Debit Card,1.5,False
ORD-104947,25-09-2024,CUST-86309,Singapore,,OnePlus 12,375.96,5.0,0.398,Debit Card,1.4,1
ORD-102105,2024-04-09,CUST-24999,,xiaomi,Redmi 12,1258.72,1.0,0.098,Bank Transfer,1.7,0
ORD-100133,05-08-2023,CUST-72000,India,Apple,iPhone SE,1071.48,4.0,0.164,Debit Card,1.9,0
ORD-100928,03-05-2022,CUST-29532,UK,SAMSUNG,Galaxy S24,998.55,3.0,0.033,,3.4,yes
ORD-100823,10/30/2024,CUST-70872,Canada,Sony,Xperia 5 V,1204.39,2.0,0.363,Debit Card,1.7,no
ORD-104617,2024-05-27,CUST-48028,Australia,GOOGLE,Pixel 8 Pro,1177.72,4.0,0.069,Credit Card,1.4,
ORD-101531,2024-05-06,CUST-56789,Japan,Motorola,Moto G53,1462.44,3.0,0.263,Credit Card,3.6,False
ORD-101214,30-05-2023,CUST-92756,India,Samsung,Galaxy S23,,4.0,0.288,Bank Transfer,2.9,False
ORD-100504,06-08-2023,CUST-79385,Canada,OnePlus,,1414.2,3.0,0.223,Credit Card,4.4,0
ORD-104285,11/23/2024,CUST-70550,Brazil,ONEPLUS,OnePlus 11,330.28,1.0,0.379,Bank Transfer,1.1,True
ORD-101996,2023-05-20,CUST-28172,Canada,GOOGLE,Pixel 8 Pro,708.1,1.0,0.311,,3.1,False
ORD-103072,11/30/2024,CUST-55621,France,apple,iPhone 15,211.29,2.0,0.145,PayPal,3.7,1
ORD-101958,27-05-2023,CUST-83786,Singapore,xiaomi,Redmi 12,1049.99,4.0,0.147,Debit Card,3.0,False
ORD-101384,02/02/2023,CUST-54728,Singapore,Google,Pixel 8,826.47,1.0,0.375,Debit Card,4.3,True
ORD-100894,02/03/2022,CUST-73215,Australia,xiaomi,Redmi 12,545.23,2.0,0.155,Bank Transfer,4.5,
ORD-100455,2024-06-07,CUST-39371,United Kingdom,ONEPLUS,OnePlus 12,1407.51,1.0,0.136,Credit Card,4.6,0
ORD-104712,16-04-2023,CUST-98636,India,xiaomi,Redmi 12,1335.5,1.0,0.09,UPI,1.5,yes
ORD-103709,2022-12-31,CUST-23227,USA,Xiaomi,Xiaomi 14,1071.69,5.0,0.32,UPI,3.6,no
ORD-104694,2023-01-15,CUST-23693,Australia,apple,iPhone 15,507.97,3.0,0.24,PayPal,1.3,0
ORD-104268,01/25/2023,CUST-75865,Germany,xiaomi,POCO F5,1235.12,2.0,0.231,Credit Card,3.4,True
ORD-103522,2023-03-19,CUST-11252,Brazil,Apple,iPhone 15,403.08,3.0,0.363,Debit Card,2.0,False
ORD-104134,10/29/2023,CUST-58648,Canada,apple,,1480.77,1.0,0.145,UPI,2.4,False
ORD-103602,07/23/2022,CUST-60698,Germany,Samsung,Galaxy S24,1170.47,3.0,0.101,Bank Transfer,2.0,False
ORD-100713,02/25/2022,CUST-68031,Japan,Sony,Xperia 1 V,728.66,5.0,,Bank Transfer,4.2,1
ORD-104186,2022-09-23,CUST-80739,UK,OnePlus,OnePlus Nord 3,691.86,3.0,0.022,Bank Transfer,3.0,False
ORD-102214,09/18/2024,CUST-91165,India,Samsung,,1277.28,1.0,0.32,Credit Card,3.7,0
ORD-102923,02/06/2024,CUST-73060,Japan,Xiaomi,Xiaomi 14,1328.54,5.0,0.275,PayPal,4.2,False
ORD-101810,29-10-2022,CUST-83923,India,apple,iPhone 14,1294.24,3.0,0.216,UPI,4.0,no
ORD-103486,2022-06-09,CUST-51385,Australia,Xiaomi,Redmi 12,407.19,1.0,0.297,COD,1.3,1
ORD-103141,2024-05-02,CUST-99607,Japan,Google,Pixel 8 Pro,598.11,1.0,0.001,Bank Transfer,1.2,False
ORD-101827,03-12-2024,CUST-74466,France,GOOGLE,Pixel 7a,610.2,5.0,0.358,UPI,2.1,1
ORD-101155,01/29/2024,CUST-31517,Canada,GOOGLE,Pixel 8 Pro,431.73,4.0,0.163,PayPal,4.0,1
ORD-101324,16-10-2023,CUST-26112,France,GOOGLE,Pixel 7a,0.0,1.0,0.301,UPI,4.0,yes
ORD-104312,03/24/2022,CUST-75660,,samsung,Galaxy Z Fold 5,1442.51,3.0,0.339,COD,4.3,False
ORD-100510,2022-11-19,CUST-62629,India,,OnePlus Nord 3,1089.3,1.0,0.298,Debit Card,4.9,0
ORD-101680,2022-03-20,CUST-54312,france,APPLE,iPhone 15,1050.76,4.0,0.107,UPI,2.5,False
ORD-100499,06-09-2022,CUST-15455,Germany,Google,Pixel 7a,741.74,1.0,0.354,Bank Transfer,2.0,0
ORD-104610,21-03-2022,CUST-64438,INDIA,Sony,Xperia 1 V,1179.1,3.0,0.25,PayPal,5.0,1
ORD-101856,,CUST-62243,Singapore,oneplus,OnePlus Nord 3,747.3,4.0,,PayPal,,1
ORD-101388,05/07/2023,CUST-11490,Canada,Motorola,Edge 40 Pro,791.85,2.0,0.237,Bank Transfer,1.6,True
ORD-103719,2022-10-24,CUST-28844,Japan,OnePlus,OnePlus Nord 3,490.01,2.0,0.179,PayPal,3.9,False
ORD-102386,09/24/2024,CUST-42526,Canada,ONEPLUS,OnePlus Nord 3,1004.37,5.0,0.245,,4.5,False
ORD-103236,2022-10-18,CUST-38547,Inda,Xiaomi,Xiaomi 14,587.33,3.0,0.045,COD,4.7,no
ORD-101540,06/21/2024,CUST-58094,Japan,APPLE,iPhone 15 Pro,1107.89,3.0,0.314,PayPal,2.5,True
ORD-101217,26-06-2024,CUST-50595,India,Sony,Xperia 10 V,1345.75,1.0,0.359,UPI,,False
ORD-102681,05/03/2022,CUST-27186,UK,Xiaomi,Redmi Note 13,1137.43,4.0,,UPI,4.8,False
ORD-102993,29-08-2024,CUST-10061,india,OnePlus,OnePlus 12,324.71,2.0,0.114,UPI,3.3,True
ORD-101191,04/01/2022,CUST-37540,Brazil,SAMSUNG,Galaxy S24,1089.9,2.0,0.337,COD,4.2,True
ORD-101542,2023-04-21,CUST-48378,USA,oneplus,OnePlus 12,535.98,5.0,0.258,COD,3.0,yes
ORD-103301,04/18/2022,CUST-51984,UK,Samsung,Galaxy S23,341.42,,0.258,Debit Card,1.6,
ORD-103324,2023-04-20,CUST-24091,Singapore,APPLE,iPhone 15,729.52,2.0,0.005,UPI,2.5,False
ORD-102539,2024-05-01,CUST-31973,France,oneplus,,994.35,3.0,0.328,Credit Card,4.0,False
ORD-100953,11/02/2022,CUST-68528,Brazil,Google,Pixel 7a,1105.44,2.0,0.048,Bank Transfer,3.4,0
ORD-104330,02-03-2023,CUST-45878,uk,Sony,Xperia 10 V,1297.49,2.0,0.127,COD,4.2,False
ORD-100732,04/28/2024,CUST-47426,Australia,Google,Pixel 7a,826.87,1.0,0.315,Bank Transfer,4.4,0
ORD-101156,2023-10-20,CUST-69315,Canada,Xiaomi,Redmi Note 13,857.83,3.0,0.369,,2.0,True
ORD-103294,2023-10-27,CUST-92920,USA,samsung,Galaxy A54,999.18,5.0,0.044,Bank Transfer,3.7,0
ORD-102982,04/26/2022,CUST-69475,Japan,samsung,Galaxy S24,658.07,4.0,0.315,Debit Card,4.6,True
ORD-102156,2024-10-27,CUST-67936,Singapore,Samsung,Galaxy S23,1016.72,5.0,0.203,COD,3.9,no
ORD-101062,30-07-2022,CUST-57232,India,SAMSUNG,Galaxy A54,352.75,2.0,0.311,UPI,4.7,False
ORD-102616,08-01-2024,CUST-10543,,Xiaomi,POCO F5,670.64,3.0,0.166,Bank Transfer,2.5,yes
ORD-101167,01/08/2022,CUST-52583,Japan,google,Pixel 7a,942.2,,0.196,PayPal,5.0,False
ORD-103222,2022-01-21,CUST-85537,Singapore,Xiaomi,Redmi Note 13,1077.71,3.0,0.247,Credit Card,2.7,False
ORD-103636,21-03-2023,CUST-48183,France,SAMSUNG,Galaxy A54,994.62,1.0,0.216,Bank Transfer,3.3,no
ORD-102938,04/13/2024,CUST-26762,UK,Apple,iPhone 14,993.61,2.0,0.076,Bank Transfer,3.3,False
ORD-104491,2023-12-03,CUST-51607,Australia,OnePlus,OnePlus 11,1366.59,5.0,0.339,Credit Card,2.6,no
ORD-103140,2024-08-28,CUST-46061,UK,Samsung,Galaxy Z Fold 5,1433.26,4.0,,Credit Card,1.1,False
ORD-100143,19-06-2024,CUST-49525,GERMANY,APPLE,iPhone 15 Pro,764.1,4.0,0.33,PayPal,1.8,True
ORD-103577,2023-07-07,CUST-65931,Singapore,Xiaomi,POCO F5,547.17,1.0,0.02,Credit Card,3.0,0
ORD-102782,2022-07-01,CUST-36763,Japan,ONEPLUS,OnePlus 11,556.96,1.0,0.013,Bank Transfer,1.9,False
ORD-100717,2023-05-27,CUST-18577,Germany,oneplus,OnePlus 11,237.48,3.0,0.112,Credit Card,1.5,False
ORD-101819,2023-01-17,CUST-21974,U.S.A,Sony,Xperia 5 V,1366.17,2.0,0.265,Debit Card,3.0,no
ORD-102502,2023-12-15,CUST-83971,,Samsung,Galaxy S23,1355.63,4.0,0.276,PayPal,3.6,False
ORD-104360,03/26/2023,CUST-31725,United States,XIAOMI,Redmi Note 13,249.45,4.0,0.357,Credit Card,,False
ORD-104171,,CUST-52527,india,Apple,,1398.5,4.0,0.113,UPI,4.0,1
ORD-100395,,CUST-69926,Canada,Apple,iPhone 14,425.09,1.0,0.263,Debit Card,4.6,0
ORD-104914,2024-03-27,CUST-72781,Inda,Apple,iPhone 15,329.99,1.0,0.342,PayPal,2.3,False
ORD-104492,2024-12-06,CUST-96886,France,OnePlus,OnePlus 12,1455.76,4.0,0.076,UPI,4.6,True
ORD-101365,2024-12-30,CUST-48581,UK,Sony,Xperia 5 V,,4.0,0.186,UPI,2.9,True
ORD-104632,01/21/2024,CUST-47805,France,xiaomi,Redmi Note 13,170.87,4.0,0.185,Credit Card,1.1,True
ORD-100595,08-09-2024,CUST-85339,Germany,GOOGLE,Pixel 8 Pro,1164.3,5.0,0.374,Bank Transfer,3.3,0
ORD-103952,10/19/2022,CUST-40977,india ,,Pixel 7a,698.02,5.0,0.26,COD,4.2,False
ORD-102914,2024-01-05,CUST-95862,India,Motorola,Moto G53,869.57,3.0,0.164,Credit Card,3.8,False
ORD-102326,24-12-2022,CUST-32684,Brazil,Google,Pixel 8 Pro,286.72,4.0,0.251,COD,2.8,0
ORD-103766,2022-02-17,CUST-57271,Japan,Samsung,Galaxy S24,375.18,2.0,0.07,,1.2,False
ORD-103440,2023-12-19,CUST-14873,Australia,xiaomi,Redmi Note 13,1082.51,4.0,0.168,PayPal,3.4,True
ORD-103851,2024-05-31,CUST-68154,UK,apple,iPhone 15,422.31,1.0,0.066,,3.3,False
ORD-104132,2023-03-28,CUST-79765,Germany,Sony,Xperia 5 V,676.46,5.0,0.127,UPI,4.0,False
ORD-104665,26-11-2022,CUST-49617,U.K.,Samsung,,1433.23,4.0,0.031,Debit Card,4.0,no
ORD-102143,09/17/2022,CUST-54656,USA,Google,Pixel 7a,566.46,5.0,,COD,2.0,False
ORD-101571,2022-06-17,CUST-21482,india,Sony,Xperia 10 V,411.41,3.0,0.304,Credit Card,3.0,False
ORD-104079,2024-02-06,CUST-85938,France,Samsung,Galaxy S24,1439.95,4.0,0.067,Bank Transfer,1.0,True
ORD-101122,2023-06-04,CUST-14997,India,OnePlus,OnePlus 12,665.32,5.0,0.107,Bank Transfer,3.2,
ORD-102786,14-12-2023,CUST-25863,Japan,Motorola,Moto G84,152.53,4.0,1.178,COD,2.8,0
ORD-102967,16-07-2022,CUST-89182,INDIA,samsung,Galaxy S23,836.36,1.0,0.24,PayPal,3.6,False
ORD-102504,2023-06-17,CUST-75128,USA,GOOGLE,Pixel 8 Pro,446.4,2.0,0.087,Credit Card,1.5,no
ORD-103465,12/08/2022,CUST-73562,Japan,oneplus,OnePlus 12,1044.14,5.0,0.189,COD,1.2,False
ORD-100675,07-04-2023,CUST-96400,USA,OnePlus,OnePlus 11,942.85,4.0,0.198,PayPal,2.3,False
ORD-102808,2023-06-26,CUST-64797,Germany,Motorola,Moto G53,774.99,1.0,0.089,PayPal,3.0,False
ORD-103348,2022-08-05,CUST-42066,Australia,Apple,iPhone 14,,2.0,0.26,UPI,3.5,False
ORD-100728,07/07/2023,CUST-99634,Brazil,xiaomi,Redmi 12,660.93,4.0,0.144,Bank Transfer,1.4,1
ORD-100412,2024-11-10,CUST-41193,Singapore,Samsung,Galaxy S23,1298.42,3.0,0.13,PayPal,3.9,1
ORD-103146,2022-11-28,CUST-97623,Germany,Google,Pixel 8 Pro,1154.27,3.0,0.272,Debit Card,3.5,False
ORD-101516,08-11-2024,CUST-11309,Australia,OnePlus,OnePlus 12,439.8,4.0,0.047,Bank Transfer,4.1,False
ORD-100825,11/07/2024,CUST-72159,USA,XIAOMI,Redmi Note 13,1121.36,5.0,0.331,Debit Card,1.0,0
ORD-103267,10-12-2022,CUST-50846,Singapore,SAMSUNG,Galaxy A54,998.84,5.0,0.223,Debit Card,2.3,0
ORD-103974,2023-01-23,CUST-49395,United Kingdom,XIAOMI,POCO F5,1473.5,3.0,0.195,PayPal,1.8,False
ORD-100616,02/18/2022,CUST-36908,France,,POCO F5,1074.65,2.0,0.293,COD,3.3,True
ORD-100114,2022-03-15,CUST-26351,Brazil,,Xiaomi 14,573.68,2.0,0.121,,1.9,False
ORD-100417,2022-10-20,CUST-20189,France,oneplus,OnePlus 11,933.54,4.0,0.073,COD,2.8,True
ORD-103069,01-03-2023,CUST-76614,Japan,OnePlus,OnePlus Nord 3,1126.75,,0.156,PayPal,1.4,False
ORD-101625,15-08-2024,CUST-74902,France,Xiaomi,POCO F5,334.29,2.0,0.326,UPI,1.7,True
ORD-103558,07/13/2024,CUST-18134,Singapore,Motorola,Edge 40 Pro,827.08,1.0,0.137,Bank Transfer,2.2,False
ORD-104185,2022-11-11,CUST-27914,Germany,SAMSUNG,Galaxy S23,382.46,1.0,0.016,Debit Card,0.0,no
ORD-102896,2024-11-30,CUST-20741,USA,oneplus,OnePlus Nord 3,1144.97,3.0,0.296,COD,4.8,1
ORD-104747,2022-08-14,CUST-18829,USA,google,Pixel 8 Pro,1294.45,1.0,0.311,Debit Card,1.3,no
ORD-102082,2022-10-10,CUST-41958,usa,xiaomi,Redmi 12,1178.92,1.0,0.213,UPI,2.7,
ORD-100753,2022-01-12,CUST-18000,Brazil,XIAOMI,Xiaomi 14,478.18,1.0,0.048,PayPal,6.4,True
ORD-102546,26-03-2024,CUST-53163,USA,APPLE,iPhone 15,461.37,2.0,0.027,Credit Card,,0
ORD-103969,08/25/2022,CUST-88005,India,OnePlus,OnePlus 12,1402.48,1.0,0.093,COD,4.8,False
ORD-103373,31-08-2022,CUST-63345,Australia,Samsung,Galaxy Z Fold 5,1075.3,1.0,0.298,Credit Card,4.7,False
ORD-104107,2022-12-31,CUST-68510,FRANCE,Google,Pixel 7a,1130.29,1.0,0.332,UPI,3.0,False
ORD-102444,22-02-2023,CUST-33681,United States,Samsung,Galaxy Z Fold 5,1362.9,1.0,0.158,UPI,,False
ORD-104380,2023-08-27,CUST-90892,Australia,OnePlus,OnePlus 11,1139.97,2.0,0.097,PayPal,3.1,0
ORD-101066,2023-02-01,CUST-14701,France,ONEPLUS,OnePlus 12,959.21,2.0,0.083,Credit Card,3.3,False
ORD-103913,2023-08-20,CUST-13060,Australia,Motorola,Moto G84,1094.84,4.0,0.032,UPI,4.1,False
ORD-103498,13-11-2022,CUST-74502,india ,Sony,Xperia 5 V,1237.81,3.0,0.18,PayPal,1.4,False
ORD-102738,,CUST-87071,Singapore,xiaomi,Xiaomi 14,497.79,3.0,0.379,Credit Card,4.8,no
ORD-104000,02/25/2022,CUST-52773,Germany,GOOGLE,Pixel 8,635.99,2.0,0.166,Credit Card,0.0,False
ORD-101568,2022-12-26,CUST-95474,Germany,GOOGLE,Pixel 8 Pro,151.96,5.0,0.215,Debit Card,,True
ORD-102427,20-05-2023,CUST-10773,UK,Sony,Xperia 1 V,1126.41,4.0,0.101,UPI,1.9,True
ORD-103746,2023-02-06,CUST-93459,France,APPLE,iPhone 14,1229.71,5.0,0.098,Debit Card,1.4,False
ORD-104715,2023-09-07,CUST-67452,Canada,,Pixel 8 Pro,904.13,4.0,0.337,Bank Transfer,3.5,False
ORD-101687,2023-03-30,CUST-76061,Germany,google,Pixel 7a,802.13,2.0,0.255,COD,4.7,False
ORD-100851,2023-01-28,CUST-56695,Australia,Apple,iPhone SE,938.92,5.0,0.141,Debit Card,2.7,1
ORD-103546,03/28/2023,CUST-63755,Singapore,Sony,Xperia 5 V,889.28,2.0,0.322,COD,,False
ORD-100895,2024-06-27,CUST-54596,Singapore,Sony,Xperia 10 V,1092.16,3.0,0.007,Debit Card,2.7,False
ORD-104592,2024-06-12,CUST-86840,UK,SAMSUNG,Galaxy A54,430.18,2.0,0.384,Credit Card,4.7,0
ORD-100335,16-06-2024,CUST-75176,Singapore,,Xperia 10 V,340.92,3.0,0.012,UPI,3.0,yes
ORD-102839,2022-08-10,CUST-67852,Singapore,OnePlus,OnePlus 12,813.08,3.0,0.358,PayPal,4.0,no
ORD-103087,27-11-2022,CUST-44136,France,OnePlus,OnePlus 12,1490.3,2.0,0.389,COD,3.6,no
ORD-104611,2022-12-25,CUST-20069,france,XIAOMI,POCO F5,551.5,,0.332,Credit Card,4.3,0
ORD-101348,2023-03-25,CUST-18649,USA,APPLE,iPhone 15,1119.94,1.0,0.3,Bank Transfer,3.8,0
ORD-101015,2022-09-20,CUST-23708,Singapore,Google,Pixel 8,1055.29,4.0,0.246,Credit Card,2.7,False
ORD-102816,06-04-2023,CUST-16240,Japan,Apple,iPhone SE,623.58,2.0,0.23,Debit Card,2.6,0
ORD-101631,10-04-2023,CUST-45429,Germany,GOOGLE,Pixel 7a,765.26,4.0,0.047,Debit Card,,False
ORD-102489,17-07-2022,CUST-47210,Japan,Samsung,Galaxy S24,733.43,4.0,0.285,PayPal,4.9,True
ORD-103730,,CUST-63298,Germany,Motorola,Moto G53,197.44,4.0,0.291,Debit Card,2.3,1
ORD-103251,2022-09-13,CUST-12276,UK,Sony,Xperia 5 V,912.97,5.0,0.369,Credit Card,4.2,True
ORD-104710,07/22/2022,CUST-69812,Australia,Apple,iPhone 15,421.39,1.0,0.219,Credit Card,3.1,True
ORD-102070,2023-02-26,CUST-13909,Germany,Google,Pixel 8 Pro,1376.73,4.0,,Bank Transfer,3.9,False
ORD-104452,05/14/2022,CUST-90107,Brazil,Google,Pixel 7a,1247.57,1.0,0.196,Debit Card,,0
ORD-104961,2023-04-11,CUST-74302,Brazil,xiaomi,,491.65,3.0,0.034,UPI,4.3,False
ORD-101635,2024-01-05,CUST-80757,Japan,Xiaomi,Redmi Note 13,846.3,5.0,0.315,Bank Transfer,3.9,no
ORD-104646,07-11-2024,CUST-54814,France,apple,iPhone 15,611.92,5.0,0.059,Credit Card,3.0,no
ORD-102479,05/08/2022,CUST-73369,Australia,Samsung,Galaxy S24,1162.97,4.0,0.106,PayPal,2.9,1
ORD-102265,03-06-2022,CUST-58143,USA,oneplus,OnePlus 11,1379.94,2.0,0.09,UPI,2.4,1
ORD-102959,12/07/2024,CUST-32420,Japan,Apple,iPhone 15,604.14,1.0,0.048,,1.0,1
ORD-104809,09/24/2024,CUST-65087,Singapore,oneplus,OnePlus Nord 3,377.05,1.0,0.162,PayPal,1.9,yes
ORD-103059,,CUST-58113,U.S.A,Samsung,Galaxy S23,604.28,3.0,0.306,Bank Transfer,3.4,False
ORD-102141,09/18/2022,CUST-14970,UK,XIAOMI,POCO F5,224.95,1.0,0.068,Debit Card,2.5,False
ORD-103118,2024-02-01,CUST-76624,UK,Google,Pixel 7a,446.06,4.0,0.24,COD,4.4,
ORD-104802,01/26/2023,CUST-17389,,Samsung,Galaxy Z Fold 5,620.18,1.0,0.195,Debit Card,1.0,False
ORD-104045,02/19/2023,CUST-26962,UK,Apple,iPhone 15 Pro,1156.07,4.0,0.359,UPI,4.2,False
ORD-103356,2024-05-13,CUST-51788,Brazil,Google,Pixel 8 Pro,1385.42,3.0,1.386,Bank Transfer,1.8,0
ORD-102744,26-05-2022,CUST-43761,India,Samsung,Galaxy Z Fold 5,208.39,4.0,0.254,Credit Card,2.7,False
ORD-103506,11/30/2024,CUST-46769,UK,,OnePlus 11,837.4,3.0,0.389,PayPal,2.6,False
ORD-101679,07/31/2024,CUST-76321,India,APPLE,iPhone 14,681.73,1.0,0.296,Bank Transfer,3.2,True
ORD-104249,22-11-2024,CUST-94070,France,Samsung,Galaxy A54,1435.85,5.0,0.159,Bank Transfer,2.4,False
ORD-103147,18-03-2023,CUST-33760,India,oneplus,OnePlus Nord 3,1043.37,1.0,0.328,Bank Transfer,,yes
ORD-102294,24-08-2024,CUST-40595,Brazil,Motorola,Moto G53,788.34,3.0,0.073,COD,,True
ORD-100580,2023-09-04,CUST-51080,Brazil,oneplus,OnePlus 11,440.24,2.0,0.232,PayPal,2.0,False
ORD-101470,08-05-2024,CUST-25759,India,,Redmi 12,1009.91,3.0,0.121,UPI,3.0,True
ORD-104070,11-11-2024,CUST-57622,UK,Google,,159.56,3.0,0.013,Bank Transfer,,yes
ORD-103343,2024-02-12,CUST-83384,Germany,Google,Pixel 8 Pro,823.64,5.0,0.069,UPI,1.2,0
ORD-104583,01/14/2023,CUST-26653,Germany,Apple,iPhone 15,916.69,5.0,0.37,Bank Transfer,1.5,False
ORD-103672,25-10-2024,CUST-53424,Canada,Apple,iPhone SE,827.58,4.0,0.225,Credit Card,3.1,0
ORD-100559,11/03/2024,CUST-29904,France,apple,iPhone 15 Pro,1343.21,2.0,0.362,Debit Card,3.6,True
ORD-102849,04/05/2023,CUST-32566,Germany,Samsung,Galaxy S23,671.75,1.0,0.288,,1.1,1
ORD-100512,06-03-2023,CUST-59531,Singapore,apple,iPhone 14,1465.92,3.0,0.279,Bank Transfer,3.8,1
ORD-101081,2024-04-14,CUST-30656,India,Samsung,Galaxy A54,699.09,5.0,0.209,Debit Card,4.0,False
ORD-101664,07/19/2024,CUST-72512,USA,Google,Pixel 7a,1062.79,4.0,0.082,PayPal,3.9,False
ORD-101012,2022-02-01,CUST-28893,Japan,ONEPLUS,OnePlus Nord 3,841.52,2.0,0.002,PayPal,1.4,False
ORD-101931,01/31/2023,CUST-38651,Singapore,apple,iPhone SE,1333.68,5.0,0.243,PayPal,2.0,False
ORD-101150,05/18/2022,CUST-77842,,Motorola,Moto G53,1093.36,3.0,0.272,Debit Card,4.5,True
ORD-102838,05-06-2022,CUST-51620,Brazil,Xiaomi,POCO F5,-999.0,1.0,0.341,PayPal,2.4,False
ORD-100116,18-06-2023,CUST-54273,Brazil,google,Pixel 7a,453.98,1.0,0.349,PayPal,2.3,yes
ORD-100740,2024-04-06,CUST-30245,India,OnePlus,OnePlus Nord 3,209.29,2.0,0.254,PayPal,2.1,False
ORD-104884,09-03-2023,CUST-36739,U.S.A,samsung,Galaxy S24,748.54,4.0,0.054,Bank Transfer,4.3,False
ORD-103675,01/03/2024,CUST-52811,,Samsung,Galaxy S23,1290.1,5.0,0.21,Credit Card,1.7,1
ORD-100830,03-02-2023,CUST-79194,Canada,Sony,Xperia 1 V,1060.03,2.0,0.022,COD,4.0,False
ORD-100119,2024-10-19,CUST-31172,France,google,Pixel 8 Pro,,4.0,0.015,Bank Transfer,3.1,True
ORD-104857,22-12-2023,CUST-37271,Singapore,Samsung,Galaxy S24,972.21,3.0,0.03,PayPal,,1
ORD-104816,2023-09-12,CUST-16336,Brazil,Sony,Xperia 1 V,1487.43,3.0,0.218,UPI,4.5,1
ORD-100635,29-06-2023,CUST-62565,germany,Apple,iPhone 15,766.28,4.0,0.264,Debit Card,2.7,1
ORD-104465,2024-10-13,CUST-88778,Canada,google,,1184.59,5.0,0.297,Debit Card,3.1,False
ORD-104364,29-08-2022,CUST-18058,India,Xiaomi,Redmi Note 13,850.67,4.0,0.057,Bank Transfer,1.8,1
ORD-104142,30-10-2022,CUST-88165,Canada,,iPhone 14,334.06,3.0,0.195,Debit Card,3.8,False
ORD-100991,29-08-2022,CUST-88228,USA,apple,iPhone SE,1063.37,2.0,0.07,Debit Card,1.5,
ORD-100876,07/15/2023,CUST-46811,Canada,GOOGLE,Pixel 8 Pro,228.53,2.0,0.357,Debit Card,2.3,1
ORD-100004,24-04-2024,CUST-52440,India,google,Pixel 8,304.61,4.0,0.306,Bank Transfer,3.2,no
ORD-103051,19-04-2024,CUST-63805,france,Xiaomi,Xiaomi 14,781.64,2.0,,Bank Transfer,3.7,1
ORD-103124,05-06-2023,CUST-37296,Canada,Xiaomi,Redmi Note 13,672.77,2.0,0.369,Bank Transfer,3.5,False
ORD-102660,2024-07-24,CUST-70682,Canada,Xiaomi,POCO F5,1244.68,3.0,0.094,Credit Card,3.8,False
ORD-102491,05-09-2024,CUST-32534,Australia,XIAOMI,Xiaomi 14,1407.95,4.0,0.369,PayPal,4.4,False
ORD-103854,2022-10-16,CUST-42672,UK,oneplus,OnePlus Nord 3,1311.28,1.0,0.18,Credit Card,4.1,0
ORD-101715,04/14/2022,CUST-92793,USA,xiaomi,Redmi 12,1204.03,5.0,,PayPal,2.2,no
ORD-101148,2022-07-24,CUST-46081,Singapore,,Galaxy S24,321.68,4.0,0.319,UPI,2.1,False
ORD-103261,2024-01-16,CUST-89998,India,ONEPLUS,OnePlus 12,383.0,5.0,0.375,Credit Card,4.8,False
ORD-100574,09-09-2022,CUST-77365,india,Google,Pixel 8,659.57,5.0,0.037,Credit Card,4.8,False
ORD-103769,2024-06-05,CUST-50772,France,Samsung,Galaxy S23,301.52,3.0,0.167,UPI,1.6,False
ORD-103736,02/08/2022,CUST-91192,Japan,SAMSUNG,Galaxy S23,1414.06,3.0,0.318,COD,3.7,False
ORD-104146,23-07-2024,CUST-16394,Germany,Samsung,Galaxy A54,159.86,5.0,0.125,Credit Card,4.3,True
ORD-100853,02/08/2022,CUST-75124,USA,Apple,iPhone SE,1239.95,2.0,0.171,UPI,,0
ORD-101982,,CUST-27970,Brazil,samsung,Galaxy Z Fold 5,507.01,3.0,0.05,UPI,4.6,
ORD-102774,06/04/2024,CUST-73478,Australia,samsung,Galaxy S23,519.88,4.0,0.137,Bank Transfer,3.4,no
ORD-101166,08/12/2024,CUST-35131,USA,XIAOMI,POCO F5,,5.0,1.708,PayPal,1.5,False
ORD-100971,24-07-2022,CUST-58651,USA,apple,iPhone 15 Pro,,1.0,0.044,COD,2.2,0
ORD-102701,2022-01-11,CUST-57111,Brazil,Apple,iPhone SE,542.85,2.0,0.219,Credit Card,3.1,True
ORD-104495,02/22/2024,CUST-10332,Singapore,google,Pixel 7a,902.47,3.0,0.17,UPI,2.0,
ORD-103847,10/23/2023,CUST-47919,Germany,OnePlus,OnePlus 12,472.32,3.0,0.134,UPI,3.8,False
ORD-102368,2022-01-31,CUST-27319,Germany,Apple,iPhone 14,902.69,4.0,0.067,COD,2.1,False
ORD-104115,2023-07-29,CUST-70380,Japan,apple,iPhone 14,837.25,3.0,0.168,Debit Card,1.0,0
ORD-104131,01-10-2023,CUST-57281,Brazil,samsung,Galaxy S23,744.78,2.0,0.236,Credit Card,3.6,True
ORD-102950,06/18/2022,CUST-99833,Brazil,OnePlus,OnePlus 11,914.68,4.0,0.238,PayPal,3.6,0
ORD-100524,06-02-2022,CUST-29163,Canada,Motorola,Moto G84,1279.87,5.0,0.192,COD,-1.0,no
ORD-102455,08-03-2023,CUST-89891,Germany,xiaomi,Xiaomi 14,261.08,1.0,0.102,UPI,1.7,True
ORD-101841,03/10/2024,CUST-91761,Australia,oneplus,OnePlus 11,390.77,4.0,0.357,Bank Transfer,3.5,False
ORD-100537,01/24/2022,CUST-50346,Japan,Samsung,Galaxy Z Fold 5,1382.42,3.0,,Debit Card,2.0,False
ORD-102806,2022-02-09,CUST-75812,Australia,Xiaomi,Redmi Note 13,1473.02,3.0,0.246,Debit Card,1.4,False
ORD-104341,2022-01-13,CUST-68518,UK,ONEPLUS,OnePlus Nord 3,1297.36,2.0,0.043,Bank Transfer,2.0,1
ORD-103175,12/01/2024,CUST-64661,,Google,Pixel 8 Pro,629.24,1.0,0.07,COD,2.6,1
ORD-100784,05/25/2024,CUST-39717,FRANCE,xiaomi,Redmi 12,1411.0,5.0,0.078,Credit Card,1.6,True
ORD-104057,01/21/2024,CUST-34597,UK,Motorola,Moto G53,1215.18,4.0,0.21,COD,3.4,False
ORD-101409,07/28/2024,CUST-74775,Brazil,OnePlus,OnePlus Nord 3,150.14,3.0,0.133,Bank Transfer,2.3,False
ORD-102537,29-05-2024,CUST-70816,United States,Samsung,Galaxy Z Fold 5,377.06,1.0,1.193,Debit Card,4.9,True
ORD-100154,05/09/2024,CUST-55625,,Motorola,Moto G84,779.78,1.0,0.086,Credit Card,2.4,False
ORD-103009,14-05-2024,CUST-27649,France,Samsung,Galaxy Z Fold 5,536.62,5.0,0.093,,2.3,False
ORD-101686,2023-12-28,CUST-76745,France,samsung,Galaxy S24,199.68,3.0,0.161,Bank Transfer,3.7,False
ORD-102901,04/20/2023,CUST-26018,Brazil,Samsung,Galaxy S23,816.94,3.0,0.045,Credit Card,4.7,False
ORD-104561,2024-02-18,CUST-41446,USA,XIAOMI,POCO F5,1237.98,5.0,0.373,Bank Transfer,3.5,True
ORD-104721,06/21/2022,CUST-34416,India,Apple,iPhone SE,240.72,2.0,0.121,Debit Card,4.2,False
ORD-103863,2023-11-29,CUST-23864,Canada,XIAOMI,POCO F5,1377.86,1.0,,UPI,1.9,0
ORD-102733,27-06-2023,CUST-88080,Japan,XIAOMI,Redmi Note 13,894.27,3.0,0.031,PayPal,2.9,
ORD-101895,12/08/2022,CUST-98788,Australia,Apple,iPhone 15 Pro,-999.0,5.0,0.089,Credit Card,3.2,True
ORD-100569,2022-08-10,CUST-43663,U.S.A,Samsung,Galaxy S23,366.05,2.0,0.257,UPI,3.0,False
ORD-101816,05/24/2022,CUST-49043,india,samsung,Galaxy S23,1410.66,5.0,0.048,PayPal,4.9,1
ORD-102065,07/06/2023,CUST-43578,USA,Apple,iPhone 15 Pro,1294.51,5.0,0.017,COD,4.0,False
ORD-100127,2024-10-30,CUST-98197,Japan,OnePlus,OnePlus Nord 3,819.06,1.0,0.346,,2.6,True
ORD-103394,09-03-2024,CUST-51799,Brazil,samsung,Galaxy S24,1052.94,4.0,0.072,COD,4.6,yes
ORD-103327,14-09-2023,CUST-30781,india,ONEPLUS,OnePlus 11,700.89,2.0,,COD,3.7,yes
ORD-103296,08/25/2023,CUST-38344,India,Xiaomi,POCO F5,,1.0,0.195,COD,1.2,False
ORD-102975,04/08/2024,CUST-16679,Canada,OnePlus,OnePlus Nord 3,1078.09,2.0,0.086,UPI,2.1,True
ORD-100980,,CUST-59849,USA,xiaomi,POCO F5,1100.4,2.0,0.019,UPI,2.4,
ORD-102300,2023-10-11,CUST-61777,USA,google,Pixel 8 Pro,,5.0,0.341,PayPal,1.7,no
ORD-100190,2023-08-24,CUST-69276,Brazil,Samsung,Galaxy A54,1090.57,5.0,0.01,PayPal,1.3,True
ORD-101139,04/25/2022,CUST-52279,Japan,SAMSUNG,Galaxy Z Fold 5,372.48,5.0,0.358,Debit Card,1.7,False
ORD-100699,10/15/2023,CUST-35434,India,xiaomi,Redmi Note 13,391.61,4.0,0.351,Bank Transfer,2.1,False
ORD-104858,05/03/2024,CUST-57563,Canada,Sony,Xperia 10 V,1124.57,3.0,0.199,Debit Card,3.0,False
ORD-100606,02/15/2024,CUST-85961,USA,Apple,iPhone 15,423.64,1.0,0.237,PayPal,2.5,no
ORD-104276,10/23/2024,CUST-72223,Australia,GOOGLE,Pixel 7a,488.11,5.0,0.188,Credit Card,4.7,False
ORD-100301,01/26/2022,CUST-72568,USA,GOOGLE,Pixel 7a,758.43,3.0,0.292,Debit Card,,1
ORD-103420,2022-08-13,CUST-82050,Japan,Motorola,Edge 40 Pro,1410.39,5.0,0.36,Credit Card,2.0,False
ORD-104898,04/27/2023,CUST-89299,UK,,Xperia 1 V,449.94,1.0,0.155,Credit Card,1.2,False
ORD-101060,07-06-2022,CUST-96962,GERMANY,oneplus,OnePlus 12,236.41,3.0,0.137,COD,3.4,False
ORD-102565,2023-07-15,CUST-54064,USA,Apple,iPhone 15,229.63,3.0,0.179,COD,3.4,False
ORD-101977,09-06-2023,CUST-63869,Singapore,Samsung,Galaxy S23,740.52,1.0,0.168,UPI,2.1,0
ORD-101069,11/14/2022,CUST-65300,USA,google,Pixel 7a,505.88,1.0,,PayPal,3.4,yes
ORD-102524,12/08/2024,CUST-77682,INDIA,oneplus,OnePlus 11,685.44,2.0,0.056,COD,2.6,1
ORD-102205,2022-07-10,CUST-97700,France,GOOGLE,Pixel 8 Pro,639.8,4.0,0.255,Bank Transfer,5.0,False
ORD-101243,2024-11-09,CUST-48702,Germany,APPLE,iPhone SE,1405.17,4.0,0.227,Debit Card,3.6,False
ORD-100016,2022-06-04,CUST-84335,France,APPLE,iPhone 15 Pro,809.58,2.0,0.37,UPI,3.2,False
ORD-103120,09-09-2023,CUST-76230,Australia,Google,Pixel 7a,368.19,3.0,0.097,,3.4,False
ORD-104642,12-02-2023,CUST-34346,Australia,Samsung,Galaxy Z Fold 5,821.61,3.0,0.275,COD,2.4,False
ORD-104754,2022-08-16,CUST-61754,Brazil,Google,Pixel 8 Pro,665.53,2.0,0.102,Debit Card,2.5,False
ORD-100815,2023-12-22,CUST-97750,Singapore,Xiaomi,Xiaomi 14,177.56,5.0,0.375,Debit Card,2.1,
ORD-103067,2023-08-18,CUST-40474,Canada,OnePlus,OnePlus 12,628.68,5.0,0.381,Credit Card,4.3,yes
ORD-104862,01/03/2024,CUST-57967,India,google,Pixel 8,1064.26,2.0,0.304,COD,3.7,0
ORD-100959,2024-08-10,CUST-86068,Brazil,,Redmi 12,683.26,2.0,0.014,Debit Card,3.7,False
ORD-100225,09/07/2023,CUST-10448,India,Samsung,Galaxy Z Fold 5,485.7,5.0,0.259,Credit Card,3.5,0
ORD-103354,,CUST-17923,Singapore,XIAOMI,Redmi 12,534.84,-1.0,0.313,COD,3.1,0
ORD-102485,11/20/2023,CUST-20984,USA,GOOGLE,Pixel 7a,1087.64,3.0,0.219,Credit Card,4.6,1
ORD-100562,02/28/2024,CUST-13220,France,Xiaomi,Redmi 12,1480.6,1.0,0.359,UPI,,True
ORD-103436,2023-04-02,CUST-21338,Canada,,Pixel 8,,5.0,0.076,Bank Transfer,4.0,yes
ORD-101693,07/23/2024,CUST-99313,Brazil,apple,iPhone 15,932.17,1.0,0.253,PayPal,2.3,False
ORD-101045,11-08-2022,CUST-52849,Canada,OnePlus,OnePlus Nord 3,1294.11,5.0,0.192,Debit Card,4.9,False
ORD-103446,08-03-2022,CUST-73494,UK,ONEPLUS,OnePlus Nord 3,1468.96,0.0,0.159,Credit Card,1.6,False
ORD-104565,2024-05-11,CUST-49527,U.S.A,google,Pixel 7a,153.27,2.0,0.031,Debit Card,4.0,
ORD-100954,,CUST-22674,USA,Xiaomi,Redmi Note 13,1438.28,1.0,0.281,COD,1.1,no
ORD-100082,14-01-2022,CUST-95130,Brazil,Samsung,Galaxy S23,244.0,3.0,0.354,Debit Card,1.4,False
ORD-102735,09/11/2023,CUST-44805,Australia,Xiaomi,Redmi Note 13,1096.82,3.0,0.297,UPI,1.9,yes
ORD-104982,2022-11-03,CUST-17172,India,Samsung,Galaxy S24,579.15,1.0,0.087,Debit Card,,False
ORD-104735,01/16/2022,CUST-45020,FRANCE,Google,Pixel 8,-999.0,1.0,1.961,Credit Card,3.3,True
ORD-104901,2024-01-04,CUST-75696,Singapore,Samsung,Galaxy S23,487.25,3.0,0.033,UPI,4.8,False
ORD-101218,2024-10-31,CUST-27793,France,XIAOMI,POCO F5,1206.04,1.0,0.313,Debit Card,2.9,True
ORD-101527,,CUST-72442,GERMANY,Samsung,Galaxy A54,1173.8,3.0,0.081,Credit Card,4.8,1
ORD-103987,11/09/2023,CUST-28475,Australia,OnePlus,OnePlus 11,1456.1,4.0,0.398,PayPal,4.1,0
ORD-101300,2023-01-17,CUST-78645,usa,Samsung,Galaxy Z Fold 5,703.07,1.0,0.134,Credit Card,5.0,True
ORD-104970,06/13/2023,CUST-86885,india ,XIAOMI,Redmi 12,738.34,4.0,0.226,UPI,3.6,False
ORD-100160,27-11-2022,CUST-26659,Germany,Apple,iPhone 15 Pro,713.94,2.0,0.141,Bank Transfer,2.7,yes
ORD-104067,2024-05-29,CUST-11770,Australia,SAMSUNG,Galaxy S24,1446.17,2.0,0.307,COD,3.2,False
ORD-100956,20-11-2022,CUST-49722,Inda,Google,Pixel 8 Pro,894.34,2.0,,COD,2.3,False
ORD-103791,22-11-2023,CUST-81287,Brazil,Apple,iPhone SE,214.1,,0.26,Debit Card,5.0,1
ORD-103234,2024-03-13,CUST-18510,Germany,Samsung,Galaxy Z Fold 5,648.8,3.0,0.201,Debit Card,3.3,False
ORD-102869,17-12-2022,CUST-27218,Japan,Apple,iPhone 14,1436.23,5.0,0.045,PayPal,2.6,no
ORD-103777,26-02-2023,CUST-32888,Singapore,,Pixel 8,462.22,3.0,0.017,Credit Card,3.1,yes
ORD-104433,10/01/2022,CUST-54149,germany,Apple,iPhone SE,476.94,4.0,0.133,COD,2.4,1
ORD-102961,07-03-2023,CUST-21662,U.K.,SAMSUNG,,395.02,5.0,0.203,Bank Transfer,1.6,1
ORD-102200,03/09/2022,CUST-41768,France,ONEPLUS,OnePlus 11,763.02,2.0,0.376,Bank Transfer,3.0,False
ORD-100098,09-01-2023,CUST-86579,Australia,Apple,iPhone 15 Pro,874.25,1.0,0.075,PayPal,4.5,False
ORD-102557,10/12/2022,CUST-50990,Brazil,Motorola,Moto G53,1358.99,4.0,0.094,UPI,2.2,True
ORD-103183,29-05-2024,CUST-78288,Brazil,Motorola,Moto G84,246.22,2.0,0.243,,1.0,True
ORD-100253,07/22/2023,CUST-15157,Australia,,Galaxy A54,909.4,1.0,0.099,Debit Card,3.2,no
ORD-103923,2022-02-21,CUST-82615,Singapore,OnePlus,OnePlus 12,1257.3,4.0,0.399,Bank Transfer,1.6,1
ORD-104199,2023-12-31,CUST-46248,germany,oneplus,OnePlus 12,1304.72,1.0,0.236,COD,2.4,False
ORD-101445,11/11/2024,CUST-66005,United States,Sony,Xperia 5 V,196.58,4.0,0.225,Credit Card,4.5,1
ORD-101648,08/26/2023,CUST-96765,Canada,Google,Pixel 7a,1374.06,4.0,0.173,COD,,False
ORD-104682,27-02-2023,CUST-24928,UK,Sony,Xperia 1 V,703.18,1.0,0.173,UPI,4.1,1
ORD-104723,2024-08-28,CUST-84125,France,APPLE,iPhone SE,188.03,3.0,0.13,UPI,4.7,False
ORD-103991,05/01/2023,CUST-18108,India,ONEPLUS,OnePlus Nord 3,1038.38,5.0,0.079,COD,2.8,1
ORD-101696,2023-07-03,CUST-31830,Brazil,Xiaomi,POCO F5,219.87,5.0,0.199,,2.4,1
ORD-103191,,CUST-63080,Japan,samsung,Galaxy Z Fold 5,835.25,1.0,0.352,PayPal,2.8,1
ORD-104499,01-11-2022,CUST-98395,,SAMSUNG,Galaxy Z Fold 5,952.98,,0.325,UPI,,False
ORD-101154,05/09/2023,CUST-59732,UK,google,Pixel 8 Pro,901.65,5.0,0.087,Debit Card,,
ORD-102255,06-10-2022,CUST-94315,Singapore,SAMSUNG,Galaxy S24,1055.06,,0.151,UPI,2.8,False
ORD-101682,03/01/2022,CUST-16775,India,Apple,iPhone 15 Pro,804.59,2.0,0.205,Bank Transfer,3.3,yes
ORD-103170,01/23/2024,CUST-40361,USA,Xiaomi,,99999.0,5.0,0.022,Credit Card,4.7,True
ORD-102056,2023-08-31,CUST-90471,Germany,Sony,Xperia 1 V,447.28,3.0,0.235,COD,2.0,False
ORD-104090,2022-05-05,CUST-29041,USA,GOOGLE,Pixel 8 Pro,850.48,5.0,0.212,UPI,1.7,False
ORD-103108,2024-06-28,CUST-18751,Australia,GOOGLE,Pixel 8 Pro,1451.28,1.0,0.269,PayPal,2.0,False
ORD-104548,02/27/2024,CUST-96371,UK,OnePlus,OnePlus Nord 3,872.57,5.0,0.181,UPI,4.2,yes
ORD-103723,17-12-2024,CUST-99466,Singapore,Samsung,Galaxy S23,1165.81,2.0,0.271,PayPal,3.7,False
ORD-102049,03-08-2024,CUST-42594,UK,Apple,iPhone 15 Pro,1280.08,5.0,0.247,UPI,2.3,0
ORD-103643,04/15/2022,CUST-96036,United States,samsung,Galaxy S23,828.74,3.0,0.201,PayPal,3.7,1
ORD-102024,2024-12-24,CUST-90496,Japan,OnePlus,OnePlus 12,582.5,1.0,0.232,Bank Transfer,4.5,False
ORD-100623,,CUST-40051,Germany,Xiaomi,POCO F5,160.65,4.0,0.258,Debit Card,4.1,False
ORD-100262,02/04/2024,CUST-97737,USA,Sony,Xperia 1 V,614.44,2.0,0.199,COD,3.5,0
ORD-103369,09/16/2022,CUST-27089,Singapore,oneplus,OnePlus 11,583.69,2.0,0.341,Credit Card,4.5,False
ORD-104061,04/14/2023,CUST-27885,Singapore,OnePlus,OnePlus 12,677.08,1.0,0.003,UPI,,False
ORD-101802,08/04/2024,CUST-95695,UK,Apple,iPhone 14,163.41,5.0,0.283,PayPal,3.5,yes
ORD-104736,2023-09-26,CUST-14371,Singapore,Sony,Xperia 10 V,1281.78,1.0,0.345,COD,1.3,1
ORD-104878,29-07-2024,CUST-38814,India,Xiaomi,Redmi Note 13,1342.51,1.0,0.373,Bank Transfer,1.8,no
ORD-102385,08/25/2022,CUST-19982,United Kingdom,APPLE,iPhone SE,337.83,4.0,0.002,Debit Card,4.8,
ORD-101959,10/29/2023,CUST-96530,,Google,Pixel 8,531.14,0.0,0.295,Bank Transfer,2.1,True
ORD-102976,11/11/2024,CUST-83719,Brazil,APPLE,iPhone 15 Pro,1456.81,3.0,0.326,Debit Card,2.5,False
ORD-100488,01-07-2023,CUST-17322,Brazil,xiaomi,Redmi 12,1138.4,4.0,0.043,PayPal,3.9,1
ORD-101843,06-06-2023,CUST-84159,France,Sony,Xperia 10 V,270.88,4.0,0.003,Debit Card,3.4,
ORD-101734,2023-09-18,CUST-89053,Canada,Apple,iPhone 15 Pro,518.08,4.0,0.169,PayPal,3.4,False
ORD-102911,28-01-2023,CUST-33476,Germany,Samsung,Galaxy S23,627.73,4.0,0.212,Bank Transfer,4.1,False
ORD-103219,05-12-2022,CUST-22536,Japan,google,Pixel 8 Pro,630.9,1.0,0.066,PayPal,1.3,True
ORD-100146,30-08-2023,CUST-75539,Germany,Apple,iPhone 14,660.56,4.0,0.371,Bank Transfer,3.8,False
ORD-101986,10/14/2024,CUST-90297,Singapore,OnePlus,OnePlus 11,569.83,4.0,0.131,Debit Card,1.3,yes
ORD-101369,12/13/2024,CUST-74144,Brazil,APPLE,iPhone 14,687.2,3.0,0.387,COD,2.3,True
ORD-102811,01-08-2024,CUST-54774,Singapore,Apple,iPhone 15,1484.29,3.0,0.068,PayPal,3.4,1
ORD-100659,2022-08-24,CUST-31502,Japan,,OnePlus Nord 3,446.26,3.0,0.164,,1.0,False
ORD-101794,2023-07-23,CUST-62005,France,Sony,Xperia 1 V,889.87,1.0,0.013,Credit Card,4.4,False
ORD-102511,12/17/2022,CUST-73058,Australia,,Galaxy S23,1038.99,2.0,0.06,Credit Card,4.5,1
ORD-103397,2022-12-07,CUST-47244,Brazil,Apple,iPhone 14,1031.96,5.0,,Debit Card,2.7,False
ORD-104282,,CUST-53484,India,OnePlus,OnePlus 11,418.2,2.0,0.126,UPI,4.7,False
ORD-101147,2024-10-14,CUST-41648,france,google,Pixel 8 Pro,265.64,5.0,0.15,COD,2.1,1
ORD-103272,09-08-2023,CUST-26582,Canada,GOOGLE,Pixel 7a,358.98,5.0,0.194,UPI,4.3,False
ORD-100608,2024-05-11,CUST-95385,USA,samsung,Galaxy S23,1092.42,1.0,0.092,COD,4.7,False
ORD-103582,04/19/2024,CUST-14067,Australia,Google,Pixel 8,1473.0,2.0,0.352,Bank Transfer,2.6,True
ORD-101930,05/07/2022,CUST-74765,USA,apple,iPhone 15,1304.16,3.0,0.24,COD,2.1,True
ORD-100197,19-11-2023,CUST-30319,Singapore,Apple,iPhone 14,753.81,1.0,0.233,UPI,2.9,0
ORD-102931,2024-03-18,CUST-41462,uk,ONEPLUS,OnePlus Nord 3,1116.29,5.0,0.398,UPI,3.9,1
ORD-102327,30-08-2024,CUST-17893,UK,OnePlus,OnePlus 12,1434.83,4.0,0.212,Bank Transfer,1.4,yes
ORD-104389,10/24/2022,CUST-60856,Brazil,Sony,Xperia 1 V,596.55,4.0,0.122,PayPal,5.0,False
ORD-100766,06/25/2024,CUST-90666,Australia,Sony,Xperia 10 V,254.1,,0.199,PayPal,1.9,False
ORD-104496,30-04-2024,CUST-61432,India,google,Pixel 7a,1398.21,2.0,0.359,Bank Transfer,2.2,False
ORD-104218,06/05/2022,CUST-37357,INDIA,oneplus,OnePlus Nord 3,974.75,5.0,0.108,UPI,1.6,0
ORD-103255,,CUST-14755,UK,OnePlus,OnePlus 12,99999.0,5.0,0.307,Debit Card,4.9,False
ORD-100202,,CUST-13052,Canada,OnePlus,OnePlus 11,1104.03,5.0,0.07,COD,2.4,yes
ORD-103510,2023-07-08,CUST-68748,Germany,Apple,iPhone 15 Pro,543.36,5.0,0.225,PayPal,4.3,True
ORD-101733,03/22/2022,CUST-29380,Singapore,xiaomi,POCO F5,1197.11,1.0,0.216,UPI,1.5,True
ORD-102777,09/04/2022,CUST-17034,Australia,apple,iPhone 15 Pro,588.75,5.0,0.087,Debit Card,2.9,False
ORD-101707,2024-02-10,CUST-33413,USA,OnePlus,,433.19,5.0,0.139,COD,1.3,False
ORD-103474,2023-03-05,CUST-32027,france,XIAOMI,POCO F5,1263.6,1.0,0.374,UPI,4.6,yes
ORD-100854,05/09/2023,CUST-68205,Brazil,,OnePlus Nord 3,928.19,5.0,0.082,UPI,3.9,False
ORD-104737,09/18/2024,CUST-51716,UK,xiaomi,Xiaomi 14,964.46,5.0,0.247,Debit Card,2.2,False
ORD-104097,22-05-2022,CUST-76010,Brazil,Apple,iPhone 15,968.44,2.0,0.33,Debit Card,3.3,1
ORD-102160,2024-03-28,CUST-25458,USA,Sony,Xperia 5 V,1220.09,2.0,0.123,Bank Transfer,1.6,no
ORD-100698,07/06/2023,CUST-34597,India,Apple,iPhone 15 Pro,553.37,2.0,0.211,COD,2.4,yes
ORD-100847,18-02-2022,CUST-80955,Germany,XIAOMI,POCO F5,0.0,4.0,0.17,Credit Card,2.2,0
ORD-102999,10/12/2024,CUST-72083,USA,Samsung,Galaxy S23,537.84,4.0,0.103,Credit Card,1.1,False
ORD-103696,2022-10-31,CUST-85645,UK,APPLE,iPhone 15,1412.69,2.0,0.277,Debit Card,1.0,True
ORD-101636,05/08/2024,CUST-13119,Japan,Xiaomi,POCO F5,903.29,4.0,0.035,Credit Card,1.8,no
ORD-103457,,CUST-95181,India,Xiaomi,POCO F5,,1.0,0.362,Debit Card,4.8,0
ORD-103581,12/30/2024,CUST-64537,Brazil,XIAOMI,POCO F5,433.59,3.0,0.166,Debit Card,4.0,1
ORD-101291,01/18/2024,CUST-41206,Singapore,Motorola,Edge 40 Pro,1042.09,2.0,0.1,UPI,1.9,1
ORD-104659,09/29/2024,CUST-25113,France,APPLE,iPhone 14,193.85,1.0,0.369,UPI,1.3,yes
ORD-101853,06-05-2023,CUST-21743,Australia,OnePlus,OnePlus 11,0.0,0.0,0.376,Credit Card,4.2,False
ORD-103763,21-10-2024,CUST-24979,France,Samsung,Galaxy S23,0.0,3.0,0.136,COD,3.7,False
ORD-103304,05/31/2022,CUST-29360,USA,Samsung,,822.76,1.0,0.15,Debit Card,3.8,True
ORD-104991,2023-09-29,CUST-78506,Singapore,Google,Pixel 8 Pro,483.5,5.0,,COD,3.6,1
ORD-103743,09/09/2024,CUST-78714,germany,XIAOMI,Xiaomi 14,260.4,3.0,0.054,COD,4.3,False
ORD-103445,2024-09-09,CUST-89885,USA,Xiaomi,Xiaomi 14,1314.6,1.0,0.088,UPI,4.0,False
ORD-101998,09/08/2022,CUST-75898,India,Apple,iPhone 15 Pro,954.06,3.0,0.297,COD,4.7,False
ORD-100663,2024-07-13,CUST-65662,Brazil,Xiaomi,Redmi 12,676.73,2.0,0.119,UPI,1.1,0
ORD-104779,2022-04-30,CUST-53413,USA,apple,iPhone 14,1158.67,5.0,0.207,Debit Card,3.0,yes
ORD-103748,2022-06-18,CUST-72477,Singapore,apple,iPhone 15,713.55,4.0,0.389,Credit Card,5.0,False
ORD-104413,02-09-2022,CUST-41541,Japan,Xiaomi,Redmi 12,547.59,,0.15,Bank Transfer,1.5,False
ORD-104744,08/11/2024,CUST-21207,UK,Apple,iPhone 15 Pro,553.03,2.0,0.138,Credit Card,3.5,False
ORD-100709,07/28/2022,CUST-74180,USA,APPLE,iPhone 15,1382.88,4.0,0.194,,2.4,1
ORD-101282,2022-07-07,CUST-48822,U.S.A,Apple,iPhone SE,1394.26,3.0,0.227,UPI,1.9,True
ORD-102675,2023-02-20,CUST-67873,France,google,Pixel 8 Pro,1339.7,1.0,0.299,UPI,1.8,True
ORD-104029,09-05-2022,CUST-97695,UK,Apple,iPhone 15 Pro,1157.03,5.0,0.382,UPI,3.0,1
ORD-101306,2024-10-19,CUST-50696,,SAMSUNG,Galaxy S23,627.05,3.0,0.085,UPI,2.4,
ORD-102237,19-02-2023,CUST-46060,Japan,apple,iPhone 14,161.65,5.0,0.313,Bank Transfer,1.6,1
ORD-103302,2022-11-29,CUST-32229,Australia,Motorola,Moto G84,994.0,1.0,0.296,Bank Transfer,,True
ORD-102038,05/14/2024,CUST-12243,Australia,Google,Pixel 7a,154.09,4.0,0.125,Credit Card,1.9,1
ORD-101529,05/16/2023,CUST-50923,Australia,,iPhone 14,867.5,4.0,0.258,COD,2.2,0
ORD-101663,06/30/2023,CUST-46330,France,Sony,Xperia 10 V,988.46,5.0,0.236,Bank Transfer,4.1,True
ORD-103110,15-04-2023,CUST-96254,Australia,Samsung,Galaxy S23,235.88,5.0,0.197,COD,4.1,False
ORD-102948,03-06-2022,CUST-47283,Australia,xiaomi,Xiaomi 14,490.42,2.0,0.009,PayPal,2.1,
ORD-103627,2022-07-19,CUST-63496,India,APPLE,iPhone 15,839.29,4.0,0.002,Bank Transfer,2.5,False
ORD-104891,05-04-2024,CUST-21990,USA,ONEPLUS,OnePlus 12,-999.0,1.0,0.306,COD,2.5,yes
ORD-102693,05/08/2024,CUST-66274,UK,GOOGLE,Pixel 8 Pro,824.84,-1.0,0.295,Bank Transfer,4.7,no
ORD-103060,05/18/2024,CUST-34810,India,Xiaomi,Redmi 12,611.15,2.0,,COD,4.3,
ORD-101597,2023-11-29,CUST-83066,Japan,SAMSUNG,Galaxy S24,850.47,3.0,0.263,Bank Transfer,3.3,True
ORD-102729,12/26/2024,CUST-26619,France,Apple,iPhone 15 Pro,1191.73,5.0,0.11,PayPal,2.4,0
ORD-102625,19-02-2023,CUST-15265,UK,Samsung,Galaxy S23,1007.7,5.0,0.392,Credit Card,3.3,False
ORD-103157,05-12-2024,CUST-52536,Germany,OnePlus,OnePlus 11,380.74,5.0,0.274,Credit Card,2.3,1
ORD-103314,2022-04-26,CUST-86212,Canada,oneplus,OnePlus 12,926.38,4.0,0.07,UPI,2.0,False
ORD-101722,2024-02-21,CUST-34753,Brazil,Apple,iPhone SE,711.53,3.0,0.07,PayPal,1.6,True
ORD-101059,08/11/2022,CUST-43434,UK,OnePlus,OnePlus Nord 3,1080.88,4.0,0.184,Debit Card,2.3,False
ORD-104636,,CUST-98610,,oneplus,OnePlus 11,1336.83,5.0,0.191,Bank Transfer,3.9,False
ORD-103242,16-07-2022,CUST-86816,Japan,ONEPLUS,OnePlus Nord 3,883.06,2.0,0.223,Debit Card,1.2,False
ORD-101678,05-07-2023,CUST-55780,Singapore,Apple,iPhone SE,1416.31,1.0,0.273,Credit Card,1.1,False
ORD-101757,2022-03-14,CUST-57383,India,OnePlus,OnePlus Nord 3,902.56,5.0,0.321,Bank Transfer,2.3,yes
ORD-104191,07/07/2022,CUST-66632,Germany,Motorola,Moto G53,478.59,5.0,0.129,,3.9,0
ORD-100563,28-05-2022,CUST-15866,Japan,OnePlus,OnePlus Nord 3,1290.14,5.0,0.043,PayPal,2.7,False
ORD-102790,09/02/2024,CUST-53748,Australia,GOOGLE,Pixel 8 Pro,302.08,3.0,0.314,PayPal,4.1,no
ORD-100863,15-09-2023,CUST-37121,Germany,Apple,iPhone SE,157.09,3.0,0.378,PayPal,2.5,False
ORD-101484,09/01/2022,CUST-23086,Germany,Sony,,799.98,4.0,0.09,Bank Transfer,2.4,False
ORD-100206,2023-07-29,CUST-74211,Brazil,ONEPLUS,OnePlus 11,1148.76,5.0,0.251,COD,3.7,False
ORD-104488,14-06-2023,CUST-59936,USA,xiaomi,POCO F5,1355.35,3.0,0.003,Bank Transfer,1.2,yes
ORD-100870,27-02-2022,CUST-91316,UK,Apple,iPhone 14,166.01,,0.137,Bank Transfer,1.9,True
ORD-104493,05/07/2023,CUST-70792,Australia,APPLE,iPhone SE,727.03,1.0,0.088,Bank Transfer,1.1,no
ORD-100502,2024-05-12,CUST-31711,France,Google,Pixel 7a,1002.92,3.0,0.222,Credit Card,2.6,False
ORD-101028,10/13/2023,CUST-52011,Australia,Xiaomi,Redmi 12,1024.42,5.0,0.165,COD,2.8,1
ORD-103840,2024-01-19,CUST-84132,Brazil,Google,Pixel 8 Pro,173.81,4.0,0.178,COD,1.6,1
ORD-102690,21-02-2023,CUST-84294,,OnePlus,OnePlus 12,1396.56,1.0,0.293,Credit Card,4.9,False
ORD-101570,2024-02-23,CUST-34265,Japan,oneplus,OnePlus 12,193.35,2.0,0.131,PayPal,2.9,True
ORD-102773,21-04-2023,CUST-37427,India,google,,692.07,1.0,0.358,Credit Card,3.5,True
ORD-102731,04-07-2022,CUST-49353,Australia,Google,,929.38,3.0,0.016,Debit Card,2.8,1
ORD-100804,2024-07-09,CUST-66722,Germany,GOOGLE,Pixel 8,819.6,1.0,0.343,Credit Card,4.4,yes
ORD-103645,,CUST-88162,germany,google,Pixel 8 Pro,1051.01,4.0,0.067,PayPal,1.6,0
ORD-102454,11/17/2022,CUST-12425,Brazil,Xiaomi,Redmi 12,159.58,4.0,0.191,UPI,5.4,False
ORD-104598,12/01/2022,CUST-36894,USA,OnePlus,OnePlus 12,663.07,5.0,1.129,Bank Transfer,2.8,True
ORD-103104,04/14/2023,CUST-24984,Brazil,samsung,,,5.0,0.221,UPI,1.4,0
ORD-104875,18-10-2023,CUST-15391,Singapore,samsung,Galaxy A54,462.53,4.0,0.114,Debit Card,2.0,False
ORD-100200,04/07/2024,CUST-55694,Japan,Xiaomi,POCO F5,483.79,5.0,0.091,PayPal,5.0,1
ORD-103099,2022-12-13,CUST-19130,GERMANY,Google,Pixel 8 Pro,549.63,2.0,0.042,PayPal,4.6,0
ORD-102278,20-07-2024,CUST-32297,USA,,Xperia 1 V,163.62,4.0,0.381,COD,4.4,False
ORD-103561,08/06/2024,CUST-81707,Singapore,Xiaomi,Xiaomi 14,708.38,5.0,0.07,PayPal,1.9,yes
ORD-104474,06/06/2022,CUST-36390,India,samsung,Galaxy Z Fold 5,192.22,5.0,0.302,Credit Card,2.9,1
ORD-104514,10-03-2024,CUST-36666,France,OnePlus,OnePlus Nord 3,495.35,4.0,0.249,UPI,1.3,True
ORD-100391,2024-04-20,CUST-44053,USA,Motorola,Moto G53,937.71,3.0,0.105,Bank Transfer,3.2,0
ORD-101495,12-11-2024,CUST-87736,Australia,Xiaomi,Redmi Note 13,692.46,4.0,0.33,Bank Transfer,1.2,True
ORD-102695,2023-04-17,CUST-92910,Australia,google,Pixel 8,743.03,3.0,0.243,PayPal,1.1,False
ORD-102027,06/30/2024,CUST-81397,Germany,APPLE,iPhone SE,1083.09,3.0,0.218,Debit Card,1.2,False
ORD-102568,26-01-2024,CUST-45681,UK,Xiaomi,POCO F5,285.98,2.0,0.262,Debit Card,1.7,no
ORD-100064,2024-07-04,CUST-87507,Australia,GOOGLE,Pixel 7a,1471.94,5.0,0.158,UPI,3.4,True
ORD-103884,03/30/2022,CUST-79845,Japan,apple,iPhone 15,333.29,3.0,0.096,COD,,False
ORD-102062,2022-07-19,CUST-24308,Germany,,Galaxy Z Fold 5,1033.66,3.0,0.137,Debit Card,2.4,False
ORD-100492,12-12-2023,CUST-36192,France,Samsung,Galaxy S24,722.7,4.0,0.34,UPI,3.9,False
ORD-100379,16-12-2024,CUST-37614,Singapore,google,Pixel 8 Pro,794.96,5.0,0.022,Credit Card,1.9,0
ORD-104859,09/01/2022,CUST-53620,india ,samsung,Galaxy A54,217.23,4.0,0.013,COD,4.6,True
ORD-103993,05/09/2023,CUST-31797,Brazil,apple,iPhone 15,201.09,1.0,,Credit Card,4.0,yes
ORD-104887,08/23/2022,CUST-79995,Germany,GOOGLE,Pixel 7a,1083.44,5.0,0.031,COD,3.6,False
ORD-101076,16-09-2023,CUST-99610,germany,oneplus,OnePlus 12,,1.0,0.246,Debit Card,1.1,False
ORD-100878,0000-00-00,CUST-30123,USA,oneplus,OnePlus 12,1219.7,1.0,0.237,COD,3.4,no
ORD-100337,12/31/2023,CUST-70816,Canada,oneplus,OnePlus Nord 3,1041.78,2.0,0.222,UPI,2.2,False
ORD-101016,16-09-2024,CUST-18141,Japan,Xiaomi,Xiaomi 14,883.92,3.0,0.221,COD,4.4,False
ORD-101275,2022-07-16,CUST-26675,Japan,OnePlus,OnePlus Nord 3,301.6,2.0,,COD,1.6,False
ORD-103798,09/09/2023,CUST-36068,germany,google,Pixel 8 Pro,333.95,4.0,0.135,UPI,4.2,False
ORD-104551,02/18/2023,CUST-49570,France,Apple,iPhone 15,1435.05,5.0,0.329,Bank Transfer,1.7,False
ORD-103342,08/17/2024,CUST-34186,UK,samsung,Galaxy Z Fold 5,314.91,,0.093,Credit Card,3.2,
ORD-104911,08/16/2022,CUST-82651,Japan,OnePlus,OnePlus 12,628.63,999.0,0.228,Credit Card,5.0,1
ORD-100995,05/09/2022,CUST-36528,USA,GOOGLE,Pixel 7a,1224.72,3.0,0.022,Bank Transfer,3.3,1
ORD-101981,07/07/2024,CUST-91025,U.K.,GOOGLE,Pixel 7a,698.05,1.0,0.193,Credit Card,1.1,True
ORD-104297,10-03-2023,CUST-94739,USA,OnePlus,OnePlus Nord 3,1132.74,2.0,0.028,PayPal,3.4,False
ORD-100161,12/01/2024,CUST-55240,Canada,google,Pixel 8,860.71,4.0,0.234,Bank Transfer,4.7,1
ORD-104798,2024-12-22,CUST-93654,Brazil,Sony,Xperia 5 V,1327.26,4.0,0.201,UPI,4.1,False
ORD-101500,2022-07-04,CUST-27754,GERMANY,OnePlus,OnePlus Nord 3,1085.1,2.0,0.333,,4.2,False
ORD-103843,2022-01-29,CUST-55557,Japan,Apple,iPhone SE,1181.42,1.0,0.364,COD,1.3,True
ORD-102613,06/19/2024,CUST-46057,India,Apple,iPhone SE,1346.09,5.0,0.164,Credit Card,2.0,1
ORD-103461,01/20/2022,CUST-95953,Canada,OnePlus,OnePlus Nord 3,684.18,2.0,,PayPal,2.7,0
ORD-101021,22-07-2022,CUST-14350,U.K.,apple,iPhone 15,972.24,3.0,0.281,Debit Card,3.7,False
ORD-103073,16-10-2022,CUST-49797,India,Google,Pixel 7a,1463.87,1.0,0.317,COD,1.2,
ORD-103943,06-02-2023,CUST-57570,India,Samsung,Galaxy S24,256.35,4.0,0.093,Credit Card,3.5,False
ORD-101585,02/06/2024,CUST-95793,germany,OnePlus,OnePlus 12,1312.12,5.0,0.157,Bank Transfer,3.0,yes
ORD-101955,06/24/2022,CUST-25048,Australia,XIAOMI,Redmi Note 13,892.17,3.0,0.157,Debit Card,5.0,True
ORD-103152,02/20/2023,CUST-92600,Australia,Apple,iPhone 15,1369.52,1.0,0.141,PayPal,4.9,False
ORD-100034,11/18/2023,CUST-32903,Canada,apple,iPhone 15,930.31,2.0,0.059,PayPal,2.6,False
ORD-104014,02-04-2024,CUST-24634,Australia,Samsung,Galaxy S24,1057.48,3.0,0.0,Debit Card,3.2,False
ORD-100775,01/13/2022,CUST-45789,Brazil,Apple,iPhone 14,323.66,4.0,0.255,PayPal,2.8,False
ORD-102556,06/26/2024,CUST-17240,India,Apple,iPhone 15,962.12,5.0,0.36,Debit Card,2.2,False
ORD-101478,2022-12-17,CUST-97691,Singapore,OnePlus,OnePlus Nord 3,741.36,4.0,0.174,PayPal,1.2,yes
ORD-101363,12-07-2023,CUST-12693,Singapore,Motorola,Moto G53,945.4,3.0,0.078,PayPal,1.9,False
ORD-102612,08/02/2023,CUST-71289,india,google,Pixel 7a,480.81,4.0,0.083,Credit Card,3.0,1
ORD-102824,11/22/2022,CUST-51586,USA,Google,Pixel 8,1055.98,2.0,0.312,Debit Card,1.6,no
ORD-102041,23-02-2023,CUST-75544,USA,Google,Pixel 8,1027.95,3.0,0.379,UPI,2.8,True
ORD-100241,2022-06-26,CUST-19129,Canada,OnePlus,OnePlus 11,1434.57,2.0,0.238,UPI,3.8,False
ORD-102061,05/07/2024,CUST-35979,Germany,GOOGLE,Pixel 8 Pro,997.42,1.0,0.112,Credit Card,4.5,True
ORD-102363,12/15/2022,CUST-49870,India,samsung,Galaxy A54,333.87,5.0,0.202,COD,3.6,False
ORD-100600,12/04/2024,CUST-24931,Japan,apple,iPhone 14,686.13,2.0,0.284,COD,4.8,True
ORD-102435,04-08-2024,CUST-47873,USA,Apple,iPhone 15,951.75,,0.306,Credit Card,3.3,0
ORD-102888,05/29/2023,CUST-28017,UK,Sony,Xperia 5 V,662.59,3.0,0.202,PayPal,3.7,False
ORD-100646,11-10-2023,CUST-77879,,ONEPLUS,OnePlus 12,1041.06,4.0,0.161,PayPal,4.4,1
ORD-103890,05/17/2024,CUST-22956,Singapore,Sony,Xperia 1 V,1085.22,1.0,0.03,COD,,False
ORD-103556,2023-10-19,CUST-85189,Germany,ONEPLUS,OnePlus 11,610.37,5.0,0.035,Debit Card,2.4,yes
ORD-103202,2022-07-12,CUST-79594,Australia,Sony,Xperia 10 V,1207.2,,0.382,COD,1.7,True
ORD-101528,2023-12-25,CUST-23078,india,Sony,Xperia 10 V,594.16,1.0,0.369,Debit Card,5.0,no
ORD-101267,2023-02-05,CUST-63006,France,google,Pixel 7a,510.37,5.0,0.076,UPI,1.7,True
ORD-101899,10-11-2022,CUST-80041,India,XIAOMI,Redmi 12,1449.2,3.0,0.38,Credit Card,3.3,no
ORD-104658,22-04-2023,CUST-27786,Japan,Sony,Xperia 1 V,705.5,1.0,0.227,Credit Card,1.1,False
ORD-103005,05-12-2023,CUST-62148,india,Motorola,Moto G84,443.97,5.0,0.164,Credit Card,3.0,0
ORD-102734,10-02-2023,CUST-16938,France,xiaomi,Xiaomi 14,1150.8,,0.228,Bank Transfer,4.2,False
ORD-100189,27-06-2022,CUST-54934,Singapore,Sony,Xperia 1 V,847.37,1.0,0.017,COD,3.6,True
ORD-101806,07/20/2024,CUST-95837,Germany,Sony,Xperia 5 V,541.54,4.0,0.379,Bank Transfer,3.8,0
ORD-100975,,CUST-20663,India,GOOGLE,Pixel 8,277.82,1.0,0.113,COD,1.7,True
ORD-102747,04/15/2022,CUST-35284,Canada,Sony,Xperia 5 V,217.54,4.0,0.381,Debit Card,1.1,True
ORD-102047,12/14/2022,CUST-84182,France,Google,Pixel 8 Pro,810.76,4.0,0.16,PayPal,4.8,False
ORD-102558,03/20/2023,CUST-16738,Japan,samsung,Galaxy S23,991.48,4.0,0.316,Debit Card,3.5,
ORD-101082,17-11-2024,CUST-68086,Brazil,apple,iPhone 15 Pro,211.73,4.0,0.258,Credit Card,3.2,False
ORD-100474,24-05-2022,CUST-47935,Singapore,Google,Pixel 8,362.59,2.0,0.276,Bank Transfer,3.1,False
ORD-102904,09/26/2023,CUST-77520,India,oneplus,OnePlus Nord 3,324.75,5.0,0.386,Bank Transfer,1.3,False
ORD-104843,12-09-2022,CUST-91119,India,apple,iPhone 15,217.64,5.0,0.368,Debit Card,2.2,yes
ORD-104117,2024-09-28,CUST-90142,Brazil,APPLE,iPhone 15,676.75,2.0,0.186,Bank Transfer,4.6,False
ORD-103385,2022-02-20,CUST-59468,germany,OnePlus,OnePlus 12,1165.96,1.0,0.271,Debit Card,2.5,False
ORD-104555,2022-06-23,CUST-94252,UK,XIAOMI,POCO F5,527.1,2.0,0.145,UPI,,yes
ORD-101184,12/17/2022,CUST-53034,France,Samsung,Galaxy A54,1119.81,1.0,0.001,Bank Transfer,3.8,False
ORD-103245,2024-04-29,CUST-10382,India,Xiaomi,Redmi 12,536.83,3.0,0.301,,4.5,no
ORD-102433,05/23/2023,CUST-82318,UK,OnePlus,OnePlus Nord 3,268.03,3.0,0.368,COD,4.4,False
ORD-102391,2024-03-18,CUST-77106,UK,GOOGLE,Pixel 8,323.68,1.0,0.073,Credit Card,1.1,1
ORD-100769,2023-12-30,CUST-61102,USA,samsung,Galaxy S23,421.3,1.0,0.259,COD,3.0,False
ORD-101685,02-08-2022,CUST-36378,India,google,Pixel 8,1459.75,1.0,0.255,Bank Transfer,2.5,0
ORD-100130,2024-10-11,CUST-71020,Australia,ONEPLUS,OnePlus 11,312.14,1.0,0.053,Bank Transfer,,0
ORD-102919,08/17/2022,CUST-42123,UK,oneplus,OnePlus 12,223.75,3.0,0.035,Credit Card,4.9,False
ORD-103171,20-01-2023,CUST-58412,United Kingdom,SAMSUNG,Galaxy S23,615.94,2.0,0.348,PayPal,4.2,False
ORD-103444,23-06-2024,CUST-93912,UK,Samsung,Galaxy Z Fold 5,528.29,,0.082,Credit Card,3.6,True
ORD-104426,01-08-2023,CUST-44108,USA,Motorola,Moto G53,518.56,3.0,0.026,UPI,1.3,0
ORD-100466,2023-08-06,CUST-85947,,,Xperia 5 V,,1.0,0.338,,1.6,1
ORD-103092,19-06-2024,CUST-59346,France,Sony,Xperia 10 V,623.2,4.0,0.215,UPI,4.3,True
ORD-103772,02-05-2023,CUST-74897,Japan,OnePlus,OnePlus Nord 3,282.94,1.0,0.363,Credit Card,1.3,yes
ORD-100860,21-05-2022,CUST-24012,Canada,apple,iPhone 15 Pro,340.96,4.0,0.284,PayPal,4.9,True
